Moisture (14%),Foreign Matter (0.5%),Broken (25%),Red & Chalky grains (7%),Damaged Grain (2%),Discolored grain (2%),Final Value,Grade
12,0.1,11.3,6.1,1.6,1.2,7.904,A
13,0,14.67,6.7,1.4,1.9,8.797,A
10.8,0,13.5,5.4,1.9,1.4,7.46,A
10.5,0,17.2,5.4,1.5,1.5,7.66,A
11.2,0.3,18.3,4.8,1.6,1.4,8.122,A
11.5,0,19.65,4.5,1.2,1.7,8.305,A
11.6,0,19.2,4.3,1.9,1.3,8.316,A
10.8,0.4,18.42,4.5,1.6,1.5,7.928,A
10.5,0.1,17.9,4.9,1.4,1.2,7.682,A
11,0.2,15,4,1.7,1.2,7.59,A
11.6,0.2,20.25,5.6,0.9,1.6,8.543,A
11.7,0.3,20.18,5.4,1.6,1.5,8.624,A
11.8,0.3,19.28,4.9,1.7,1.5,8.54,A
10.9,0.2,19.17,5,1.6,1.6,8.067,A
11.2,0.1,18.99,5.2,1.7,1.4,8.197,A
11.4,0.2,19.2,5.1,1.6,1.6,8.33,A
11.8,0.2,19.2,4.7,1.6,1.5,8.486,A
11.6,0.2,18.5,4.2,1.8,1.2,8.266,A
11.5,0.2,17.87,4.5,1.5,1.6,8.181,A
11.2,0.1,19.2,5,1.3,1.9,8.194,A
11.5,0.2,18.7,5.2,1.9,1.5,8.354,A
11.8,0.3,20.35,4.9,1.4,1.4,8.625,A
11.7,0.3,19.27,5.2,1.2,1.5,8.489,A
11.4,0.4,20.18,5.1,1.6,1.8,8.476,A
12.6,0.2,25,4.8,1.2,1.2,9.44,B
12.1,0.3,25,5.2,1,1.6,9.254,A
12.1,0.4,25,5.6,1.2,1.2,9.31,B
12.2,0.4,20.2,5.2,1.6,1.2,8.864,A
12.6,0.1,20.4,4.8,1.6,1.9,9.012,A
12.2,0.1,15.1,4.5,1.2,0.9,8.188,A
12.5,0.4,25,4.8,1.8,1.9,9.494,B
12.6,0.4,25,5.2,1.8,1.3,9.56,B
12,0.4,20.6,5.8,1.6,1.5,8.876,A
12,0.4,20.7,4.5,1.3,0.4,8.694,A
12.2,0.4,20,5.8,1.4,1.4,8.9,A
11.7,0.1,20.46,3.8,1.5,1.7,8.454,A
12.4,0.4,25,5.2,1.2,1.8,9.444,B
12.5,0.3,24.2,4.8,1.3,1.4,9.344,B
11.7,0.2,24.6,3.6,1.1,1.6,8.84,A
13.3,0.2,23.5,7.8,1.1,1.5,9.946,C
13.4,0.1,25,4.6,1.6,1.9,9.852,B
13.9,0.4,24.85,5.8,1.5,1.5,10.245,C
13.9,0.4,24.86,5.6,1.4,1.4,10.216,C
13.6,0.1,22.2,4.8,1.8,1.8,9.7,B
12.9,0.4,24.3,5.2,1.9,1.3,9.646,B
11.9,0.3,24.3,5.2,1.5,1.5,9.11,A
11.9,0.4,24.1,4.9,1.2,1.6,9.066,A
13.1,0.2,22.8,5.1,1.6,1.9,9.552,B
12.6,0.1,23.3,5.1,1.6,1.6,9.32,B
12.4,0.4,22,5.2,1.2,1.5,9.132,A
13.2,0.2,20.3,5.8,1.3,1.5,9.388,B
13.2,0.3,23.7,5.2,1.4,1.6,9.698,B
13.1,0.3,21.8,5.2,1.5,1.1,9.444,B
13.7,0.4,22.4,5.6,1.2,1.6,9.866,B
13.2,0.2,23.8,5.3,1.2,1.5,9.682,B
13.2,0.3,22.9,5.4,1.6,1.2,9.634,B
13.2,0.4,23.7,5.6,1.4,1.6,9.758,B
13.4,0.1,23,3.2,1.5,1.9,9.506,B
13.3,0.3,23.1,3.1,1.3,1.5,9.468,B
13.2,0.2,23.7,3.8,1.4,1.4,9.53,B
13.5,0.2,21.9,3.8,1.2,1.5,9.492,B
13.4,0.1,22.3,3.8,1.6,1.8,9.498,B
13.3,0.1,20.1,3.8,1.6,1.2,9.204,A
13.3,0.2,22.1,3.1,1.3,1.6,9.352,B
13.1,0.2,23.2,4.3,1.2,1.2,9.46,B
13.2,0.1,23.1,4.6,1.4,1.2,9.522,B
12.2,0.3,24.1,4.1,1.2,1.4,9.108,A
13.9,0.3,23.1,3.7,1.5,1.8,9.852,B
12.5,0.1,23,3.8,1.9,1.9,9.14,A
13.8,0.3,19.7,4.3,1.4,1.3,9.496,B
13.9,0.2,21.4,3.9,1.5,1.5,9.67,B
14,0.2,24.4,4.3,1.2,1.6,10.046,C
12.4,0.1,24.1,4.4,1.5,1.4,9.216,A
14,0.3,23.2,3.7,1.4,1.7,9.902,C
14,0.2,23.7,3.5,1.5,1.6,9.914,C
13.9,0.4,21.8,4.7,1.6,1.3,9.828,B
12.5,0.4,22.9,4.1,1.2,1.5,9.162,A
11.9,0.4,23.3,5.2,1.3,1.2,9.006,A
13.6,0.1,24.2,5.8,1.2,1.8,9.964,C
13.6,0.1,23.7,5.7,1.8,1.3,9.92,C
12.9,0.2,22.7,4.2,1.2,1.6,9.316,B
13.5,0.2,24.3,5.2,1.7,1.4,9.898,C
14,0,24.3,5.6,1.9,1.4,10.16,C
13.6,0.3,24.1,5.3,1.2,1.9,9.948,C
13.2,0.1,22.8,5.4,1.4,1.3,9.576,B
13.5,0.1,23.3,5.6,1.5,1.6,9.814,B
13.5,0.3,23.7,3.2,0.3,1.8,9.59,B
13.1,0.1,20.3,3.1,0.5,1.9,9.016,A
13.9,0.2,23.7,3.8,0.2,1.5,9.812,B
13,0.4,21.8,5.2,0.8,1.9,9.404,B
13.8,0.1,22.4,5.6,0.3,1.9,9.814,B
13,0.1,23.8,5.3,0.6,1.5,9.526,B
13.8,0.5,23.7,5.4,0.4,1.4,9.99,C
13,0.3,24.2,5.6,0.4,1.4,9.62,B
13.9,0.2,23.7,3.2,0.9,1.6,9.798,B
12.9,0.2,22.7,4.1,0.3,1.5,9.248,A
13.9,0,24.3,3.8,0.6,1.9,9.872,B
13,0,24.3,5.6,0.8,1.5,9.598,B
13.8,0,24.1,5.4,0.9,1.4,9.96,C
12.7,0,22.8,3.8,0.5,1.8,9.112,A
13.8,0.1,23.3,3.1,0.9,1.3,9.666,B
12.8,0.2,23.7,4.3,0.9,1.5,9.354,B
13.8,0.1,20.3,3.1,0.5,1.6,9.354,B
13,0.2,23.7,4.6,0.4,1.9,9.47,B
13.8,0.1,21.8,4.1,0.4,1.6,9.598,B
12,0.1,22.4,3.7,0.6,1.5,8.726,A
13,0,23.8,3.8,0.5,1.5,9.35,B
13.1,0.2,23.7,4.3,0.9,1.6,9.508,B
12.9,0.3,23.4,4.6,0.5,1.1,9.384,B
13,0.1,22.8,4.1,0.4,1.6,9.298,B
12.6,0.1,22.2,3.7,0.8,1.5,9.018,A
12.6,0.2,22.3,3.8,0.3,1.2,9.016,A
12,0,23.4,4.1,0.5,1.6,8.844,A
13,0.1,20.4,4.3,0.6,1.9,9.102,A
13.9,0.1,23.1,3.9,0.9,1.5,9.784,B
13,0.1,22.7,4.3,0.6,1.4,9.312,B
13.3,0.2,24.4,4.1,0.5,1.5,9.63,B
13.3,0.1,20.7,4.3,0.5,1.8,9.272,B
13.1,0,21.8,3.7,0.6,1.2,9.184,A
13.8,0.1,24.3,5.4,0.1,1.6,9.96,C
13,0.2,23,4.2,0.6,1.2,9.344,B
12.9,0.1,22,4.9,0.5,1.2,9.238,A
13,0.2,24.3,4.5,0.2,1.4,9.488,B
12.7,0.1,21.9,4.6,0.6,1.8,9.128,A
12.8,0.2,22.3,4.4,0.9,1.9,9.24,A
13,0.4,20.1,5.3,0.5,1.3,9.202,A
13.8,0.2,22.1,5.9,0.4,1.5,9.824,B
12,0.3,23.2,5.7,0.5,1.6,9.044,A
13.1,0.3,23.1,4.3,0.8,1.4,9.454,B
12.6,0.4,24.1,5.8,0.2,1.7,9.45,B
12.4,0.2,23.1,3.9,0.6,1.8,9.048,A
13.2,0.3,23,4.3,0.2,1.4,9.458,B
13.2,0.3,19.7,4.9,0.2,1.6,9.196,A
13.1,0.1,24.4,4.9,0.4,1.5,9.584,B
13.7,0.3,24.4,3.3,0.8,1.9,9.804,B
13.2,0.2,24.1,3.1,0.9,1.5,9.474,B
13.2,0.2,23.2,4.9,0.3,1.4,9.524,B
13.2,0.1,23.7,2.8,0.5,1.8,9.372,B
13.4,0.1,24.1,3.4,0.6,1.3,9.558,B
13.3,0.2,23.1,4.5,0.4,1.5,9.534,B
13.2,0.2,23,3.8,0.7,1.6,9.426,B
13.5,0.1,19.7,4.9,0.8,1.9,9.354,B
13.4,0.3,24.4,4.5,0.4,1.6,9.738,B
13.3,0.3,24.4,5.9,0.6,1.5,9.836,B
13.3,0.3,24.1,2.7,0.5,1.5,9.48,B
13.1,0.3,23.2,2.8,0.9,1.6,9.328,B
13.2,0.2,23.7,3.3,0.5,1.1,9.414,B
12.2,0.2,21.8,3.9,0.4,1.6,8.798,A
13.9,0.1,22.9,3.5,1.4,1.5,9.754,B
12.5,0.3,23.3,5.2,1.2,1.2,9.28,B
13.8,0.2,24.2,5.8,1.6,1.6,10.1,C
13.9,0.4,23.7,5.2,1.2,1.9,10.068,C
14,0.2,22.7,2.8,0.4,1.5,9.674,B
12.4,0.2,24.3,3.2,1.2,1.4,9.118,A
14,0.2,24.3,4.5,0.3,1.5,9.998,C
14,0.1,24.1,3.4,1.6,1.8,9.938,C
13.9,0.3,22.8,3.9,1.2,1.2,9.8,B
12.5,0.2,23.3,3.5,1.8,1.6,9.142,A
11.9,0.3,23.7,4.5,1.8,1.2,8.986,A
13.6,0.1,20.3,3.5,1.6,1.2,9.344,B
13.6,0.4,23.7,3.2,1.3,1.4,9.704,B
12.9,0.1,21.8,3.2,1.4,1.8,9.126,A
13.5,0.2,22.4,3.2,1.5,1.9,9.516,B
14,0.2,23.8,4.9,1.2,1.3,10.034,C
13.6,0.2,23.7,3.5,1.3,1.5,9.698,B
13.2,0.3,24.4,3.9,1.1,1.6,9.62,B
13.5,0.4,24.1,3.6,1.1,1.4,9.722,B
13.5,0.2,23.2,3.3,1.6,1.5,9.596,B
13.1,0.1,23.7,3.2,1.5,1.5,9.41,B
13.9,0.4,22.7,3.5,1.4,1.6,9.798,B
13,0,22.9,3.1,1.8,1.1,9.252,A
13.8,0.1,23.3,2.8,1.9,1.6,9.708,B
13,0,24.2,3.6,1.5,1.5,9.43,B
13.8,0.4,23.7,3.5,1.2,1.2,9.82,B
13,0.5,22.7,3.6,1.6,1.6,9.39,B
13.9,0,24.3,3.2,1.6,1.9,9.872,B
12.9,0,24.3,3.1,1.2,1.5,9.322,B
13.9,0.1,24.1,4.3,1.3,1.4,9.944,C
12,0,22.8,2.8,1.4,1.5,8.704,A
14,0.2,23.3,3.6,1.5,1.8,9.892,C
13.1,0.4,22,2.5,1.2,1.2,9.2,A
13.3,0.1,20.3,1.9,1.2,1.6,9.026,A
13.1,0.4,23.7,2.5,1.6,1.2,9.394,B
13.2,0.3,21.8,3.2,1.4,1.2,9.292,B
13.1,0.1,22.4,3.5,1.5,1.4,9.306,B
13,0.1,23.8,5.2,1.3,1.8,9.57,B
12.9,0.3,22.4,3.2,1.4,1.9,9.23,A
12,0.1,23.7,2.8,1.2,1.3,8.794,A
12.5,0.2,23,4.5,1.6,1.5,9.196,A
12,0.4,23.1,4.2,1.6,1.6,8.97,A
13.1,0.1,22.4,3.8,1.3,1.4,9.324,B
12.3,0.1,21.9,5.4,1.2,1.7,9.04,A
12.3,0.5,22.3,5.7,1.4,1.6,9.198,A
12.4,0.3,20.1,5.6,1.2,1.3,8.954,A
12.7,0.2,22.1,5.2,1.5,1.5,9.27,B
12.4,0.2,23.2,5.6,1.9,1.2,9.282,B
12.4,0.2,23.1,5.2,1.4,1.8,9.226,A
12.6,0.2,24.1,5.1,1.5,1.3,9.402,B
12.5,0.4,23.1,4.9,1.2,1.6,9.266,A
12.7,0.3,23,5.1,1.5,1.4,9.366,B
13,0.1,19.7,4.8,1.4,1.4,9.11,A
12.7,0.2,21.4,5.1,1.5,1.9,9.206,A
13.1,0.1,24.4,4.3,1.6,1.3,9.588,B
12.3,0.2,24.1,5.9,1.2,1.6,9.326,B
12.7,0.1,23.2,4.1,1.3,1.8,9.25,A
12.9,0.1,14.2,5.6,1.2,1.9,8.598,A
13.9,0,21.8,4.8,1.8,1.5,9.778,B
14,0.2,22.9,5.9,1.2,1.9,10.068,C
12.8,0.3,23.3,4.3,1.7,1.9,9.398,B
12.8,0.1,24.2,5.7,1.9,1.5,9.584,B
12.6,0.1,23.7,4.5,1.2,1.4,9.268,B
12.9,0.2,22.7,3.8,1.4,1.4,9.28,B
13.2,0,24.3,4.3,1.5,1.6,9.614,B
13.1,0.1,24.3,4.6,1.2,1.5,9.592,B
12,0.1,24.1,4.1,0.9,1.9,8.97,A
12.2,0.1,22.8,3.7,0.6,1.5,8.866,A
13.9,0.2,23.3,3.8,1.3,1.4,9.834,B
13.3,0.1,23.7,4.1,1.2,1.8,9.594,B
13.1,0,20.3,4.3,1.3,1.3,9.14,A
13,0.1,23.7,3.9,0.9,1.5,9.394,B
13.1,0.2,21.8,4.3,0.4,1.6,9.288,B
12.1,0.1,22.4,4.1,1.9,1.9,8.91,A
12,0.2,23.8,4.3,0.5,1.6,8.944,A
12.5,0.1,23.7,3.7,1.9,1.5,9.184,A
12.5,0.2,23.2,5.4,1.3,1.5,9.288,B
12.6,0.4,22.7,4.2,1.5,1.6,9.224,A
12.7,0.2,24.3,4.9,1.4,1.1,9.438,B
12.6,0.3,24.3,4.5,1.6,1.6,9.4,B
12.5,0.3,24.1,4.6,1.5,1.5,9.33,B
12.9,0.4,22.8,4.4,0.7,1.2,9.34,B
12.6,0.2,23.3,5.3,1.2,1.6,9.336,B
12.8,0.3,22,5.9,1.6,1.9,9.422,B
12.3,0.3,20.3,5.7,1.3,1.5,8.948,A
12.3,0.1,23.7,4.3,0.8,1.4,9.074,A
12.5,0.3,21.8,5.8,0.9,1.5,9.184,A
12.4,0.2,22.4,3.9,0.3,1.8,8.96,A
12.8,0.2,23.8,4.3,1.5,1.2,9.388,B
13.1,0.1,22.9,4.9,1.6,1.6,9.51,B
12.9,0.1,23.7,4.9,1.4,1.2,9.462,B
12.6,0.2,23,3.3,1.3,1.2,9.096,A
12.8,0.2,23.1,3.1,1.8,1.4,9.224,A
13.2,0.1,23.7,4.9,1.6,1.8,9.648,B
12.8,0.3,21.9,2.8,0.9,1.9,9.06,A
13.8,0.3,22.3,3.4,0.4,1.3,9.606,B
13.2,0.3,20.1,4.5,0.3,1.5,9.198,A
13.9,0.3,22.1,3.8,0.9,1.6,9.718,B
12.9,0.2,23.2,4.9,0.4,1.4,9.38,B
12.9,0.2,23.1,4.5,1.6,1.7,9.414,B
12.5,0.1,24.1,5.9,1.6,1.8,9.438,B
14,0.3,23.1,2.7,1.4,1.4,9.78,B
13.9,0.2,23,2.8,1.5,1.6,9.724,B
12.7,0.4,15.7,3.3,1.6,1.5,8.486,A
12.6,0.2,21.4,3.9,0.8,1.9,8.994,A
12.8,0.2,24.4,3.5,1.2,1.5,9.362,B
12.7,0.2,24.1,5.2,1.9,1.4,9.49,B
12.8,0.1,23.2,5.8,0.5,1.8,9.422,B
13.1,0.3,23.7,5.2,1.9,1.3,9.666,B
13.2,0.2,21.8,2.8,1.3,1.5,9.238,A
13,0.3,22.9,3.2,1.5,1.6,9.324,B
13,0.1,23.3,4.5,1.4,1.9,9.46,B
12.3,0.4,24.2,3.4,1.6,1.6,9.15,A
12.5,0.1,23.7,3.9,1.5,1.5,9.18,A
12.55,0.2,22.7,3.5,0.7,1.5,9.037,A
11.6,0.2,24.3,4.5,1.2,1.6,8.856,A
12.5,0.2,24.3,3.5,1.6,1.1,9.21,A
12.6,0.3,24.1,3.2,1.3,1.6,9.232,A
11.7,0.4,22.8,3.2,0.8,1.5,8.638,A
12.1,0.2,23.3,3.2,0.9,1.2,8.842,A
12.5,0.1,23.7,4.9,0.3,1.6,9.212,A
12.6,0.4,20.3,3.5,1.5,1.9,8.926,A
12.5,0,23.7,3.9,1.6,1.5,9.166,A
11.3,0.1,21.8,3.6,1.4,1.4,8.35,A
12.2,0,22.4,3.3,1.3,1.5,8.808,A
12.5,0.4,23.8,3.2,1.8,1.8,9.21,A
12.8,0.5,23.7,3.5,1.1,1.2,9.334,B
12.9,0.2,24.2,3.1,0.9,1.6,9.338,B
12.5,0.2,23.7,2.8,0.4,1.2,9.012,A
12.5,0.3,22.7,3.6,0.3,1.2,9.006,A
12.7,0.2,24.3,3.5,0.9,1.4,9.28,B
12.3,0.2,24.3,3.6,0.4,1.8,9.076,A
12.8,0.4,24.1,3.2,1.6,1.9,9.382,B
12.7,0.1,22.8,3.1,1.6,1.3,9.108,A
12.5,0.4,23.3,4.3,1.4,1.5,9.234,A
12.6,0.1,23.7,2.8,1.5,1.6,9.124,A
12.3,0.2,20.3,3.6,1.6,1.4,8.732,A
12.8,0,23.7,2.5,0.8,1.5,9.128,A
12.5,0.3,21.8,1.9,1.2,1.4,8.808,A
12.7,0.1,22.4,2.5,1.8,1.8,9.04,A
13,0.1,23.8,3.2,1.5,1.3,9.362,B
12.8,0.3,23.7,4.8,1.3,1.5,9.448,B
10.8,0.1,23.4,4.4,1.5,1.6,8.354,A
12.4,0.2,22.8,3.6,1.6,1.9,9.052,A
12.5,0.4,22.2,4.5,1.4,1.6,9.148,A
11.3,0.1,22.3,4.6,1.1,1.5,8.486,A
11.5,0.1,23.4,4.8,1.6,1.5,8.746,A
10.8,0.5,20.4,4.1,1.6,1.6,8.11,A
10.9,0.3,23.1,4.2,1.5,1.1,8.374,A
11.2,0.2,22.7,4.1,1.9,1.6,8.498,A
12.2,0.2,24.4,5.1,1.5,1.5,9.24,A
12,0.1,20.7,5.1,1.3,1.2,8.726,A
11.7,0.2,21.8,5.1,1.4,1.6,8.728,A
12.8,0.1,24.3,5.2,1.7,1.9,9.548,B
12.1,0.1,23,5.8,1.6,1.5,9.106,A
12.2,0.1,22,5.2,1.6,1.4,8.992,A
11.9,0.2,24.3,5.2,1.9,1.5,9.114,A
11.8,0.1,21.9,5.6,1.5,1.8,8.832,A
12.5,0.2,22.3,5.3,1.3,1.2,9.176,A
12.7,0.1,20.1,5.4,1.9,1.6,9.098,A
12.2,0.1,22.1,5.6,1.4,1.2,9.022,A
11.1,0.1,23.2,3.2,1.2,1.2,8.33,A
11.9,0.2,23.1,3.1,1.6,1.4,8.762,A
12.8,0.2,24.1,3.8,1.2,1.8,9.374,B
12.1,0.1,23.1,3.8,1.2,1.9,8.908,A
11.1,0.3,23,3.8,1.2,1.3,8.414,A
12.2,0.3,19.7,3.8,0.3,1.5,8.588,A
12.8,0.1,24.4,3.1,1.6,1.6,9.33,B
12.5,0.3,24.4,4.3,1.2,1.4,9.308,B
11.6,0.2,24.1,4.6,1.8,1.7,8.886,A
11.7,0.2,23.2,4.1,1.8,1.8,8.8,A
12.5,0.1,23.7,3.7,1.6,1.4,9.162,A
12.5,0.3,24.1,3.8,1.3,1.6,9.242,A
12.5,0.2,23.1,4.3,1.4,1.5,9.174,A
12.7,0.4,23,3.9,1.5,1.9,9.286,B
12.3,0.4,19.7,4.3,1.2,1.5,8.762,A
12.5,0.4,24.4,4.4,1.3,1.4,9.344,B
12.8,0.1,24.4,3.7,1.1,1.8,9.368,B
13.1,0.4,24.1,3.5,1.1,1.3,9.508,B
10.8,0.1,23.2,4.7,1.6,1.5,8.366,A
11.3,0.2,23.7,4.1,1.5,1.6,8.624,A
10.8,0,21.8,5.2,1.4,1.9,8.26,A
12.2,0.3,22.9,5.8,1.8,1.6,9.202,A
12.8,0.1,23.3,3.2,1.9,1.5,9.244,A
12.2,0.1,24.2,3.5,1.5,1.5,9.04,A
12.5,0.3,23.7,5.2,1.2,1.6,9.336,B
12.2,0.1,22.7,3.2,1.6,1.1,8.85,A
12.3,0.2,24.3,2.8,1.6,1.6,9.06,A
12.2,0.4,24.3,4.5,1.2,1.5,9.192,A
11.8,0.1,24.1,4.2,1.3,1.2,8.876,A
11.8,0.1,22.8,3.8,1.4,1.6,8.728,A
11.6,0.5,23.3,5.4,1.5,1.9,8.936,A
12.8,0.3,23.7,5.7,1.2,1.5,9.532,B
11.6,0.2,20.3,5.6,1.2,1.4,8.558,A
13.8,0.2,23.7,5.2,1.6,1.5,9.986,C
13.1,0,17.3,5.6,1.4,1.8,8.996,A
13.9,0.1,22.4,5.2,1.5,1.2,9.868,B
13.4,0.1,23.8,5.1,1.3,1.6,9.752,B
13.3,0.2,23.7,4.9,1.4,1.2,9.682,B
13.3,0.1,24.4,5.1,1.2,1.2,9.74,B
13.1,0.2,24.1,4.8,1.6,1.4,9.632,B
13.8,0.1,23.2,5.1,1.6,1.8,9.918,C
13.9,0.2,23.7,4.3,1.3,1.9,9.944,C
12.9,0.1,22.7,5.9,1.2,1.3,9.454,B
13.4,0.1,22.9,4.1,1.4,1.5,9.564,B
12.7,0,23.3,5.6,1.2,1.6,9.376,B
12.8,0.2,24.2,4.8,1.5,1.4,9.486,B
13.5,0.3,23.7,5.9,1.9,1.7,9.952,C
13.8,0.1,22.7,4.3,1.4,1.6,9.768,B
12.7,0.1,24.3,5.7,1.5,1.3,9.512,B
13.1,0.2,24.3,4.5,1.2,1.5,9.602,B
12.6,0,24.1,3.8,1.5,1.2,9.228,A
12.4,0.1,22.8,4.3,1.4,1.8,9.086,A
13.2,0.1,23.3,4.6,1.5,1.3,9.552,B
13.2,0.1,22,4.1,1.6,1.6,9.39,B
13.1,0.2,20.3,3.7,1.2,1.4,9.118,A
13.7,0.1,23.7,3.8,1.3,1.4,9.754,B
13.2,0,21.8,4.1,1.2,1.9,9.338,B
13.2,0.1,22.4,4.3,1.8,1.3,9.45,B
13.2,0.2,23.8,3.9,1.2,1.6,9.546,B
13.4,0.1,22.4,4.3,1.7,1.8,9.564,B
13.3,0.2,23.7,4.1,1.9,1.9,9.66,B
13.2,0.1,23,4.3,1.2,1.5,9.482,B
13.5,0.2,23.1,3.7,1.4,1.9,9.63,B
13.4,0.4,22.4,5.4,1.5,1.9,9.726,B
13.3,0.2,21.9,4.2,1.2,1.5,9.432,B
13.3,0.3,22.3,4.9,0.9,1.4,9.54,B
13.1,0.3,20.1,4.5,0.6,1.4,9.162,A
13.2,0.4,22.1,4.6,1.3,1.6,9.492,B
12.2,0.2,23.2,4.4,1.2,1.5,9.032,A
13.9,0.3,23.1,5.3,1.3,1.9,10.004,C
12.5,0.3,24.1,5.9,1.2,1.5,9.442,B
13.8,0.1,23.1,5.7,1.6,1.4,9.952,C
13.9,0.3,23,4.3,1.4,1.8,9.896,C
13.9,0.2,19.7,5.8,0.9,1.3,9.646,B
12.4,0.2,21.4,3.9,1.3,1.5,8.908,A
13.6,0.1,24.4,4.3,1.3,1.6,9.832,B
13.9,0.2,24.1,4.9,1.4,1.9,10.05,C
13.9,0.1,23.2,4.9,1.2,1.6,9.916,C
12.5,0.1,23.7,3.3,1.9,1.5,9.144,A
11.9,0.2,21.8,3.1,0.9,1.5,8.594,A
13.6,0.3,22.9,4.9,1.6,1.6,9.8,B
13.6,0.2,23.3,2.8,1.7,1.1,9.596,B
12.9,0.3,24.2,3.4,1.9,1.6,9.448,B
13.5,0.2,23.7,4.5,1.8,1.5,9.778,B
13.9,0.3,22.7,3.8,1.9,1.2,9.822,B
13.6,0.3,24.3,4.9,1.8,1.6,9.952,C
13.2,0.2,24.3,4.5,1.9,1.9,9.71,B
13.5,0.3,24.1,5.9,1.6,1.5,9.966,C
13.5,0.3,22.8,2.7,1.9,1.4,9.53,B
13.1,0.2,23.3,2.8,2,1.5,9.38,B
13.9,0.2,23.7,3.3,0.4,1.8,9.786,B
12.9,0.3,20.3,3.9,0.9,1.2,9.032,A
13.8,0.3,23.7,3.5,1.6,1.6,9.84,B
12.9,0.2,21.8,5.2,1.6,1.2,9.334,B
13.8,0.3,22.4,5.8,1.4,1.2,9.912,C
13.1,0.2,23.8,5.2,1.5,1.4,9.636,B
13.9,0.2,23.7,2.8,1.9,1.8,9.826,B
12.9,0.2,12.3,3.2,1.8,1.9,8.224,A
13.9,0.3,21.9,4.5,1.8,1.3,9.81,B
12.9,0.3,24.1,3.4,1.6,1.5,9.416,B
13.8,0.2,23.1,3.9,1.9,1.6,9.818,B
12.7,0.3,23,3.5,1.6,1.4,9.212,A
13.8,0.2,22.4,4.5,1.6,1.7,9.794,B
12.8,0.3,21.9,3.5,1.3,1.8,9.15,A
13.8,0.2,24.1,3.2,1.2,1.4,9.798,B
13.1,0.3,22.8,3.2,1.6,1.6,9.37,B
13.8,0.4,23.3,3.2,1.2,1.5,9.762,B
12.8,0.5,23.7,4.9,1.3,1.9,9.514,B
13.4,0.5,20.3,3.5,1.5,1.5,9.33,B
13.1,0.5,23.7,3.9,1.4,1.6,9.558,B
12.9,0.3,21.8,3.6,1.5,1.5,9.2,A
13.4,0.2,22.4,3.3,1.9,1.2,9.472,B
12.6,0.5,23.8,3.2,1.6,1.6,9.26,A
12.6,0.5,23.7,3.5,1.6,1.9,9.292,B
12.9,0.4,23.4,3.1,1.6,1.5,9.336,B
13.6,0.1,22.8,2.8,1.2,1.4,9.508,B
13.9,0.3,22.2,3.6,1.3,1.5,9.728,B
13.4,0.1,22.3,3.5,1.2,1.8,9.444,B
13.3,0.5,23.4,3.6,1.5,1.2,9.588,B
13.3,0.4,23.7,3.2,0.5,1.6,9.514,B
13.1,0.2,23.1,3.1,0.9,1.2,9.312,B
13.8,0.2,22.7,4.3,1.2,1.2,9.76,B
11.3,0.1,24.4,2.8,1.6,1.4,8.542,A
10.8,0.1,26,3.6,1.3,1.8,8.53,A
12.2,0.2,21.8,2.5,1.4,1.9,8.73,A
12.8,0.2,24.3,1.9,1.5,1.3,9.202,A
12.2,0.1,23,2.5,1.2,1.5,8.802,A
12.5,0.3,22,3.2,1.3,1.6,8.972,A
12.2,0.3,24.2,4.8,1.1,1.4,9.182,A
12.3,0.3,21.9,4.4,1.1,1.5,8.966,A
12.2,0.3,22.3,3.6,1.6,1.5,8.906,A
11.8,0.2,20.1,4.5,1.5,1.6,8.554,A
11.8,0.2,22.1,4.6,1.4,1.1,8.738,A
11.6,0.1,23.2,4.8,1.8,1.6,8.792,A
12.8,0.3,23.1,4.1,1.9,1.5,9.354,B
11.6,0.2,24.1,4.2,1.5,1.2,8.808,A
13.8,0.4,23.1,4.1,1.2,1.6,9.836,B
13.1,0.2,23,5.1,1.6,1.9,9.572,B
13.9,0.2,19.7,5.1,1.6,1.5,9.626,B
13.4,0.2,24.4,5.1,1.2,1.4,9.818,B
13.3,0.1,24.4,5.2,1.3,1.5,9.768,B
13.3,0.3,24.1,5.8,1.4,1.8,9.856,B
13.1,0.2,23.2,5.2,1.5,1.2,9.568,B
13.8,0.3,23.7,5.2,1.2,1.6,9.986,C
13.9,0.1,21.8,5.6,1.2,1.2,9.83,B
12.9,0.4,22.9,5.3,1.6,1.2,9.494,B
13.4,0.1,23.3,5.4,1.4,1.4,9.73,B
12.7,0.2,24.2,5.6,1.5,1.8,9.532,B
12.8,0.2,23.7,3.2,1.3,1.9,9.284,B
13.5,0.2,22.7,3.1,1.4,1.3,9.506,B
13.8,0.3,24.3,3.8,1.2,1.5,9.902,C
12.7,0.4,24.3,3.8,1.6,1.6,9.4,B
13.1,0.2,24.1,3.8,1.6,1.4,9.532,B
12.6,0.1,22.8,3.8,1.3,1.7,9.126,A
12.4,0.4,23.3,3.1,1.2,1.6,9.056,A
13.2,0,23.7,4.3,1.4,1.3,9.536,B
13.2,0.1,20.3,4.6,1.2,1.5,9.242,A
13.1,0,23.7,4.1,1.5,1.2,9.468,B
13.7,0.4,21.8,3.7,1.9,1.8,9.666,B
13.2,0.5,22.4,3.8,1.4,1.3,9.456,B
13.2,0.2,21.9,4.3,1.5,1.6,9.414,B
13.2,0.2,24.4,4.9,1.2,1.4,9.698,B
13.4,0.3,24.1,4.9,1.5,1.4,9.806,B
13.3,0.2,23.2,3.3,1.4,1.9,9.5,B
13.2,0.2,23.7,3.1,1.5,1.3,9.462,B
13.5,0.4,22.7,4.9,1.6,1.6,9.75,B
13.4,0.1,22.9,2.8,1.2,1.8,9.434,B
13.3,0.4,23.3,3.4,1.3,1.9,9.554,B
13.4,0.1,24.2,4.5,1.2,1.5,9.722,B
13.1,0.2,23.7,3.8,1.8,1.9,9.524,B
13.2,0,22.7,4.9,1.2,1.9,9.508,B
12.2,0.3,24.3,4.5,1.7,1.5,9.202,A
13.9,0.1,24.3,5.9,1.9,1.4,10.16,C
12.5,0.1,24.1,2.7,1.2,1.4,9.078,A
13.8,0.3,22.8,2.8,1.4,1.6,9.668,B
13.9,0.1,23.3,3.3,1.5,1.5,9.78,B
13.9,0.2,22,3.9,1.2,1.9,9.728,B
12.4,0.4,20.3,3.5,1.1,1.5,8.786,A
13.6,0.1,23.7,5.2,1,1.4,9.826,B
13.9,0.1,21.8,5.8,1.3,1.8,9.88,C
13.9,0.5,22.4,5.2,1.2,1.3,9.934,C
12.5,0.3,14.9,2.8,1.3,1.5,8.218,A
11.9,0.2,22.8,3.2,0.9,1.6,8.708,A
13.6,0.2,23.7,4.5,0.4,1.9,9.76,B
13.6,0.1,23,3.4,1.9,1.6,9.638,B
12.9,0.2,23.1,3.9,0.5,1.5,9.28,B
13.5,0.1,22.7,3.5,1.9,1.5,9.564,B
13.9,0.1,21.9,4.5,1.3,1.6,9.752,B
13.6,0.1,22.3,3.5,1.5,1.1,9.534,B
13.2,0.2,20.1,3.2,1.4,1.6,9.118,A
13.5,0.1,22.1,3.2,1.6,1.5,9.456,B
13.5,0.2,23.2,3.2,1.5,1.2,9.568,B
13.1,0.1,23.1,4.9,0.7,1.6,9.476,B
13.9,0.1,24.1,3.5,1.2,1.9,9.878,C
12.9,0.1,23.1,3.9,1.6,1.5,9.326,B
13.8,0.2,23,3.6,1.3,1.4,9.734,B
12.9,0.2,19.7,3.3,0.8,1.5,8.898,A
13.8,0.1,24.5,3.2,0.9,1.8,9.816,B
13.1,0.3,22.6,3.5,0.3,1.2,9.286,B
13.9,0.3,24.1,3.1,1.5,1.6,9.884,C
12.9,0.1,23.2,2.8,1.6,1.2,9.214,A
13.9,0.3,23.7,3.6,1.4,1.2,9.872,B
12.9,0.2,21.8,3.5,1.3,1.4,9.154,A
13.8,0.2,22.9,3.6,1.8,1.8,9.77,B
12.7,0.1,23.3,3.2,1,1.9,9.156,A
13.8,0.3,24.2,3.1,0.9,1.3,9.796,B
12.8,0.2,23.7,4.3,0.4,1.5,9.324,B
13.8,0.4,22.7,2.8,0.3,1.6,9.612,B
13.1,0.4,24.3,3.6,0.9,1.4,9.53,B
13.8,0.4,24.3,2.5,0.4,1.7,9.752,B
12.8,0.1,24.1,1.9,1.6,1.8,9.188,A
13.4,0.4,22.8,2.5,1.6,1.4,9.462,B
13.1,0.1,23.3,3.2,1.4,1.6,9.368,B
12.9,0.2,23.7,4.8,1.5,1.5,9.49,B
13.4,0,20.3,4.4,1.6,1.9,9.342,B
12.6,0.3,21.4,3.6,0.8,1.5,8.968,A
12.6,0.1,24.4,4.5,1.2,1.4,9.338,B
12.9,0.1,24.1,4.6,1.8,1.8,9.52,B
13.6,0.3,23.2,4.8,1.5,1.3,9.802,B
13.9,0.1,23.7,4.1,1.3,1.5,9.888,C
13.4,0.2,21.8,4.2,1.5,1.6,9.494,B
13.3,0.4,22.9,4.1,1.6,1.9,9.602,B
13.3,0.1,23.3,5.1,1.4,1.6,9.658,B
13.1,0.1,24.2,5.1,1.1,1.5,9.626,B
13.8,0.5,23.7,5.1,1.6,1.5,10.036,C
12.5,0.3,22.7,5.2,1.6,1.6,9.26,A
12.5,0.2,24.3,5.8,1.5,1.1,9.434,B
12.6,0.2,24.3,5.2,1.9,1.6,9.468,B
12.7,0,24.1,5.2,1.5,1.5,9.43,B
12.6,0.1,22.8,5.6,1.3,1.2,9.286,B
12.5,0.1,23.3,5.3,1.4,1.6,9.278,B
12.9,0.2,23.7,5.4,1.7,1.9,9.578,B
12.6,0.1,20.3,5.6,1.6,1.5,9.066,A
12.8,0.2,23.7,3.2,1.6,1.4,9.282,B
12.3,0.1,21.8,3.1,1.9,1.5,8.834,A
12.3,0.2,22.4,3.8,1.5,1.8,8.972,A
12.5,0.1,23.8,3.8,1.3,1.2,9.156,A
12.4,0.1,23.7,3.8,1.9,1.6,9.148,A
12.8,0,23.2,3.8,1.4,1.2,9.232,A
13.1,0.2,21.9,3.1,1.2,1.2,9.21,A
12.9,0.3,24.1,4.3,1.6,1.4,9.502,B
12.6,0.1,23.1,4.6,1.2,1.8,9.234,A
12.8,0.1,23,4.1,0.4,1.9,9.23,A
13.2,0.2,22.4,3.7,1.2,1.3,9.374,B
12.8,0,21.9,3.8,0.3,1.5,9.048,A
13.8,0.1,24.4,4.3,1.6,1.6,9.95,C
13.2,0.1,24.1,3.9,1.2,1.4,9.548,B
13.9,0.1,23.2,4.3,1.8,1.5,9.888,C
12.9,0.2,21.5,4.4,1.8,1.4,9.244,A
12.9,0.1,22.7,3.7,1.6,1.8,9.278,B
12.5,0,22.9,3.5,1.3,1.3,9.02,A
13.5,0.1,23.3,4.7,1.4,1.5,9.714,B
13.6,0.2,24.2,4.1,1.5,1.6,9.824,B
13.5,0.1,23.7,5.2,1.2,1.9,9.808,B
13.4,0.2,22.7,5.8,1.3,1.6,9.732,B
13.6,0.1,24.3,3.2,1.1,1.5,9.696,B
13.8,0.2,24.3,3.5,1.1,1.5,9.846,B
13.9,0.4,24.1,5.2,1.6,1.6,10.12,C
13.9,0.2,22.8,3.2,1.5,1.1,9.724,B
13.7,0.3,23.3,2.8,1.4,1.6,9.668,B
13.1,0.3,22,4.5,1.8,1.5,9.428,B
13.9,0.4,20.3,4.2,1.9,1.2,9.642,B
13.5,0.2,23.7,3.8,1.5,1.6,9.694,B
13.4,0.1,21.8,5.4,1.2,1.9,9.588,B
13.6,0.1,22.4,5.7,1.6,1.5,9.786,B
13.6,0,23.8,5.6,1.6,1.4,9.892,C
12.5,0,21.8,5.2,1.2,1.5,9.082,A
11.6,0,23.7,5.6,1.3,1.8,8.88,A
11.7,0.1,23,5.2,1.4,1.2,8.822,A
12.5,0,23.1,5.1,1.5,1.6,9.224,A
12.5,0.2,24.4,4.9,1.2,1.2,9.34,B
12.5,0,21.9,5.1,1.2,1.2,9.07,A
12.7,0,22.3,4.8,1.6,1.4,9.212,A
12.3,0,20.1,5.1,1.4,1.8,8.826,A
12.5,0,22.1,4.3,1.5,1.9,9.056,A
12.8,0,23.2,5.9,1.3,1.3,9.44,B
13.9,0,23.1,4.1,1.4,1.5,9.814,B
10.8,0,24.1,5.6,1.2,1.6,8.506,A
11.3,0,23.1,4.8,1.6,1.4,8.592,A
10.8,0,23,5.9,1.6,1.7,8.454,A
12.2,0,19.7,4.3,1.3,1.8,8.65,A
12.8,0.1,22.4,5.7,1.2,1.4,9.358,B
12.2,0.2,22.7,4.5,1.4,1.6,9.008,A
12.5,0.2,24.1,3.8,1.2,1.5,9.212,A
12.2,0.2,23.2,4.3,1.5,1.9,9.056,A
12.3,0.2,23.7,4.6,1.9,1.5,9.194,A
12.2,0.2,21.8,4.1,1.4,1.4,8.87,A
11.8,0,22.9,3.7,1.5,1.8,8.722,A
11.8,0,23.3,3.8,1.2,1.3,8.734,A
11.6,0,24.2,4.1,1.5,1.5,8.78,A
12.8,0,23.7,4.3,1.4,1.6,9.348,B
11.6,0,22.7,3.9,1.5,1.9,8.626,A
13.8,0,24.3,4.3,1.6,1.6,9.92,C
13.1,0.1,24.3,4.1,1.2,1.5,9.542,B
13.9,0.2,24.1,4.3,1.3,1.5,9.968,C
13.4,0.2,22.8,3.7,1.2,1.6,9.526,B
13.3,0,23.3,5.4,1.8,1.1,9.672,B
13.3,0,23.7,4.2,1.2,1.6,9.576,B
13.1,0,20.3,4.9,1.7,1.5,9.232,A
13.8,0,23.7,4.5,1.9,1.2,9.882,C
13.9,0,21.8,4.6,1.2,1.6,9.726,B
12.9,0,22.4,4.4,1.4,1.9,9.29,B
13.4,0,23.8,5.3,1.5,1.5,9.76,B
12.7,0,23.7,5.9,1.2,1.4,9.438,B
12.8,0.1,23.4,5.7,0.9,1.5,9.444,B
13.5,0.1,22.8,4.3,0.6,1.8,9.588,B
13.8,0,22.2,5.8,1.3,1.2,9.826,B
12.7,0,22.3,3.9,1.2,1.6,9.106,A
13.1,0,23.4,4.3,1.3,1.2,9.446,B
12.6,0,22.3,4.9,0.9,1.2,9.122,A
12.4,0,23.1,4.9,0.4,1.4,9.08,A
13.2,0,22.7,3.3,1.9,1.8,9.386,B
13.2,0,24.4,3.1,0.5,1.9,9.456,B
13.1,0,22.2,4.9,1.9,1.3,9.426,B
13.7,0,21.8,2.8,1.3,1.5,9.448,B
13.2,0,24.3,3.4,1.5,1.6,9.524,B
13.2,0.1,23,4.5,1.4,1.4,9.51,B
13.2,0,22,3.8,1.6,1.7,9.344,B
13.4,0,24.3,4.9,1.5,1.6,9.774,B
13.3,0,24.1,4.5,0.7,1.3,9.604,B
13.2,0,22.8,5.9,1.2,1.5,9.602,B
13.5,0,18.3,2.7,1.6,1.2,8.994,A
13.4,0,22,2.8,1.3,1.8,9.33,B
13.3,0,20.3,3.3,0.8,1.3,9.11,A
13.3,0.2,23.7,3.9,0.9,1.6,9.568,B
13.1,0,21.8,3.5,0.3,1.4,9.154,A
13.2,0.1,22.4,5.2,1.5,1.4,9.526,B
12.2,0.2,23.8,5.8,1.6,1.9,9.272,B
13.9,0.2,22.1,5.2,1.4,1.3,9.856,B
12.5,0.2,23.7,2.8,1.3,1.6,9.082,A
13.8,0.2,23,3.2,1.8,1.8,9.74,B
13.9,0.1,23.1,4.5,1.6,1.9,9.902,C
13.9,0.2,22,3.4,0.9,1.5,9.644,B
12.4,0.2,21.9,3.9,0.4,1.9,8.92,A
13.6,0.2,22.3,3.5,0.3,1.9,9.514,B
13.9,0.2,20.1,4.5,0.9,1.5,9.564,B
13.9,0,22.1,3.5,0.4,1.4,9.59,B
12.5,0,23.2,3.2,1.6,1.4,9.042,A
11.9,0,23.1,3.2,1.6,1.6,8.74,A
13.6,0.1,24.1,3.2,1.4,1.5,9.694,B
13.6,0,23.1,4.9,1.5,1.9,9.766,B
12.9,0,23,3.5,1.6,1.5,9.256,A
13.5,0,19.7,3.9,0.8,1.4,9.214,A
13.9,0.1,21.9,3.6,1.2,1.8,9.664,B
13.6,0,24.4,3.3,1.9,1.3,9.736,B
13.2,0,24.1,3.2,0.5,1.5,9.42,B
13.5,0.1,23.2,3.5,1.9,1.6,9.618,B
13.5,0.2,23.7,3.1,1.3,1.9,9.624,B
13.1,0,21.8,2.8,1.5,1.6,9.164,A
13.9,0,22.9,3.6,1.4,1.5,9.744,B
12.9,0,23.3,3.5,1.6,1.5,9.286,B
13.8,0,24.2,3.6,1.5,1.6,9.834,B
12.9,0.2,23.7,3.2,0.7,1.1,9.266,A
13.8,0,22.7,3.1,1.2,1.6,9.616,B
13.1,0.2,24.3,4.3,1.6,1.5,9.606,B
13.9,0.1,24.3,2.8,1.3,1.2,9.806,B
12.9,0.1,24.1,3.6,0.8,1.6,9.352,B
13.9,0,22.8,2.5,0.9,1.9,9.61,B
12.9,0.1,23.3,1.9,0.3,1.5,9.068,A
13.8,0,23.7,2.5,1.5,1.4,9.666,B
12.7,0,20.3,3.1,1.6,1.5,8.846,A
13.8,0.1,23.7,2.8,1.4,1.8,9.726,B
12.8,0,21.8,3.6,1.3,1.2,9.066,A
13.8,0,22.4,3.5,1.8,1.6,9.662,B
13.1,0,23.8,3.6,1.1,1.2,9.404,B
13.8,0,23.7,3.2,0.9,1.2,9.692,B
12.8,0,23.4,3.1,0.4,1.4,9.13,A
13.4,0.1,22.8,4.3,0.3,1.8,9.52,B
13.1,0.1,22.2,2.8,0.9,1.9,9.2,A
12.9,0,22.3,3.6,0.4,1.3,9.116,A
13.4,0,23.4,2.5,1.6,1.5,9.446,B
12.6,0,21.8,1.9,1.6,1.6,8.83,A
12.6,0.1,23.1,2.5,1.4,1.4,9.02,A
12.9,0,22.7,3.2,1.5,1.7,9.198,A
13.6,0.2,24.4,3.5,1.6,1.8,9.798,B
13.9,0,21.7,4.5,0.8,1.4,9.674,B
13.4,0,21.8,4.6,1.2,1.6,9.476,B
13.3,0,24.3,4.8,1.8,1.5,9.728,B
13.3,0,23,4.1,1.5,1.9,9.526,B
13.1,0,22,4.2,1.3,1.5,9.308,B
13.8,0,21.6,4.1,1.5,1.3,9.612,B
11.3,0,21.9,5.1,1.6,1.6,8.51,A
10.8,0,22.3,5.1,1.4,1.5,8.284,A
12.2,0,20.1,5.1,1.1,1.3,8.738,A
12.8,0,22.1,5.2,1.6,1.6,9.29,B
12.2,0.1,24.1,5.8,1.6,1.2,9.254,A
12.5,0.2,23.1,5.2,1.5,1.5,9.27,B
12.2,0.2,23,5.2,1.9,1.9,9.15,A
12.3,0.2,19.7,5.6,1.5,1.5,8.87,A
12.2,0.2,24.5,5.3,1.3,1.4,9.254,A
11.8,0.2,17.9,5.4,1.4,1.8,8.426,A
11.8,0,24.1,5.6,1.7,1.3,9.024,A
11.6,0,23.2,3.2,1.6,1.5,8.596,A
12.8,0,23.7,3.1,1.6,1.6,9.24,A
11.6,0,21.8,3.8,1.9,1.9,8.55,A
13.8,0,22.9,3.8,1.5,1.6,9.724,B
13.1,0,23.3,3.8,1.3,1.5,9.398,B
13.9,0.1,24.2,3.8,1.9,1.5,9.944,C
13.4,0.2,23.7,3.1,1.4,1.6,9.568,B
13.3,0.2,22.7,4.3,1.2,1.1,9.506,B
13.3,0,24.3,4.6,1.6,1.6,9.7,B
13.1,0,24.3,4.1,1.2,1.5,9.522,B
13.8,0,24.1,3.7,1.2,1.2,9.8,B
13.9,0,22.8,3.8,1.2,1.6,9.746,B
12.9,0,23.3,4.3,0.3,1.9,9.304,B
13.4,0,23.7,3.9,1.6,1.5,9.616,B
12.7,0.2,20.3,4.3,1.2,1.4,8.978,A
12.8,0,21.4,4.4,1.8,1.5,9.148,A
13.5,0,24.4,3.7,1.8,1.8,9.74,B
13.8,0,24.1,3.5,1.6,1.2,9.804,B
12.7,0,23.1,4.7,1.3,1.6,9.272,B
13.1,0.1,21.8,4.1,1.4,1.2,9.292,B
12.6,0.2,21.9,5.2,1.5,1.2,9.188,A
12.4,0.1,22.3,5.8,1.2,1.4,9.158,A
13.2,0,20.1,3.2,1.3,1.8,9.08,A
13.2,0,22.1,3.5,1.1,1.9,9.302,B
13.1,0,23.2,5.2,1.1,1.3,9.508,B
13.7,0,23.1,3.2,1.6,1.5,9.636,B
13.2,0,24.1,2.8,1.5,1.6,9.444,B
13.2,0,23.1,4.5,1.4,1.4,9.5,B
13.2,0.1,23,4.2,1.8,1.5,9.508,B
13.4,0,19.7,3.8,1.9,1.4,9.22,A
13.3,0,21.4,5.4,1.5,1.8,9.492,B
13.2,0,24.4,5.7,1.2,1.3,9.734,B
13.5,0,24.1,5.6,1.6,1.5,9.876,B
13.4,0,23.2,5.2,1.6,1.6,9.7,B
13.3,0,23.7,5.6,1.2,1.9,9.728,B
13.4,0.1,21.8,5.2,1.3,1.6,9.562,B
13.1,0.2,22.9,5.1,1.4,1.5,9.534,B
13.2,0,23.3,4.9,1.5,1.9,9.586,B
12.2,0.1,24.2,5.1,1.2,1.5,9.182,A
13.9,0.1,23.7,4.8,1.2,1.4,9.948,C
12.5,0.1,22.7,5.1,1.6,1.8,9.218,A
13.8,0,24.3,4.3,1.4,1.3,9.896,C
13.9,0,24.3,5.9,1.5,1.5,10.12,C
13.9,0,24.1,4.1,1.3,1.6,9.912,C
12.4,0.1,22.8,5.6,1.4,1.9,9.22,A
13.6,0.1,23.3,4.8,1.2,1.6,9.766,B
13.9,0.1,23.7,5.9,1.6,1.5,10.086,C
13.9,0,20.3,4.3,1.6,1.5,9.566,B
12.5,0,23.7,5.7,1.3,1.6,9.332,B
11.9,0,21.8,4.5,1.2,1.1,8.696,A
13.6,0.1,22.4,3.8,1.4,1.6,9.588,B
13.6,0,23.8,4.3,1.2,1.5,9.742,B
12.9,0.2,23.7,4.6,1.5,1.2,9.458,B
13.5,0.1,24.2,4.1,1.9,1.6,9.778,B
13.9,0.1,23.7,3.7,1.4,1.9,9.87,B
13.6,0,22.7,3.8,1.5,1.5,9.6,B
13.2,0,24.3,4.1,1.2,1.4,9.568,B
13.5,0,24.3,4.3,1.5,1.5,9.76,B
13.5,0.1,24.1,3.9,1.4,1.8,9.726,B
13.1,0,22.8,4.3,1.5,1.2,9.398,B
13.9,0.2,23.3,4.1,1.6,1.6,9.89,C
12.9,0,23.7,4.3,1.2,1.2,9.37,B
13.8,0,20.3,3.7,1.3,1.2,9.426,B
12.9,0,23.7,5.4,1.2,1.4,9.488,B
13.8,0.1,21.8,4.2,1.8,1.8,9.7,B
13.1,0.1,22.4,4.9,1.2,1.9,9.448,B
13.9,0,23.8,4.5,1.7,1.3,9.934,C
12.9,0,23.7,4.6,1.9,1.5,9.454,B
13.9,0,23.4,4.4,1.2,1.6,9.866,B
12.9,0.1,22.8,5.3,1.4,1.4,9.42,B
13.8,0,22.2,5.9,1.5,1.5,9.86,B
12.7,0.2,22.3,5.7,1.2,1.4,9.318,B
13.8,0,23.4,4.3,0.9,1.8,9.796,B
12.8,0,15.6,5.8,0.6,1.3,8.628,A
13.8,0.1,23.1,3.9,1.3,1.5,9.758,B
13.1,0.1,22.7,4.3,1.2,1.6,9.406,B
13.8,0,24.4,4.9,1.3,1.9,9.984,C
12.8,0,24.5,4.9,1.6,1.6,9.5,B
13.4,0,21.8,3.3,1.2,1.5,9.342,B
13.1,0.1,24.3,3.1,1.8,1.5,9.478,B
12.9,0,23,4.9,1.8,1.6,9.412,B
13.4,0.2,22,2.8,1.6,1.1,9.36,B
12.6,0.1,22.7,3.4,1.3,1.6,9.072,A
12.6,0.2,21.9,4.5,1.4,1.5,9.124,A
12.9,0.2,22.3,3.8,1.5,1.2,9.238,A
13.6,0.2,20.1,4.9,1.2,1.6,9.476,B
13.9,0.2,22.1,4.5,1.3,1.9,9.804,B
13.4,0.2,23.2,5.9,1.1,1.5,9.776,B
13.3,0,23.1,2.7,1.1,1.4,9.352,B
13.3,0,24.1,2.8,1.6,1.5,9.496,B
13.1,0,23.1,3.3,1.5,1.8,9.352,B
13.8,0,23,3.9,1.4,1.2,9.722,B
12.5,0,19.7,3.5,1.8,1.6,8.742,A
12.5,0,24.4,6.2,1.9,1.2,9.472,B
12.6,0.1,24.4,5.8,1.5,1.2,9.478,B
12.7,0.2,24.1,5.2,1.2,1.4,9.448,B
12.6,0.2,23.2,2.8,1.6,1.8,9.108,A
12.5,0,23.7,3.2,1.6,1.9,9.112,A
12.9,0,24.1,4.5,1.2,1.3,9.434,B
12.6,0,23.1,3.4,1.3,1.5,9.088,A
12.8,0,23,3.9,1.4,1.6,9.238,A
12.3,0.1,19.7,3.5,1.5,1.4,8.636,A
12.3,0.1,24.4,4.5,1.2,1.7,9.2,A
12.5,0,24.4,3.5,1.2,1.8,9.184,A
12.4,0,24.1,3.2,1.6,1.4,9.082,A
12.8,0,23.2,3.2,1.4,1.6,9.188,A
13.1,0.1,23.7,3.2,1.5,1.5,9.41,B
12.9,0,21.8,4.9,1.3,1.9,9.274,B
12.6,0.2,22.9,3.5,1.4,1.5,9.124,A
12.8,0,23.3,3.9,1.2,1.4,9.248,A
13.2,0,24.2,3.6,1.6,1.8,9.548,B
12.8,0,23.7,3.3,1.6,1.3,9.248,A
13.8,0,22.7,3.2,1.3,1.5,9.628,B
13.2,0,24.3,3.5,1.2,1.6,9.516,B
13.9,0,24.3,3.1,1.4,1.9,9.85,B
12.9,0.1,24.1,2.8,1.2,1.6,9.296,B
12.9,0.1,22.8,3.6,1.5,1.5,9.26,A
12.5,0,23.3,3.5,1.9,1.5,9.104,A
11.7,0,23.7,3.6,1.4,1.6,8.728,A
12.8,0,20.3,3.2,1.5,1.1,8.884,A
12.1,0.1,23.7,3.1,1.2,1.6,8.886,A
12.2,0,21.8,4.3,1.5,1.5,8.86,A
11.9,0.2,22.4,2.8,1.4,1.2,8.642,A
11.8,0,23.8,3.6,1.5,1.6,8.794,A
12.5,0,23.7,2.5,1.6,1.9,9.042,A
12.7,0,24.4,1.9,1.2,1.5,9.112,A
12.2,0,24.1,2.5,1.3,1.4,8.894,A
11.1,0.1,23.2,3.2,1.2,1.5,8.342,A
11.9,0,23.7,4.8,1.8,1.8,8.98,A
12.8,0,22.7,4.4,1.2,1.2,9.23,A
12.1,0,22.9,3.6,1.7,1.6,8.866,A
11.1,0.1,23.3,4.5,1.9,1.2,8.512,A
12.2,0,24.2,4.6,1.2,1.2,9.1,A
12.8,0.2,23.7,4.8,1.4,1.4,9.43,B
12.5,0,22.7,4.1,1.5,1.8,9.092,A
11.6,0,24.3,4.2,1.2,1.9,8.798,A
11.7,0.1,24.3,4.1,0.9,1.3,8.816,A
12.5,0.1,24.1,5.1,0.3,1.5,9.268,B
12.5,0,22.8,5.1,1.3,1.6,9.182,A
12.5,0.2,23.3,5.1,1.2,1.4,9.258,A
12.7,0,22,5.2,1.3,1.7,9.216,A
12.3,0.1,20.3,5.8,0.9,1.6,8.898,A
12.5,0,23.7,5.2,0.4,1.3,9.216,A
12.8,0.1,21.8,5.2,1.9,1.5,9.294,B
13.1,0.2,22.4,5.6,0.5,1.2,9.468,B
10.8,0.1,23.8,5.3,1.9,1.8,8.516,A
11.3,0,22.4,5.4,1.3,1.3,8.56,A
10.8,0.2,23.7,5.6,1.5,1.6,8.524,A
12.2,0,23,3.2,1.4,1.4,8.86,A
12.8,0,23.1,3.1,1.6,1.4,9.172,A
12.2,0.1,22.4,3.8,1.5,1.9,8.906,A
12.5,0.1,21.9,3.8,0.7,1.3,8.934,A
12.2,0,22.3,3.8,1.2,1.6,8.846,A
12.3,0,20.1,3.8,1.6,1.8,8.708,A
12.2,0,22.1,3.1,1.3,1.9,8.774,A
11.8,0.1,23.2,4.3,0.8,1.5,8.778,A
11.8,0,23.1,4.6,0.9,1.9,8.8,A
11.6,0,24.1,4.1,0.3,1.9,8.714,A
12.8,0.1,23.1,3.7,1.5,1.5,9.25,A
11.6,0.1,23,3.8,1.6,1.4,8.652,A
13.8,0,19.7,4.3,1.4,1.4,9.44,B
13.1,0,14.8,4.9,1.3,1.6,8.662,A
13.9,0,24.4,4.9,1.8,1.5,10.048,C
13.4,0.1,24.1,3.3,1.6,1.9,9.632,B
13.3,0,23.2,3.1,0.9,1.5,9.394,B
13.3,0.2,23.7,4.9,0.4,1.4,9.63,B
13.1,0,21.8,2.8,0.3,1.8,9.1,A
13.8,0,22.9,3.4,0.9,1.3,9.636,B
13.9,0,23.3,4.5,0.4,1.5,9.814,B
12.9,0,24.2,3.8,1.6,1.6,9.41,B
13.4,0,23.7,4.9,1.6,1.9,9.732,B
12.7,0.1,22.7,4.5,1.4,1.6,9.238,A
12.8,0.2,24.3,5.9,1.5,1.5,9.61,B
13.5,0.2,24.3,2.7,1.6,1.5,9.646,B
13.8,0.1,24.1,2.8,0.8,1.6,9.722,B
12.7,0.3,22.8,3.3,1.2,1.1,9.136,A
13.1,0.3,23.3,3.9,1.9,1.6,9.508,B
12.6,0.3,23.7,3.5,0.5,1.5,9.17,A
12.4,0.3,20.3,5.2,1.9,1.2,8.972,A
13.2,0.2,23.7,5.8,1.3,1.6,9.732,B
13.2,0.2,21.8,5.2,1.5,1.9,9.506,B
13.1,0.1,22.4,2.8,1.4,1.5,9.234,A
13.7,0.3,23.8,3.2,1.6,1.4,9.762,B
13.2,0.2,23.7,4.5,1.5,1.5,9.61,B
13.2,0.4,23.2,3.4,0.7,1.8,9.454,B
13.2,0.2,21.9,3.9,1.2,1.2,9.34,B
13.4,0.2,24.1,3.5,1.6,1.6,9.66,B
13.3,0.2,23.1,4.5,1.3,1.2,9.576,B
13.2,0.1,23,3.5,0.8,1.2,9.366,B
13.5,0.3,22.4,3.2,0.9,1.4,9.48,B
13.4,0.2,21.9,3.2,0.3,1.8,9.34,B
13.3,0.3,24.4,3.2,1.5,1.9,9.636,B
13.3,0.1,24.1,4.9,1.6,1.3,9.718,B
13.1,0.4,23.2,3.5,1.4,1.5,9.444,B
13.2,0.1,23.7,3.9,1.3,1.6,9.522,B
12.2,0.2,22.7,3.6,1.8,1.4,8.934,A
13.9,0.2,22.9,3.3,1.1,1.7,9.744,B
12.5,0.2,23.3,3.2,0.9,1.8,9.066,A
13.8,0.3,24.2,3.5,0.4,1.4,9.81,B
13.9,0.4,23.7,3.1,0.3,1.6,9.792,B
13.9,0.2,22.7,2.8,0.9,1.5,9.654,B
12.4,0.1,24.3,3.6,0.4,1.9,9.11,A
13.6,0.4,24.3,3.5,1.6,1.5,9.816,B
13.9,0,24.1,3.6,1.6,1.4,9.872,B
13.9,0.1,22.8,3.2,1.4,1.8,9.726,B
12.5,0,23.3,3.1,1.5,1.3,9.032,A
11.9,0.4,22,4.3,1.6,1.5,8.816,A
13.6,0.5,20.3,2.8,0.8,1.6,9.322,B
13.6,0,23.7,3.6,1.2,1.9,9.678,B
12.9,0,21.8,2.5,1.8,1.6,9.052,A
13.5,0.1,22.4,1.9,1.5,1.5,9.35,B
13.9,0,23.8,2.5,1.3,1.5,9.718,B
13.6,0.2,22.8,3.2,1.5,1.6,9.594,B
13.2,0.4,23.7,4.8,1.6,1.1,9.67,B
13.5,0.1,23,4.4,1.4,1.6,9.658,B
13.5,0.4,23.1,3.6,1.1,1.5,9.626,B
13.1,0.3,22.7,4.5,1.6,1.2,9.474,B
13.9,0.1,21.9,4.6,1.6,1.6,9.78,B
12.9,0.1,22.3,4.8,1.5,1.9,9.346,B
13.8,0.3,20.1,4.1,1.9,1.5,9.554,B
12.9,0.1,22.1,4.2,1.5,1.4,9.246,A
13.8,0.2,23.2,4.1,1.3,1.5,9.808,B
13.1,0.4,23.1,5.1,1.4,1.8,9.606,B
13.9,0.1,24.1,5.1,1.7,1.2,10.04,C
12.9,0.1,23.1,5.1,1.6,1.6,9.45,B
13.9,0.5,23,5.2,1.6,1.2,10.014,C
12.9,0.3,19.7,5.8,1.9,1.2,9.222,A
13.8,0.2,24.5,5.2,1.5,1.5,10.06,C
12.7,0.2,22.6,5.2,1.3,1.6,9.312,B
13.8,0.2,24.1,5.6,1.9,1.4,10.08,C
12.8,0.2,23.2,5.3,1.4,1.5,9.434,B
13.8,0.4,23.7,5.4,1.2,1.4,10.018,C
13.1,0.3,21.8,5.6,1.6,1.8,9.518,B
13.8,0.1,22.9,3.2,1.2,1.3,9.654,B
12.8,0.2,23.3,3.1,1.2,1.5,9.212,A
13.4,0.1,24.2,3.8,1.2,1.6,9.656,B
13.1,0.2,23.7,3.8,0.3,1.9,9.434,B
12.9,0.1,22.7,3.8,1.6,1.6,9.28,B
13.4,0.1,24.3,3.8,1.2,1.5,9.662,B
12.6,0,24.3,3.1,1.8,1.5,9.208,A
12.6,0.2,24.1,4.3,1.8,1.6,9.352,B
12.9,0.3,22.8,4.6,1.6,1.1,9.39,B
13.6,0.1,23.3,4.1,1.3,1.6,9.702,B
13.9,0.1,21,3.7,1.4,1.5,9.584,B
13.4,0.2,20.3,3.8,1.5,1.2,9.288,B
13.3,0,21.4,4.3,1.2,1.6,9.356,B
13.3,0.1,24.4,3.9,1.3,1.9,9.654,B
13.1,0.1,24.1,4.3,1.1,1.5,9.536,B
13.8,0.1,23.2,4.4,1.1,1.4,9.802,B
11.3,0.2,23.7,3.7,1.6,1.5,8.586,A
10.8,0.1,21.8,3.5,1.5,1.8,8.112,A
12.2,0,22.9,4.7,1.4,1.2,8.992,A
12.8,0.1,23.3,4.1,1.8,1.6,9.332,B
12.2,0.2,24.2,5.2,1.9,1.2,9.242,A
12.5,0.1,23.7,5.8,1.5,1.2,9.358,B
12.2,0.2,22.7,3.2,1.2,1.4,8.858,A
12.3,0.1,24.3,3.5,1.6,1.8,9.118,A
12.2,0.2,24.3,5.2,1.6,1.9,9.262,A
11.8,0.4,24.1,3.2,1.2,1.3,8.834,A
11.8,0.2,22.8,2.8,1.3,1.5,8.638,A
11.6,0.3,23.3,4.5,1.4,1.6,8.788,A
12.8,0.3,23.7,4.2,1.5,1.4,9.396,B
11.6,0.4,20.3,3.8,1.2,1.7,8.43,A
13.8,0.2,23.7,5.4,1.2,1.8,9.994,C
13.1,0.3,21.8,5.7,1.6,1.4,9.512,B
13.9,0.3,22.4,5.6,1.4,1.6,9.958,C
13.4,0.1,23.8,5.2,1.5,1.5,9.77,B
13.3,0.3,23.7,5.6,1.3,1.9,9.794,B
13.3,0.2,23.2,5.2,1.4,1.5,9.674,B
13.1,0.2,21.9,5.1,1.2,1.4,9.418,B
13.8,0.1,24.1,4.9,1.6,1.8,9.988,C
13.9,0.1,23.1,5.1,1.6,1.3,9.938,C
12.9,0.2,23,4.8,1.3,1.5,9.408,B
13.4,0.2,22.4,5.1,1.2,1.6,9.626,B
12.7,0.1,21.9,4.3,1.4,1.9,9.15,A
12.8,0.3,24.4,5.9,1.2,1.6,9.626,B
13.5,0.3,24.1,4.1,1.5,1.5,9.78,B
13.8,0.3,23.2,5.6,1.9,1.5,10.014,C
12.7,0.3,23.7,4.8,1.4,1.6,9.408,B
13.1,0.2,22.7,5.9,1.5,1.1,9.584,B
12.6,0.2,22.9,4.3,1.2,1.6,9.196,A
12.4,0.1,23.3,5.7,1.5,1.5,9.27,B
13.2,0.3,24.2,4.5,1.4,1.2,9.662,B
13.2,0.2,23.7,3.8,1.5,1.6,9.544,B
13.1,0.4,22.7,4.3,1.6,1.9,9.502,B
13.7,0.2,24.3,4.6,1.2,1.5,9.912,C
13.2,0.2,24.3,4.1,1.3,1.4,9.614,B
13.2,0.2,24.1,3.7,1.2,1.5,9.552,B
13.2,0.1,22.8,3.8,1.8,1.8,9.46,B
13.4,0.3,23.3,4.1,1.2,1.2,9.62,B
13.3,0.2,22,4.3,1.7,1.6,9.486,B
13.2,0.3,20.3,3.9,1.9,1.2,9.242,A
13.5,0.1,23.7,4.3,1.2,1.2,9.69,B
13.4,0.4,21.8,4.1,1.4,1.4,9.51,B
13.3,0.1,22.4,4.3,1.5,1.8,9.502,B
13.4,0.2,23.8,3.7,1.2,1.9,9.638,B
13.1,0.2,22.5,5.4,0.9,1.3,9.486,B
13.2,0.2,23.7,4.2,0.8,1.5,9.538,B
12.2,0.3,23,4.9,1.3,1.6,9.092,A
13.9,0.4,23.1,4.5,1.2,1.4,9.918,C
12.5,0.2,23.5,4.6,1.3,1.7,9.246,A
13.8,0.1,21.9,4.4,1.2,1.6,9.686,B
13.9,0.4,22.3,5.3,1.6,1.3,9.938,C
13.9,0,20.1,5.9,1.4,1.5,9.694,B
12.4,0.1,22.1,5.7,0.9,1.2,9.102,A
13.6,0,23.2,4.3,1.3,1.8,9.7,B
13.9,0.4,23.1,5.8,1.3,1.3,10.05,C
13.9,0.5,24.1,3.9,1.4,1.6,9.998,C
12.5,0.2,23.1,4.3,1.2,1.4,9.158,A
11.9,0.2,23,4.9,1.9,1.4,8.95,A
13.6,0.3,19.7,4.9,0.9,1.9,9.45,B
13.6,0.2,22.4,3.3,1.6,1.3,9.558,B
12.9,0.2,22.7,3.1,1.7,1.6,9.236,A
13.5,0.4,24.1,4.9,1.9,1.8,9.916,C
13.9,0.1,23.2,2.8,1.8,1.9,9.754,B
13.6,0.4,23.7,3.4,1.9,1.5,9.764,B
13.2,0.1,21.8,4.5,1.8,1.9,9.434,B
13.5,0.2,22.9,3.8,1.9,1.9,9.65,B
13.5,0,23.3,4.9,1.6,1.5,9.726,B
13.1,0.3,24.2,4.5,1.9,1.4,9.65,B
13.9,0.1,23.7,5.9,2,1.4,10.106,C
12.9,0.1,22.7,2.7,0.4,1.6,9.098,A
13.8,0.3,24.3,2.8,0.9,1.5,9.784,B
12.9,0.1,24.3,3.3,1.6,1.9,9.402,B
13.8,0.2,24.1,3.9,1.6,1.5,9.896,C
13.1,0.4,22.8,3.5,1.4,1.4,9.4,B
13.9,0.1,23.3,5.2,1.5,1.8,9.982,C
12.9,0.1,23.7,5.8,1.9,1.3,9.586,B
13.9,0.5,20.3,5.2,1.8,1.5,9.768,B
12.9,0.3,23.7,2.8,1.8,1.6,9.332,B
13.8,0.2,21.8,3.2,1.6,1.9,9.612,B
12.7,0.2,22.4,4.5,1.9,1.6,9.258,A
13.8,0.1,23.8,3.4,1.6,1.5,9.796,B
12.8,0.2,23.7,3.9,1.6,1.5,9.356,B
13.8,0.1,23.4,3.5,1.3,1.6,9.752,B
13.1,0.1,22.8,4.5,1.2,1.1,9.416,B
13.8,0.1,22.2,3.5,1.6,1.6,9.65,B
12.8,0.2,22.3,3.2,1.2,1.5,9.122,A
13.4,0.1,23.4,3.2,1.3,1.2,9.506,B
13.1,0.2,22.3,3.2,1.5,1.6,9.294,B
12.9,0.1,23.1,4.9,1.4,1.9,9.43,B
13.4,0.1,20.8,3.5,1.5,1.5,9.3,B
12.6,0.1,24.4,3.9,1.9,1.4,9.32,B
12.6,0.2,22.2,3.6,1.6,1.5,9.076,A
12.9,0.2,21.8,3.3,1.6,1.8,9.168,A
13.6,0.1,24.3,3.2,1.6,1.2,9.714,B
13.9,0.3,23,3.5,1.2,1.6,9.796,B
13.4,0.3,22,3.1,1.3,1.2,9.396,B
13.3,0.1,24.3,2.8,1.2,1.2,9.5,B
13.3,0.3,24.1,3.6,1.5,1.4,9.626,B
13.1,0.2,22.8,3.5,0.5,1.8,9.322,B
13.8,0.2,23.3,3.6,0.9,1.9,9.76,B
12.5,0.1,22,3.2,1.2,1.3,8.914,A
12.5,0.3,20.3,3.1,1.6,1.5,8.806,A
12.6,0.2,23.7,4.3,1.3,1.6,9.282,B
12.7,0.4,21.8,2.8,1.4,1.4,9.03,A
12.6,0.4,22.4,3.6,1.5,1.7,9.138,A
12.5,0.4,23.8,2.5,1.2,1.8,9.104,A
12.9,0.1,22.1,1.9,1.3,1.4,9.004,A
12.6,0.4,23.7,2.5,1.1,1.6,9.13,A
12.8,0.1,23,3.1,1.1,1.5,9.156,A
12.3,0.2,23.1,2.8,1.6,1.9,8.952,A
12.3,0,22,3.6,1.5,1.5,8.86,A
12.5,0.3,21.9,5.6,1.4,1.4,9.2,A
12.4,0.1,22.3,5.3,1.8,1.8,9.16,A
12.8,0.1,20.1,5.4,1.9,1.3,9.136,A
13.1,0.3,22.1,5.6,1.5,1.5,9.53,B
12.9,0.1,23.2,3.2,1.2,1.6,9.246,A
12.6,0.2,23.1,3.1,1.6,1.9,9.132,A
12.8,0.4,24.1,3.8,1.6,1.6,9.43,B
13.2,0.1,23.1,3.8,1.2,1.5,9.442,B
12.8,0.1,23,3.8,1.3,1.5,9.238,A
13.8,0.5,19.7,3.8,1.4,1.9,9.51,B
13.2,0.3,21.9,3.1,1.5,1.5,9.31,B
13.9,0.2,24.4,4.3,1.2,1.4,9.988,C
12.9,0.2,24.1,4.6,1.2,1.8,9.504,B
12.9,0,23.2,4.1,1.6,1.3,9.328,B
12.5,0.1,23.7,3.7,1.4,1.5,9.154,A
13.5,0.1,21.8,3.8,1.5,1.6,9.484,B
13.6,0.2,22.9,4.3,1.3,1.9,9.714,B
13.5,0.1,23.3,3.9,1.4,1.6,9.638,B
13.4,0.2,24.2,4.3,1.2,1.5,9.722,B
13.6,0.1,23.7,4.4,1.6,1.5,9.786,B
13.8,0.2,22.7,3.7,1.6,1.6,9.74,B
13.9,0.1,24.3,3.5,1.3,1.1,9.872,B
13.9,0.1,24.3,4.7,1.2,1.6,10.006,C
13.7,0,24.1,4.1,1.4,1.5,9.814,B
13.1,0.2,22.8,5.2,1.2,1.2,9.51,B
13.9,0.3,23.3,5.8,1.5,1.6,10.074,C
13.5,0.1,23.7,3.2,1.9,1.9,9.65,B
13.4,0.1,20.3,3.5,1.4,1.5,9.244,A
13.6,0.2,23.7,5.2,1.5,1.4,9.876,B
13.6,0,21.8,3.2,1.2,1.5,9.432,B
12.5,0.1,22.4,2.8,1.5,1.8,8.952,A
11.6,0.1,23.8,4.5,1.4,1.2,8.782,A
11.7,0.1,23.7,4.2,1.5,1.6,8.814,A
12.5,0.2,23.4,3.8,1.6,1.2,9.154,A
12.5,0.1,22.8,5.4,1.2,1.2,9.21,A
12.5,0,22.2,5.7,1.3,1.4,9.174,A
12.7,0.1,22.3,5.6,1.2,1.8,9.304,B
12.3,0.2,23.4,5.2,1.8,1.9,9.234,A
12.5,0.1,21.8,5.6,1.2,1.3,9.134,A
12.8,0.2,23.1,5.2,1.7,1.5,9.432,B
13.9,0.1,22.7,5.1,1.9,1.6,9.928,C
10.8,0.2,24.4,4.9,1.2,1.4,8.498,A
11.3,0.4,21.7,5.1,1.4,1.7,8.562,A
10.8,0.2,21.8,4.8,1.5,1.8,8.262,A
12.2,0.3,24.3,5.1,1.2,1.4,9.228,A
12.8,0.3,23,4.3,1.1,1.6,9.32,B
12.2,0.4,22,5.9,1,1.5,9.09,A
12.5,0.2,21.6,4.1,1.3,1.9,9.014,A
12.2,0.3,21.9,5.6,1.2,1.5,9.042,A
12.3,0.3,22.3,4.8,1.3,1.3,9.05,A
12.2,0.1,20.1,5.9,0.9,1.6,8.838,A
11.8,0.3,22.1,4.3,0.4,1.5,8.684,A
11.8,0.2,23.2,5.7,1.9,1.3,8.996,A
11.6,0.2,23.1,4.5,0.5,1.6,8.694,A
12.8,0.1,24.1,3.8,1.9,1.2,9.372,B
11.6,0.2,23.1,4.3,1.3,1.5,8.718,A
13.8,0.1,23,4.6,1.5,1.9,9.846,B
13.1,0.1,19.7,4.1,1.4,1.5,9.094,A
13.9,0.2,24.4,3.7,1.6,1.4,9.952,C
13.4,0.3,24.4,3.8,1.5,1.8,9.742,B
13.3,0.2,24.1,4.1,0.7,1.3,9.604,B
13.3,0.3,23.2,4.3,1.2,1.5,9.592,B
13.1,0.2,23.7,3.9,1.6,1.6,9.51,B
13.8,0.3,21.8,4.3,1.3,1.9,9.724,B
13.9,0.3,22.9,4.1,0.8,1.6,9.822,B
12.9,0.2,23.3,4.3,0.9,1.5,9.364,B
13.4,0.3,24.2,3.7,0.3,1.5,9.628,B
12.7,0.3,23.7,5.4,1.5,1.6,9.474,B
12.8,0.2,22.7,4.2,1.6,1.1,9.27,B
13.5,0.2,24.3,4.9,1.4,1.6,9.858,B
13.8,0.3,24.3,4.5,1.3,1.5,9.978,C
12.7,0.3,24.1,4.6,1.8,1.2,9.436,B
13.1,0.2,22.8,4.4,1,1.6,9.434,B
12.6,0.3,23.3,5.3,0.9,1.9,9.35,B
12.4,0.2,23.7,5.9,0.4,1.5,9.284,B
13.2,0.2,20.3,5.7,0.3,1.4,9.314,B
13.2,0.2,23.7,4.3,0.9,1.5,9.554,B
13.1,0.3,21.8,5.8,0.4,1.8,9.466,B
13.7,0.3,22.4,3.9,1.6,1.2,9.684,B
13.2,0.2,23.8,4.3,1.6,1.6,9.61,B
13.2,0.3,23.7,4.9,1.4,1.2,9.652,B
13.2,0.2,24.4,4.9,1.5,1.2,9.708,B
13.4,0.3,24.1,3.3,1.6,1.4,9.652,B
13.3,0.2,23.2,3.1,0.8,1.8,9.44,B
13.2,0.3,23.7,4.9,1.2,1.9,9.668,B
13.5,0.4,22.7,2.8,1.8,1.3,9.54,B
13.4,0.5,22.9,3.4,1.5,1.5,9.58,B
13.3,0.5,23.3,4.5,1.3,1.6,9.672,B
13.3,0.5,24.2,3.8,1.5,1.4,9.696,B
13.1,0.3,23.7,4.5,1.6,1.5,9.586,B
13.2,0.2,22.7,3.4,1.4,1.4,9.39,B
12.2,0.5,24.3,3.9,1.1,1.8,9.158,A
13.9,0.5,24.3,3.5,1.6,1.3,9.978,C
12.5,0.4,24.1,4.5,1.6,1.5,9.346,B
13.8,0.1,22.8,3.5,1.5,1.6,9.704,B
13.9,0.3,23.3,3.2,1.9,1.9,9.85,B
13.9,0.1,22,3.2,1.5,1.6,9.644,B
12.4,0.5,20.3,3.2,1.3,1.5,8.788,A
13.6,0.4,23.7,4.9,1.4,1.5,9.884,C
13.9,0.2,21.8,3.5,1.7,1.6,9.686,B
13.9,0.2,22.4,3.9,1.6,1.1,9.76,B
12.5,0.1,23.8,3.6,1.6,1.6,9.17,A
11.9,0.1,22.9,3.3,1.9,1.5,8.764,A
13.6,0.2,23.7,3.2,1.5,1.2,9.668,B
13.6,0.2,23,3.5,1.3,1.6,9.632,B
12.9,0.1,23.1,3.1,1.9,1.9,9.28,B
13.5,0.3,23.7,2.8,1.4,1.5,9.604,B
13.9,0.3,21.9,3.6,1.2,1.4,9.688,B
13.6,0.3,22.3,3.5,1.6,1.5,9.596,B
13.2,0.3,20.1,3.6,1.2,1.8,9.174,A
13.5,0.2,22.1,3.2,0.4,1.2,9.392,B
13.5,0.2,23.2,3.1,1.2,1.6,9.556,B
13.1,0.1,23.1,4.3,0.3,1.9,9.404,B
13.9,0.3,24.1,2.8,1.6,1.5,9.856,B
12.9,0.2,23.1,3.6,1.2,1.4,9.288,B
13.8,0.4,23,2.5,1.8,1.5,9.698,B
12.9,0.2,19.7,1.9,1.8,1.8,8.83,A
13.8,0.2,21.4,2.5,1.6,1.2,9.474,B
13.1,0.2,24.4,3.2,1.3,1.6,9.492,B
13.9,0.1,24.1,4.8,1.4,1.2,9.992,C
12.9,0.3,23.2,4.4,1.5,1.2,9.408,B
13.9,0.2,23.7,3.6,1.2,1.4,9.848,B
12.9,0.3,21.8,4.5,1.3,1.8,9.29,B
13.8,0.1,22.9,4.6,1.1,1.9,9.812,B
12.7,0.4,23.3,4.8,1.1,1.3,9.358,B
13.8,0.1,24.2,4.1,1.6,1.5,9.906,C
12.8,0.2,23.7,4.2,1.5,1.6,9.384,B
13.8,0.2,22.7,4.1,1.4,1.4,9.76,B
13.1,0.2,24.3,5.1,1.8,1.7,9.706,B
13.8,0.3,24.3,5.1,1.9,1.8,10.086,C
12.8,0.4,24.1,5.1,1.5,1.4,9.546,B
13.4,0.2,22.8,5.2,1.2,1.6,9.676,B
13.1,0.1,23.3,5.8,1.6,1.5,9.636,B
12.9,0.4,23.7,5.2,1.6,1.9,9.592,B
13.4,0,20.3,5.2,1.2,1.5,9.382,B
12.6,0.1,23.7,5.6,1.3,1.3,9.38,B
12.6,0,21.8,5.3,1.4,1.6,9.158,A
12.9,0.4,22.4,5.4,1.5,1.5,9.46,B
13.6,0.5,23.8,5.6,1.2,1.3,9.964,C
13.9,0.2,23.7,3.2,1.2,1.6,9.816,B
13.4,0.2,24.2,3.1,1.6,1.2,9.614,B
13.3,0.3,23.7,3.8,1.4,1.5,9.604,B
13.3,0.2,22.7,3.8,1.5,1.9,9.506,B
13.1,0.2,24.3,3.8,1.3,1.5,9.538,B
13.8,0.4,24.3,3.8,1.4,1.4,9.93,C
11.3,0.1,24.1,3.1,1.2,1.8,8.534,A
10.8,0.4,22.8,4.3,1.6,1.3,8.338,A
12.2,0.1,23.3,4.6,1.6,1.5,9.066,A
12.8,0.2,24.9,4.1,1.3,1.6,9.482,B
12.2,0,20.3,3.7,1.2,1.9,8.648,A
12.5,0.3,23.7,3.8,1.4,1.6,9.208,A
12.2,0.1,21.8,4.3,1.2,1.5,8.862,A
12.3,0.1,22.4,4.9,1.5,1.5,9.05,A
12.2,0.3,23.8,4.9,1.9,1.6,9.208,A
11.8,0.1,23.7,3.3,1.4,1.1,8.748,A
11.8,0.2,23.4,3.1,1.5,1.6,8.744,A
11.6,0.4,22.8,4.9,1.2,1.5,8.782,A
12.8,0.1,22.2,2.8,1.5,1.2,9.058,A
11.6,0.1,22.3,3.4,1.4,1.6,8.538,A
13.8,0.5,23.4,4.5,1.5,1.9,9.956,C
13.1,0.3,20.4,3.8,1.6,1.5,9.186,A
13.9,0.2,23.1,4.9,1.2,1.4,9.918,C
13.4,0.2,22.7,4.5,1.3,1.5,9.598,B
13.3,0.1,24.4,5.9,1.2,1.8,9.844,B
13.3,0.2,20.7,2.7,1.8,1.2,9.186,A
13.1,0.1,21.8,2.8,1.2,1.6,9.166,A
13.8,0.1,24.3,3.3,1.7,1.2,9.83,B
13.9,0.1,23,3.9,1.9,1.2,9.822,B
12.9,0.2,22,3.5,1.2,1.4,9.168,A
13.4,0.1,24.3,5.2,1.4,1.8,9.826,B
12.7,0.2,21.9,5.8,1.5,1.9,9.326,B
12.8,0.1,22.3,5.2,1.2,1.3,9.294,B
13.5,0.1,20.1,2.8,0.9,1.5,9.174,A
13.8,0.1,22.1,3.2,0.6,1.6,9.55,B
12.7,0.2,23.2,4.5,1.3,1.4,9.294,B
13.1,0.2,23.1,3.4,1.2,1.5,9.372,B
12.6,0.1,24.1,3.9,1.3,1.4,9.254,A
12.4,0.3,23.1,3.5,0.9,1.8,9.046,A
13.2,0.3,23,4.5,0.4,1.3,9.486,B
13.2,0.1,19.7,3.5,1.9,1.5,9.114,A
13.1,0.3,24.4,3.2,0.5,1.6,9.464,B
13.7,0.2,24.4,3.2,1.9,1.9,9.84,B
13.2,0.2,24.1,3.2,1.3,1.6,9.512,B
13.2,0.1,23.2,4.9,1.5,1.5,9.58,B
13.2,0.3,23.7,3.5,1.4,1.9,9.54,B
13.4,0.2,24.1,3.9,1.6,1.5,9.696,B
13.3,0.4,23.1,3.6,1.5,1.4,9.546,B
13.2,0.4,23,3.3,0.7,1.8,9.424,B
13.5,0.4,19.7,3.2,1.2,1.3,9.244,A
13.4,0.1,24.4,3.5,1.6,1.5,9.666,B
13.3,0.4,24.4,3.1,1.3,1.6,9.622,B
13.4,0.1,24.1,2.8,0.8,1.9,9.534,B
13.1,0.2,23.2,3.6,0.9,1.6,9.388,B
13.2,0,23.7,3.5,0.3,1.5,9.398,B
12.2,0.3,21.8,3.6,1.5,1.5,8.85,A
13.9,0.1,22.9,3.2,1.6,1.6,9.74,B
12.5,0.1,23.3,3.1,1.4,1.1,9.038,A
13.8,0.3,24.2,4.3,1.3,1.6,9.952,C
13.9,0.1,23.7,2.8,1.8,1.5,9.788,B
13.9,0.2,22.7,3.6,1.6,1.2,9.764,B
12.4,0.4,24.3,2.5,0.9,1.6,9.078,A
13.6,0.1,24.3,1.9,0.4,1.9,9.54,B
13.9,0.1,24.1,2.5,0.3,1.5,9.708,B
13.9,0.5,22.8,3.2,0.9,1.4,9.76,B
12.5,0.3,23.3,4.8,0.4,1.5,9.204,A
11.9,0.2,23.7,4.4,1.6,1.8,8.968,A
13.6,0.2,20.3,3.6,1.6,1.2,9.374,B
13.6,0,23.7,4.5,1.4,1.6,9.768,B
12.9,0.1,21.8,4.6,1.5,1.2,9.248,A
13.5,0.1,22.4,4.8,1.6,1.2,9.634,B
13.9,0.5,23.8,4.1,0.8,1.4,9.944,C
13.6,0.3,23.7,4.2,1.2,1.8,9.794,B
13.2,0.2,24.4,4.1,1.9,1.9,9.68,B
13.5,0.2,24.1,5.1,0.5,1.3,9.792,B
13.5,0.5,23.2,5.1,1.9,1.5,9.854,B
13.1,0.2,23.7,5.1,1.3,1.6,9.612,B
13.9,0.2,22.7,5.2,1.5,1.4,9.926,C
12.9,0.1,22.9,5.8,1.4,1.5,9.484,B
13.8,0.1,23.3,5.2,1.6,1.4,9.922,C
12.9,0.2,24.2,5.2,1.5,1.8,9.592,B
13.8,0.1,23.7,5.6,0.7,1.3,9.944,C
13.1,0.2,22.7,5.3,1.2,1.5,9.522,B
13.9,0.1,24.3,5.4,1.6,1.6,10.1,C
12.9,0.1,24.3,5.6,1.3,1.9,9.614,B
13.9,0.2,24.1,3.2,0.8,1.6,9.832,B
12.9,0.2,22.8,3.1,0.9,1.5,9.194,A
13.8,0.3,23.3,3.8,0.3,1.5,9.748,B
12.7,0.1,22,3.8,1.5,1.6,9.104,A
13.8,0.1,20.3,3.8,1.6,1.1,9.47,B
12.8,0.2,23.7,3.8,1.4,1.6,9.338,B
13.8,0,21.8,3.1,1.3,1.5,9.528,B
13.1,0.1,22.4,4.3,1.8,1.2,9.396,B
13.8,0.1,23.8,4.6,1.1,1.6,9.89,C
12.8,0.1,22.4,4.1,0.9,1.9,9.2,A
13.4,0.2,23.7,3.7,0.4,1.5,9.564,B
13.1,0.1,23,3.8,0.3,1.4,9.324,B
12.9,0,23.1,4.3,0.9,1.5,9.304,B
13.4,0.1,22.4,3.9,0.4,1.8,9.446,B
12.6,0.2,23.2,4.3,1.6,1.2,9.234,A
12.6,0.4,22.3,4.4,1.6,1.6,9.21,A
12.9,0.2,20.1,3.7,1.4,1.2,9.002,A
13.6,0.3,22.1,3.5,1.5,1.2,9.558,B
13.9,0.3,23.2,4.7,1.6,1.4,9.952,C
13.4,0.4,23.1,4.1,0.8,1.8,9.62,B
13.3,0.2,24.1,5.2,1.2,1.9,9.768,B
13.3,0.3,23.1,5.8,1.8,1.3,9.76,B
13.1,0.3,23,3.2,1.5,1.5,9.38,B
13.8,0.1,19.7,3.5,1.3,1.6,9.382,B
12.5,0.3,21.4,5.2,1.5,1.4,9.116,A
12.5,0.2,24.4,3.2,1.6,1.7,9.214,A
12.6,0.2,24.1,2.8,1.4,1.8,9.186,A
12.7,0.1,23.2,4.5,1.1,1.4,9.262,A
12.6,0.1,23.7,4.2,1.6,1.6,9.27,B
12.5,0.2,21.8,3.8,1.6,1.5,9.006,A
12.9,0.2,22.9,5.4,1.5,1.9,9.486,B
12.6,0.1,23.3,5.7,1.9,1.5,9.394,B
12.8,0.3,24.2,5.6,1.5,1.4,9.586,B
12.3,0.3,23.7,5.2,1.3,1.8,9.25,A
12.3,0.3,22.7,5.6,1.4,1.3,9.176,A
12.5,0.3,24.3,5.2,1.7,1.5,9.422,B
12.4,0.2,24.3,5.1,1.6,1.6,9.34,B
12.8,0.2,24.1,4.9,1.6,1.9,9.512,B
13.1,0.1,22.8,5.1,1.9,1.6,9.538,B
12.9,0.3,23.3,4.8,1.5,1.5,9.47,B
12.6,0.2,23.7,5.1,1.3,1.5,9.358,B
12.8,0.4,20.3,4.3,1.9,1.6,9.118,A
13.2,0.2,23.7,5.9,1.4,1.1,9.728,B
12.8,0.2,21.8,4.1,1.2,1.6,9.166,A
13.8,0.2,22.4,5.6,1.6,1.5,9.896,C
13.2,0.1,23.8,4.8,1.2,1.2,9.6,B
13.9,0.3,23.7,5.9,1.2,1.6,10.106,C
12.9,0.2,23.2,4.3,1.2,1.9,9.388,B
12.9,0.3,21.9,5.7,0.3,1.5,9.348,B
13.2,0.1,24.1,4.5,1.6,1.4,9.632,B
13.2,0.4,23.1,3.8,1.2,1.5,9.502,B
13.1,0.1,23,4.3,1.8,1.8,9.48,B
13.7,0.2,22.4,4.6,1.8,1.2,9.746,B
13.2,0.2,21.9,4.1,1.6,1.6,9.4,B
13.2,0.2,24.1,3.7,1.3,1.2,9.546,B
13.2,0.3,22.8,3.8,1.4,1.2,9.452,B
13.4,0.4,23.3,4.1,1.5,1.4,9.666,B
13.3,0.2,23.7,4.3,1.2,1.8,9.634,B
13.2,0.1,20.3,3.9,1.3,1.9,9.194,A
13.5,0.4,23.7,4.3,1.1,1.3,9.748,B
13.4,0.1,21.8,4.1,1.1,1.5,9.436,B
13.3,0.1,22.4,4.3,1.6,1.6,9.5,B
13.3,0.1,23.8,3.7,1.5,1.4,9.566,B
13.1,0.5,23.7,5.4,1.4,1.7,9.712,B
13.2,0.5,23.4,4.2,1.8,1.6,9.632,B
12.2,0.2,22.8,4.9,1.9,1.3,9.076,A
13.9,0.3,22.2,4.5,1.5,1.5,9.83,B
12.5,0.2,22.3,4.6,1.2,1.2,9.1,A
13.8,0.2,23.4,4.4,1.6,1.8,9.888,C
13.9,0.2,23.7,5.3,1.6,1.3,10.038,C
13.9,0.4,23.1,5.9,1.2,1.6,10.066,C
12.4,0.1,22.7,5.7,1.3,1.4,9.194,A
13.6,0.5,24.4,4.3,1.4,1.4,9.91,C
13.9,0.3,26,5.8,1.5,1.9,10.356,C
13.9,0.1,21.8,3.9,1.2,1.3,9.664,B
12.5,0.1,24.3,4.3,1.2,1.6,9.266,A
11.9,0.3,23,4.9,1.6,1.8,8.968,A
13.6,0.1,22,4.9,1.4,1.9,9.67,B
13.6,0.2,24.2,3.3,1.5,1.5,9.74,B
12.9,0.4,21.9,3.1,1.3,1.9,9.184,A
13.5,0.1,22.3,4.9,1.4,1.9,9.65,B
13.9,0.1,20.1,2.8,1.2,1.5,9.392,B
13.6,0.5,22.1,3.4,1.6,1.4,9.602,B
13.2,0.3,23.2,4.5,1.6,1.4,9.582,B
13.5,0.2,23.1,3.8,1.3,1.6,9.622,B
13.5,0.2,24.1,4.9,1.2,1.5,9.822,B
13.1,0.1,23.1,4.5,1.4,1.9,9.49,B
13.9,0.1,23,5.9,1.2,1.5,9.992,C
12.9,0.1,19.7,2.7,1.5,1.4,8.856,A
13.8,0.2,24.4,2.8,1.9,1.8,9.846,B
12.9,0.1,24.4,3.3,1.4,1.3,9.376,B
13.8,0.1,24.1,3.9,1.5,1.5,9.87,B
13.1,0.1,23.2,3.5,1.2,1.6,9.376,B
13.9,0.2,23.7,5.2,1.5,1.9,10.046,C
12.9,0.1,21.8,5.8,1.4,1.6,9.378,B
13.9,0.2,22.9,5.2,1.5,1.5,9.95,C
12.9,0.1,23.3,2.8,1.6,1.5,9.236,A
13.8,0.2,16.9,3.2,1.2,1.6,9.086,A
12.7,0.4,23.7,4.5,1.3,1.1,9.372,B
13.8,0.2,22.7,3.4,1.2,1.6,9.686,B
12.8,0.3,24.3,3.9,1.8,1.5,9.448,B
13.8,0.3,24.3,3.5,1.2,1.2,9.86,B
13.1,0.4,24.1,4.5,1.7,1.6,9.656,B
13.8,0.2,22.8,3.5,1.9,1.9,9.76,B
12.8,0.3,23.3,3.2,1.2,1.5,9.242,A
13.4,0.3,23.7,3.2,1.2,1.4,9.578,B
13.1,0.1,20.3,3.2,1.3,1.5,9.058,A
12.9,0.3,23.7,4.9,1.6,1.8,9.538,B
13.4,0.2,21.8,3.5,1.3,1.2,9.396,B
12.6,0.2,22.4,3.9,0.8,1.6,9.082,A
12.6,0.1,23.8,3.6,1.9,1.2,9.222,A
12.9,0.1,23.7,3.3,1.3,1.2,9.296,B
13.6,0.2,24.4,3.2,1.5,1.4,9.746,B
13.9,0.2,24.1,3.5,1.6,1.8,9.918,C
13.4,0.1,23.2,3.1,1.4,1.9,9.51,B
13.3,0.3,23.7,2.8,1.3,1.3,9.49,B
13.3,0.3,22.7,3.6,1.8,1.5,9.508,B
13.1,0.3,22.9,3.5,1.6,1.4,9.402,B
13.8,0.3,23.3,3.6,0.9,1.8,9.776,B
11.3,0.2,24.2,3.2,0.4,1.3,8.506,A
10.8,0.2,23.7,3.1,0.3,1.5,8.198,A
12.2,0.1,22.7,4.3,0.9,1.6,8.938,A
12.8,0.3,24.3,2.8,0.5,1.9,9.276,B
12.2,0.2,24.3,3.6,1.6,1.6,9.09,A
12.5,0.4,24.1,2.5,1.6,1.5,9.146,A
12.2,0.2,22.8,1.9,1.4,1.5,8.754,A
12.3,0.2,23.3,2.5,1.5,1.6,8.924,A
12.2,0.2,22,3.1,1.6,1.1,8.79,A
11.8,0.1,20.3,2.8,1.8,1.6,8.402,A
11.8,0.3,23.7,3.6,1.2,1.5,8.822,A
11.6,0.2,21.8,3.5,1.9,1.2,8.532,A
12.8,0.3,22.4,3.6,0.5,1.6,9.154,A
11.6,0.1,23.8,3.2,1.9,1.9,8.71,A
13.8,0.4,22.7,3.1,1.3,1.5,9.698,B
13.1,0.1,23.7,4.3,1.5,1.4,9.516,B
13.9,0.2,23,2.8,1.4,1.5,9.714,B
13.4,0.2,23.1,3.6,1.6,1.8,9.578,B
13.3,0.2,23.7,2.5,1.5,1.2,9.448,B
13.3,0.3,21.9,1.9,0.7,1.6,9.196,A
13.1,0.4,22.3,2.5,1.2,1.2,9.23,A
13.8,0.2,20.1,3.2,1.6,1.2,9.414,B
13.9,0.1,22.1,3.5,1.3,1.4,9.664,B
12.9,0.4,23.2,4.5,0.8,1.8,9.42,B
13.4,0.1,23.1,4.6,0.9,1.9,9.62,B
12.7,0.1,24.1,4.8,0.3,1.3,9.33,B
12.8,0.2,23.1,4.1,1.5,1.5,9.31,B
13.5,0.3,23,4.2,1.6,1.6,9.69,B
13.8,0.2,19.7,4.1,1.4,1.4,9.46,B
12.7,0.3,21.4,5.1,1.3,1.7,9.206,A
13.1,0.2,24.4,5.1,1.8,1.8,9.72,B
12.6,0.3,24.1,5.1,1.1,1.4,9.402,B
12.4,0.3,23.2,5.2,0.9,1.6,9.218,A
13.2,0.2,23.7,5.8,0.4,1.5,9.674,B
13.2,0.3,21.8,5.2,0.3,1.9,9.454,B
13.1,0.3,22.9,5.2,0.9,1.5,9.534,B
13.7,0.2,23.3,5.6,0.4,1.4,9.86,B
13.2,0.2,24.2,5.3,1.6,1.8,9.758,B
13.2,0.3,23.7,5.4,1.6,1.3,9.718,B
13.2,0.3,22.7,5.6,1.4,1.5,9.634,B
13.4,0.2,24.3,3.2,1.5,1.6,9.644,B
13.3,0.3,24.3,3.1,1.6,1.9,9.622,B
13.2,0.2,24.1,3.8,0.8,1.6,9.542,B
13.5,0.2,22.8,3.8,1.2,1.5,9.582,B
13.4,0.2,23.3,3.8,1.8,1.5,9.618,B
13.3,0.3,23.7,3.8,1.5,1.6,9.614,B
13.4,0.3,20.3,3.1,1.2,1.1,9.216,A
13.1,0.2,23.7,4.3,1.8,1.6,9.562,B
13.2,0.3,21.8,4.6,1.5,1.5,9.45,B
12.2,0.2,22.4,4.1,1.3,1.2,8.916,A
13.9,0.3,23.8,3.7,1.5,1.6,9.914,C
12.5,0.2,23.7,3.8,1.6,1.9,9.212,A
13.8,0.3,24.2,4.3,1.4,1.5,9.954,C
13.9,0.4,23.7,3.9,1.1,1.4,9.912,C
13.9,0.3,22.7,4.3,1.4,1.5,9.854,B
12.4,0.2,24.3,4.4,1.6,1.8,9.278,B
13.6,0.1,24.3,3.7,1.2,1.2,9.74,B
13.9,0.3,24.1,3.5,1.1,1.6,9.9,C
13.9,0.2,22.8,4.7,1.6,1.2,9.884,C
12.5,0.4,23.3,4.1,1.3,1.2,9.196,A
11.9,0.5,23.7,5.2,1.4,1.4,9.08,A
13.6,0.2,20.3,5.8,1.2,1.8,9.594,B
13.6,0.4,23.7,3.2,1.8,1.9,9.754,B
12.9,0.3,21.8,3.5,1.7,1.3,9.194,A
13.5,0.1,22.4,3.4,1.8,1.5,9.518,B
13.9,0.5,23.8,4.5,1.5,1.6,10.034,C
13.6,0.1,23.7,3.8,1.7,1.4,9.728,B
13.2,0.2,17.9,4.9,1.5,1.7,9.078,A
13.5,0.4,24.4,4.5,1.9,1.6,9.898,C
13.5,0.2,24.1,5.9,1.2,1.3,9.914,C
13.1,0.3,23.2,2.7,1.2,1.5,9.332,B
13.9,0.3,23.7,2.8,0.3,1.2,9.726,B
12.9,0.4,21.8,3.3,1.6,1.8,9.208,A
13.8,0.2,22.9,3.9,1.2,1.3,9.744,B
12.9,0.3,23.3,3.5,1.8,1.6,9.362,B
13.8,0.3,24.2,5.2,1.8,1.4,10.064,C
13.1,0.1,23.7,5.8,1.6,1.4,9.672,B
13.9,0.3,22.7,5.2,1.3,1.9,9.954,C
12.9,0.2,24.3,2.8,1.4,1.3,9.336,B
13.9,0.2,24.3,3.2,1.5,1.6,9.894,C
12.9,0.1,24.1,4.5,1.2,1.8,9.474,B
13.8,0.1,22.8,3.4,1.3,1.9,9.694,B
12.7,0.2,23.3,3.9,1.1,1.5,9.236,A
13.8,0.2,23.7,3.5,1.1,1.9,9.802,B
12.8,0.1,20.3,4.5,1.4,1.9,9.06,A
13.8,0.3,23.7,3.5,1.5,1.5,9.83,B
13.1,0.3,21.8,3.2,1.4,1.4,9.25,A
13.8,0.3,22.4,3.2,1.8,1.4,9.684,B
12.8,0.3,23.8,3.2,1.9,1.6,9.338,B
13.4,0.2,23.7,4.9,1.5,1.5,9.75,B
13.1,0.2,23.2,3.5,1.2,1.9,9.408,B
12.9,0.1,21.9,3.9,1.6,1.5,9.206,A
13.4,0.3,24.1,3.6,1.6,1.4,9.682,B
12.6,0.2,23.1,3.3,1.2,1.8,9.124,A
12.6,0.4,23,3.2,1.3,1.3,9.13,A
12.9,0.2,22.4,3.5,1.4,1.5,9.224,A
13.6,0.2,21.9,3.1,1.5,1.6,9.494,B
13.9,0.2,24.4,2.8,1.2,1.9,9.858,B
13.4,0.1,24.1,3.6,1.2,1.6,9.626,B
13.3,0.3,23.2,3.5,1.6,1.5,9.536,B
13.3,0.2,23.7,3.6,1.4,1.5,9.564,B
13.1,0.3,22.7,3.2,1.5,1.6,9.354,B
13.8,0.1,22.9,3.1,1.3,1.1,9.642,B
12.5,0.4,23.3,4.3,1.4,1.6,9.238,A
12.5,0.1,24.2,2.8,1.2,1.5,9.102,A
12.6,0.2,23.7,3.6,1.6,1.2,9.214,A
12.7,0.2,22.7,2.5,1.6,1.6,9.07,A
12.6,0.2,24.3,1.9,1.3,1.9,9.114,A
12.5,0.3,24.3,2.5,1.2,1.5,9.122,A
12.9,0.4,24.1,3.1,1.4,1.4,9.39,B
12.6,0.2,22.8,2.8,1.2,1.5,9.032,A
12.8,0.1,23.3,3.6,1.5,1.8,9.272,B
12.3,0.4,22,3.5,1.9,1.2,8.942,A
12.3,0.1,20.3,3.6,1.4,1.6,8.708,A
12.5,0.1,23.7,3.2,1.5,1.2,9.098,A
12.4,0.1,21.8,3.1,1.2,1.2,8.83,A
12.8,0.5,22.4,4.3,1.5,1.4,9.316,B
13.1,0.5,23.8,2.8,1.4,1.8,9.466,B
12.9,0.2,23.7,3.6,1.5,1.9,9.386,B
12.6,0.3,23.7,2.5,1.6,1.3,9.128,A
12.8,0.2,23,1.9,2,1.2,9.098,A
13.2,0.2,23.1,2.5,1.3,1.2,9.326,B
12.8,0.2,23.5,3.2,1.2,1.4,9.238,A
13.8,0.4,21.9,3.5,1.8,1.8,9.7,B
13.2,0.1,22.3,4.5,1.2,1.9,9.448,B
13.9,0.5,20.1,4.6,1.7,1.3,9.674,B
12.9,0.3,22.1,4.8,1.9,1.5,9.374,B
12.9,0.1,23.2,4.1,1.2,1.6,9.336,B
12.5,0.1,23.1,4.2,1.4,1.4,9.14,A
11.7,0.3,24.1,4.1,1.5,1.7,8.888,A
12.8,0.1,23.1,5.1,1.2,1.8,9.384,B
12.1,0.2,23,5.1,0.9,1.4,9.01,A
12.2,0.4,19.7,5.1,0.6,1.6,8.76,A
11.9,0.1,24.5,5.2,1.3,1.5,9.078,A
11.8,0.1,22.7,5.8,1.2,1.9,8.918,A
12.5,0.5,24.1,5.2,1.3,1.5,9.418,B
12.7,0.3,23.2,5.2,1.2,1.4,9.378,B
12.2,0.2,23.7,5.6,1.6,1.8,9.238,A
11.1,0.2,21.8,5.3,1.4,1.3,8.436,A
11.9,0.1,22.9,5.4,0.9,1.5,8.914,A
12.8,0.1,23.3,5.6,1.3,1.6,9.452,B
12.1,0.3,24.2,3.2,1.3,1.9,9.004,A
11.1,0.1,23.7,3.1,1.4,1.6,8.398,A
12.2,0.2,22.7,3.8,1.2,1.5,8.922,A
12.8,0.4,24.3,3.8,1.9,1.5,9.464,B
12.5,0.1,24.3,3.8,0.9,1.6,9.198,A
11.6,0.1,24.1,3.8,1.4,1.1,8.738,A
11.7,0.5,22.8,3.1,1.7,1.6,8.706,A
12.5,0.3,23.3,4.3,1.9,1.5,9.244,A
12.5,0.2,23.7,4.6,1.8,1.2,9.276,B
12.5,0.2,20.3,4.1,1.9,1.6,8.908,A
12.7,0.2,23.7,3.7,1.8,1.9,9.314,B
12.3,0.3,21.8,3.8,1.9,1.5,8.944,A
12.5,0.3,22.4,4.3,1.6,1.4,9.132,A
12.8,0.2,23.8,3.9,1.9,1.5,9.384,B
13.1,0.3,23.7,4.3,2,1.8,9.602,B
10.8,0.2,23.4,4.4,0.4,1.2,8.292,A
11.3,0.3,22.8,3.7,0.9,1.6,8.478,A
10.8,0.2,22.2,3.5,1.6,1.2,8.154,A
12.2,0.3,22.3,4.7,1.6,1.2,9.004,A
12.8,0.4,23.4,4.1,1.4,1.4,9.37,B
12.2,0.5,23.5,5.2,1.5,1.8,9.232,A
12.5,0.5,23.1,5.8,1.9,1.9,9.43,B
12.2,0.5,22.7,3.2,1.8,1.3,8.95,A
12.3,0.3,24.4,3.5,1.2,1.5,9.132,A
12.2,0.2,24.5,5.2,1.8,1.6,9.282,B
11.8,0.5,12.8,3.2,1.5,1.4,7.746,A
11.8,0.5,24.3,2.8,1.3,1.5,8.848,A
11.6,0.4,23,4.5,1.5,1.4,8.776,A
12.8,0.1,22,4.2,1.6,1.8,9.208,A
11.6,0.3,24.3,3.8,1.4,1.3,8.806,A
13.8,0.1,24.1,5.4,1.1,1.5,9.996,C
13.1,0.5,22.8,5.7,1.4,1.6,9.648,B
13.9,0.4,23.3,5.6,1.6,1.9,10.092,C
13.4,0.2,22,5.2,1.2,1.6,9.596,B
13.3,0.2,20.3,5.6,1.1,1.5,9.406,B
13.3,0.1,23.7,5.2,1.6,1.5,9.716,B
13.1,0.1,21.8,3.6,1.3,1.6,9.252,A
13.8,0.2,22.4,3.3,1.4,1.1,9.638,B
13.9,0.2,23.8,3.2,1.2,1.6,9.826,B
12.9,0.1,24.5,3.5,1.8,1.5,9.438,B
13.4,0.3,23.7,3.1,1.7,1.2,9.59,B
12.7,0.3,23,2.8,1.8,1.6,9.162,A
12.8,0.3,23.1,3.6,1.5,1.9,9.296,B
13.5,0.3,23.7,3.5,1.7,1.5,9.692,B
13.8,0.2,21.9,3.6,1.5,1.4,9.636,B
12.7,0.2,22.3,3.2,1.9,1.5,9.114,A
13.1,0.1,20.1,3.1,1.2,1.8,9.034,A
12.6,0.3,22.1,4.3,1.6,1.2,9.144,A
12.4,0.2,23.2,2.8,1.3,1.6,8.982,A
13.2,0.4,23.1,3.6,1.4,1.2,9.482,B
13.2,0.2,24.1,2.5,1.5,1.2,9.438,B
13.1,0.2,23.1,1.9,1.2,1.4,9.218,A
13.7,0.2,23,2.5,1.3,1.8,9.59,B
13.2,0.1,19.7,3.2,1.1,1.9,9.052,A
13.2,0.3,24.2,4.8,1.1,1.3,9.678,B
13.2,0.2,24.4,4.4,1.6,1.5,9.676,B
13.4,0.3,24.1,3.6,1.5,1.6,9.684,B
13.3,0.1,23.2,4.5,1.4,1.4,9.58,B
13.2,0.4,23.7,4.6,1.8,1.7,9.686,B
13.5,0.1,21.8,4.8,1.9,1.8,9.616,B
13.4,0.2,22.9,4.1,1.5,1.4,9.586,B
13.3,0.2,23.3,4.2,1.2,1.6,9.576,B
13.3,0.2,24.2,4.1,1.6,1.5,9.676,B
13.1,0.3,23.7,5.1,1.6,1.9,9.662,B
13.2,0.4,22.7,5.1,1.2,1.5,9.592,B
12.2,0.2,24.3,5.1,1.3,1.4,9.214,A
13.9,0.1,24.3,5.2,1.4,1.8,10.076,C
12.5,0.4,24.1,5.8,1.5,1.3,9.462,B
13.8,0,22.8,5.2,1.2,1.5,9.832,B
13.9,0.1,23.3,5.2,1.2,1.6,9.956,C
13.9,0,23.7,5.6,1.6,1.9,10.052,C
12.4,0.4,20.3,5.3,1.4,1.6,8.988,A
13.6,0.5,23.7,5.4,1.5,1.5,9.96,C
13.9,0.2,21.8,5.6,1.3,1.5,9.868,B
13.9,0.2,22.4,3.2,1.4,1.6,9.698,B
12.5,0.3,23.8,3.1,1.2,1.1,9.116,A
11.9,0.2,23.7,3.8,1.6,1.6,8.9,A
13.6,0.2,23.4,3.8,1.6,1.5,9.716,B
13.6,0.4,22.8,3.8,1.3,1.2,9.666,B
12.9,0.1,22.2,3.8,1.2,1.6,9.206,A
13.5,0.4,22.3,3.1,1.4,1.9,9.53,B
13.9,0.1,23.4,4.3,1.2,1.5,9.872,B
13.6,0.2,19.2,4.6,1.5,1.4,9.366,B
13.2,0,23.1,4.1,1.9,1.5,9.494,B
13.5,0.3,22.7,3.7,1.4,1.8,9.606,B
13.5,0.1,24.4,3.8,1.5,1.2,9.728,B
13.1,0.1,18.7,4.3,1.2,1.6,9.006,A
13.9,0.3,21.8,4.9,1.5,1.2,9.818,B
12.9,0.1,24.3,4.9,1.4,1.2,9.522,B
13.8,0.2,23,3.3,1.5,1.4,9.716,B
12.9,0.4,22,3.1,1.6,1.8,9.208,A
13.8,0.1,24,4.9,1.2,1.9,9.958,C
13.1,0.1,21.9,2.8,1.3,1.3,9.17,A
13.9,0.5,22.3,3.4,1.2,1.5,9.752,B
12.9,0.3,20.1,4.5,1.8,1.6,9.142,A
13.9,0.2,22.1,3.8,1.2,1.4,9.708,B
12.9,0.2,23.2,4.9,1.7,1.7,9.47,B
13.8,0.1,23.1,4.5,1.9,1.6,9.858,B
12.7,0.2,24.1,5.9,1.2,1.3,9.514,B
13.8,0.1,23.1,2.7,1.4,1.5,9.644,B
12.8,0.1,23,2.8,1.5,1.2,9.138,A
13.8,0.1,19.7,3.3,1.2,1.8,9.364,B
13.1,0.2,24.4,3.9,1.1,1.3,9.538,B
13.8,0.1,24.4,3.5,1,1.6,9.834,B
12.8,0.2,24.1,5.2,1.3,1.4,9.504,B
13.4,0.1,23.2,5.8,1.2,1.4,9.748,B
13.1,0.1,23.7,5.2,1.3,1.9,9.614,B
12.9,0.1,21.8,2.8,0.9,1.3,9.036,A
13.4,0.2,22.9,3.2,0.4,1.6,9.438,B
12.6,0.2,23.3,4.5,1.9,1.8,9.306,B
12.6,0.1,24.2,3.4,0.5,1.9,9.186,A
12.9,0.3,23.7,3.9,0.8,1.5,9.378,B
13.6,0.3,22.7,3.5,1.3,1.9,9.634,B
13.9,0.1,24.3,4.5,1.5,1.9,10.016,C
13.4,0.3,24.3,3.5,1.4,1.5,9.684,B
13.3,0.2,24.1,3.2,1.6,1.4,9.572,B
13.3,0.2,22.8,3.2,1.5,1.4,9.436,B
13.1,0.1,23.3,3.2,0.7,1.6,9.326,B
13.8,0.3,23.7,4.9,1.2,1.5,9.952,C
11.3,0.2,20.3,3.5,1.6,1.9,8.242,A
10.8,0.4,23.7,3.9,1.3,1.5,8.378,A
12.2,0.4,21.8,3.6,0.8,1.4,8.824,A
12.8,0.4,22.4,3.3,0.9,1.8,9.176,A
12.2,0.1,23.8,3.2,0.3,1.3,8.89,A
12.5,0.4,23.7,3.5,1.5,1.5,9.2,A
12.2,0.1,24.4,3.1,1.2,1.6,9.006,A
12.3,0.2,24.1,2.8,1.8,1.9,9.064,A
12.2,0,23.2,3.6,1.5,1.6,8.934,A
11.8,0.3,23.7,3.5,1.3,1.5,8.818,A
11.8,0.1,22.7,3.6,1.5,1.5,8.7,A
11.6,0.1,22.9,3.2,1.6,1.6,8.59,A
12.8,0.3,23.3,3.1,1.4,1.1,9.228,A
11.6,0.1,24.2,4.3,1.1,1.6,8.8,A
13.8,0.2,23.7,2.8,1.4,1.5,9.734,B
13.1,0.4,22.7,3.6,1.6,1.2,9.404,B
13.9,0.1,24.3,2.5,1.2,1.6,9.786,B
13.4,0.1,24.3,1.9,1.1,1.9,9.482,B
13.3,0.5,24.1,2.5,1.6,1.5,9.566,B
13.3,0.3,22.8,3.2,1.3,1.4,9.444,B
13.1,0.2,23.3,4.8,1.4,1.5,9.544,B
13.8,0.2,22,4.4,1.2,1.8,9.724,B
13.9,0,20.3,3.6,1.8,1.2,9.496,B
12.9,0.1,23.7,4.5,1.7,1.6,9.456,B
13.4,0.1,21.8,4.6,1.8,1.2,9.516,B
12.7,0.2,22.4,4.8,1.5,1.2,9.248,A
12.8,0.1,23.8,4.1,1.7,1.4,9.368,B
13.5,0.2,24.4,4.2,1.5,1.8,9.812,B
13.8,0.1,23.7,4.1,1.9,1.9,9.89,C
12.7,0.2,23,5.1,1.1,1.3,9.318,B
13.1,0.1,23.1,5.1,1.6,1.5,9.546,B
12.6,0.1,23.8,5.1,1.6,1.6,9.37,B
12.4,0,21.9,5.2,1.5,1.4,9.056,A
13.2,0.2,22.3,5.8,1.9,1.7,9.632,B
13.2,0.3,20.1,5.2,1.5,1.8,9.352,B
13.1,0.1,22.1,5.2,1.3,1.4,9.434,B
13.7,0.1,23.2,5.6,1.4,1.6,9.898,C
13.2,0.2,23.1,5.3,1.7,1.5,9.642,B
13.2,0,24.1,5.4,1.6,1.9,9.722,B
13.2,0.1,23.1,5.6,1.6,1.5,9.646,B
13.4,0.1,23,3.2,1.9,1.3,9.506,B
13.3,0.1,19.7,3.1,1.5,1.6,9.104,A
13.2,0.2,21.4,3.8,1.3,1.5,9.298,B
13.5,0.1,24.4,3.8,1.9,1.3,9.756,B
13.4,0,24.1,3.8,1.4,1.6,9.638,B
13.3,0.1,23.2,3.8,1.2,1.2,9.49,B
13.4,0.2,23.7,3.1,1.6,1.5,9.576,B
13.1,0.1,21.8,4.3,1.2,1.9,9.328,B
13.2,0.2,22.9,4.6,0.4,1.5,9.474,B
12.2,0.1,23.3,4.1,1.2,1.4,8.988,A
13.9,0.2,24.2,3.7,0.3,1.8,9.87,B
12.5,0.4,23.7,3.8,1.6,1.3,9.228,A
13.8,0.2,22.7,4.3,1.2,1.5,9.772,B
13.9,0.3,24.3,3.9,1.8,1.6,10.002,C
13.9,0.3,24.3,4.3,1.8,1.9,10.054,C
12.4,0.4,24.1,4.4,1.6,1.6,9.29,B
11.9,0.2,22.8,3.7,1.3,1.5,8.778,A
12,0.3,23.3,3.5,1.4,1.5,8.884,A
12.1,0.3,23.7,4.7,1.5,1.6,9.104,A
11.1,0.1,20.3,4.1,1.2,1.1,8.126,A
12.2,0.3,23.7,5.2,1.3,1.6,9.192,A
12.8,0.2,21.8,5.8,1.1,1.5,9.326,B
11.8,0.2,22.4,3.2,1.1,1.2,8.614,A
12.6,0.1,23.8,3.5,1.6,1.6,9.21,A
11.8,0.2,23.7,5.2,1.5,1.9,8.996,A
11.7,0.1,24.2,3.2,1.4,1.5,8.754,A
11.5,0.1,23.7,2.8,1.8,1.4,8.584,A
11.6,0.2,22.7,4.5,1.9,1.5,8.734,A
12.5,0.3,24.3,4.2,1.5,1.8,9.322,B
12.9,0.2,24.3,3.8,1.2,1.2,9.42,B
12.8,0.3,24.1,5.4,1.6,1.6,9.57,B
12.2,0.2,22.8,5.7,1.6,1.2,9.134,A
12.8,0.3,23.3,5.6,1.2,1.2,9.47,B
11.9,0.3,23.7,5.2,1.3,1.4,9.034,A
12.5,0.2,20.3,5.6,1.4,1.8,9.036,A
12.1,0.3,23.7,5.2,1.5,1.9,9.166,A
13.8,0.3,21.8,5.1,1.2,1.3,9.774,B
13.9,0.2,22.4,4.9,1.2,1.5,9.852,B
13.1,0.2,23.8,5.1,1.6,1.6,9.64,B
13.9,0.3,17.3,4.8,1.4,1.4,9.36,B
13.5,0.3,17.9,5.1,1.5,1.5,9.26,A
13.9,0.2,17.2,4.3,1.3,1.4,9.274,B
13,0.3,22.2,5.9,1.4,1.8,9.526,B
13.9,0.2,22.3,4.1,0.2,1.3,9.694,B
13.3,0.2,23.4,5.6,1.6,1.5,9.746,B
13.9,0.2,24.4,4.8,1.6,1.6,10.07,C
13.3,0.3,23.1,5.9,1.3,1.9,9.764,B
13.5,0.3,22.7,4.3,1.2,1.6,9.646,B
13.1,0.2,24.4,5.7,1.4,1.5,9.744,B
13.9,0.3,24.4,4.5,1.2,1.5,10.032,C
13,0.2,21.8,3.8,1.5,1.6,9.254,A
13.8,0.3,24.3,4.3,1.9,1.1,9.978,C
13,0.2,23,4.6,1.4,1.6,9.448,B
13.8,0.3,22,4.1,1.5,1.5,9.72,B
13,0.4,21.8,3.7,1.2,1.2,9.25,A
13.9,0.5,21.9,3.8,1.5,1.6,9.774,B
12.9,0.5,22.3,4.1,1.4,1.9,9.35,B
13.9,0.5,20.1,4.3,1.5,1.5,9.64,B
13,0.3,22.1,3.9,1.6,1.4,9.312,B
13.8,0.2,23.2,4.3,1.2,1.5,9.822,B
12.7,0.5,23.1,4.1,1.3,1.8,9.32,B
13.8,0.5,24.1,4.3,1.2,1.2,9.96,C
11.9,0.4,23.1,3.7,1.8,1.6,8.882,A
13.8,0.1,23,5.4,1.2,1.2,9.88,C
13,0.4,19.7,4.2,1.7,1.2,9.12,A
13.8,0.2,24.4,4.9,1.9,1.4,10.04,C
12,0.3,24.4,4.5,1.2,1.8,9.094,A
13,0.3,24.1,4.6,1.4,1.9,9.59,B
13.1,0.1,23.2,4.4,1.5,1.3,9.472,B
12.9,0.3,23.7,5.3,1.2,1.5,9.542,B
13,0.2,24.1,5.9,0.9,1.6,9.658,B
12.6,0.2,23.1,5.7,0.6,1.4,9.312,B
13.1,0.1,23,4.3,1.3,1.7,9.446,B
12.5,0.1,19.7,5.8,1.2,1.8,8.964,A
12.4,0.2,24.4,3.9,1.3,1.4,9.204,A
11.5,0.2,24.4,4.3,0.9,1.6,8.778,A
13.2,0.1,24.1,4.9,0.4,1.5,9.604,B
13.3,0.3,23.2,4.9,1.9,1.9,9.71,B
13.2,0.3,23.7,3.3,0.5,1.5,9.45,B
13.4,0.3,24.2,3.1,1.9,1.4,9.66,B
12.5,0.3,23.7,4.9,1.3,1.8,9.32,B
13.1,0.2,22.7,2.8,1.5,1.3,9.282,B
13.7,0.2,24.3,3.4,1.4,1.5,9.804,B
13.7,0.1,24.3,4.5,1.6,1.6,9.91,C
12.8,0.3,24.1,3.8,1.5,1.9,9.416,B
13.2,0.2,22.8,4.9,0.7,1.6,9.516,B
13.6,0.4,23.3,4.5,1.2,1.5,9.792,B
13.2,0.2,23.7,5.9,1.6,1.5,9.756,B
13.5,0.2,20.3,2.7,1.3,1.6,9.232,A
13.2,0.2,23.7,2.8,1.2,1.1,9.406,B
13.4,0.1,21.8,3.3,1.8,1.6,9.402,B
13.3,0.3,22.4,3.9,1.5,1.5,9.49,B
13.3,0.2,23.8,3.5,1.3,1.2,9.546,B
13.1,0.3,23.7,5.2,1.5,1.6,9.654,B
13.2,0.1,24.2,5.8,1.6,1.9,9.792,B
13.3,0.4,23.7,5.2,1.4,1.5,9.764,B
13.5,0.1,22.7,2.8,1.1,1.4,9.442,B
13.2,0.2,24.3,3.2,1.4,1.5,9.534,B
13.4,0.2,24.3,4.5,1.6,1.8,9.788,B
13.6,0.2,24.1,3.4,1.2,1.2,9.71,B
13.3,0.3,22.8,3.9,1.1,1.6,9.51,B
13.3,0.4,23.3,3.5,1.6,1.2,9.554,B
13.2,0.2,23.7,4.5,1.3,1.2,9.586,B
13.3,0.1,20.3,3.5,1.4,1.4,9.19,A
13.1,0.4,23.7,3.2,1.2,1.8,9.464,B
13.3,0.1,21.8,3.2,1.8,1.9,9.354,B
13.3,0.1,22.4,3.2,1.7,1.3,9.384,B
13.1,0.1,23.8,4.9,1.8,1.5,9.608,B
13.2,0.5,23.7,3.5,1.5,1.6,9.574,B
13.3,0.5,23.4,3.9,1.7,1.4,9.638,B
12.2,0.2,22.8,3.6,1.5,1.7,8.938,A
12.7,0.3,22.2,3.3,1.9,1.6,9.138,A
13.4,0.2,22.3,3.2,1.9,1.3,9.456,B
13.9,0.2,23.4,3.5,0,1.5,9.74,B
11.4,0.2,24.4,3.1,1.5,1.2,8.628,A
12.5,0.4,23.1,2.8,1.4,1.8,9.076,A
13.8,0.1,22.7,3.6,1.6,1.3,9.698,B
13.6,0.4,24.4,3.5,1.5,1.6,9.824,B
13.5,0.3,22.3,3.6,0.7,1.4,9.498,B
13.9,0.1,21.8,3.2,1.2,1.4,9.598,B
14,0.1,24.3,3.1,1.6,1.9,9.932,C
12.5,0.3,23,4.3,1.3,1.3,9.17,A
12.8,0.1,22,5.9,0.8,1.6,9.322,B
12.4,0.2,24.4,3.6,0.9,1.8,9.166,A
13.8,0.4,21.9,2.5,0.3,1.9,9.514,B
14,0.1,22.3,6.9,1.5,1.5,10.09,C
12.8,0.1,20.1,2.5,1.6,1.9,8.852,A
14,0.5,22.1,3.1,1.4,1.9,9.78,B
13.5,0.3,23.2,2.8,1.3,1.5,9.548,B
13.9,0.2,23.1,3.6,1.8,1.4,9.824,B
14,0.2,24.1,3.5,1.1,1.4,9.922,C
12.5,0.5,23.1,3.6,0.9,1.6,9.138,A
12.7,0.3,23,3.2,0.4,1.5,9.114,A
11.9,0.1,19.7,3.1,0.3,1.9,8.344,A
12.4,0.1,24.4,4.3,0.9,1.5,9.204,A
11.8,0.3,24.4,2.8,0.4,1.4,8.76,A
12.5,0.1,24.1,3.6,1.6,1.8,9.208,A
13.6,0.2,23.2,2.5,1.6,1.3,9.558,B
13.2,0.4,23.7,1.9,1.4,1.5,9.384,B
13.6,0.1,21.8,2.5,1.5,1.6,9.404,B
14,0.1,22.9,3.2,1.6,1.9,9.802,B
12.9,0.5,23.3,3.5,0.8,1.6,9.342,B
13.2,0.3,24.2,4.5,1.2,1.5,9.662,B
12.9,0.2,23.7,4.6,1.8,1.5,9.488,B
13.5,0.2,22.7,4.8,1.5,1.6,9.694,B
12.5,0.5,24.3,4.1,1.3,1.1,9.312,B
13.8,0.2,24.3,4.2,1.5,1.6,9.944,C
13.8,0.2,24.1,4.1,1.6,1.5,9.916,C
12.5,0.1,22.8,5.1,1.4,1.2,9.192,A
12.4,0.1,23.3,5.1,1.1,1.6,9.19,A
13.6,0.2,23.7,5.1,1.6,1.9,9.892,C
14,0.1,20.3,5.2,1.6,1.5,9.726,B
13.2,0.2,23.7,5.8,1.5,1.4,9.736,B
13.5,0.1,21.8,5.2,1.9,1.5,9.644,B
12.5,0.1,22.4,5.2,1.5,1.8,9.192,A
12,0.2,23.8,5.6,1.3,1.2,9.106,A
14,0.2,18.4,5.3,1.4,1.6,9.558,B
13.1,0.3,24.4,5.4,1.7,1.2,9.74,B
13.1,0.1,24.1,5.6,1.6,1.4,9.692,B
12,0.1,23.2,3.2,1.6,1.8,8.828,A
12.3,0.2,23.7,3.1,1.9,1.9,9.06,A
12.3,0,22.7,3.8,1.5,1.3,8.942,A
12.7,0.1,22.9,3.8,1.3,1.5,9.178,A
12.4,0.1,23.3,3.8,1.9,1.6,9.108,A
12.5,0.1,18.6,3.8,1.4,1.4,8.65,A
13,0.2,23.7,3.1,1.2,1.5,9.352,B
12.3,0.1,22.7,4.3,1.6,1.4,9.022,A
14,0,24.3,4.6,1.2,1.8,10.034,C
12.9,0.1,24.3,4.1,1.2,1.3,9.434,B
12.2,0.2,24.1,3.7,1.2,1.5,9.052,A
13.1,0.1,22.8,3.8,0.3,1.6,9.312,B
12.5,0.2,23.3,4.3,1.6,1.9,9.222,A
12.9,0.4,22,3.9,1.2,1.6,9.256,A
11.2,0.2,20.3,4.3,1.8,1.5,8.268,A
12.8,0.3,23.7,4.4,1.8,1.6,9.442,B
12.9,0.3,21.8,3.7,1.6,1.9,9.232,A
12.8,0.4,22.4,3.5,1.3,1.5,9.208,A
13.8,0.2,23.8,4.7,1.4,1.4,9.93,C
12.9,0.3,22.4,4.1,1.5,1.5,9.31,B
12.5,0.3,23.7,5.2,1.2,1.8,9.344,B
12.7,0.1,23,5.8,1.3,1.2,9.376,B
12.7,0.3,23.1,3.2,1.1,1.6,9.17,A
13.1,0.2,22.4,3.5,1.1,1.2,9.294,B
13,0.2,21.9,3.4,1.6,1.2,9.214,A
12.5,0.1,22.3,4.5,1.5,1.4,9.096,A
11.6,0.1,20.1,3.8,1.4,1.8,8.366,A
11.7,0.2,22.1,4.9,1.8,1.9,8.774,A
12.5,0.2,23.2,4.5,1.9,1.3,9.226,A
12.5,0.1,23.1,5.9,1.5,1.6,9.324,B
12.5,0.3,24.1,2.7,1.2,1.2,9.11,A
12.7,0.3,23.1,2.8,1.8,1.5,9.168,A
12.3,0.3,23,3.3,1.5,1.9,9.006,A
12.5,0.3,19.7,3.9,1.3,1.5,8.808,A
11,0.2,21.4,3.5,1.5,1.4,8.176,A
13,0.2,24.4,5.2,1.6,1.8,9.668,B
10.8,0.1,24.1,5.8,1.4,1.3,8.546,A
11.3,0.3,23.2,5.2,1.1,1.5,8.676,A
10.8,0.2,23.7,2.8,1.4,1.6,8.238,A
12.2,0.4,21.8,3.2,1.6,1.9,8.852,A
12.8,0.2,22.9,4.5,1.2,1.6,9.316,B
12.2,0.2,23.3,3.4,1.1,1.5,8.936,A
12.5,0.2,24.2,3.9,1.6,1.5,9.256,A
12.2,0.1,23.7,3.5,1.3,1.6,8.982,A
12,0.3,22.7,4.5,1.4,1.1,8.908,A
12.2,0.2,24.3,3.5,1.2,1.6,9.056,A
11.8,0.3,24.3,3.2,1.8,1.5,8.878,A
11.8,0.1,24.1,3.2,1.7,1.5,8.812,A
11.6,0.4,22.8,3.2,1.8,1.4,8.644,A
12.8,0.1,23.3,4.9,1.5,1.8,9.402,B
11.6,0.2,23.7,3.5,1.7,1.3,8.714,A
13.8,0.2,20.3,3.9,1.5,1.5,9.51,B
13.1,0.2,23.7,3.6,1.9,1.6,9.498,B
12.5,0.3,21.8,3.3,1.5,1.9,8.986,A
13,0.4,22.4,3.2,0.7,1.6,9.246,A
13.3,0.2,23.8,3.5,1.2,1.5,9.552,B
13.3,0.1,23.7,3.1,1.6,1.5,9.506,B
13.1,0.4,23.2,2.8,1.3,1.6,9.372,B
13.8,0.1,21.9,3.6,0.8,1.1,9.562,B
13,0.1,24.1,3.5,0.9,1.6,9.398,B
12.9,0.1,23.1,3.6,0.3,1.5,9.218,A
13,0.5,23,3.2,1.5,1.2,9.358,B
12.7,0.5,22.4,3.1,1.6,1.6,9.16,A
12.8,0.2,21.9,4.3,1.4,1.9,9.22,A
13,0.3,24.4,2.8,1.3,1.5,9.418,B
13.8,0.2,24.1,3.6,1.8,1.4,9.874,B
12,0.2,23.2,2.5,1.6,1.5,8.766,A
13.1,0.2,23.7,1.9,0.9,1.8,9.276,B
12.6,0.4,22.7,2.5,0.4,1.2,8.972,A
12.4,0.1,22.9,3.1,0.3,1.6,8.902,A
13.2,0.5,23.3,2.8,0.9,1.2,9.412,B
13.2,0.3,24.2,3.6,0.4,1.2,9.512,B
13.1,0.1,23.7,3.5,1.6,1.4,9.442,B
13.7,0.1,22.7,3.6,1.6,1.8,9.668,B
13.2,0.3,24.3,3.2,1.4,1.9,9.57,B
14,0.1,24.3,3.1,1.5,1.3,9.902,C
13.2,0.2,24.1,4.3,1.6,1.5,9.636,B
13.4,0.4,22.8,2.8,0.8,1.6,9.452,B
13.3,0.1,23.3,3.6,1.2,1.4,9.488,B
13.2,0.1,22,2.5,1.9,1.5,9.244,A
13.5,0.5,20.3,1.9,0.5,1.4,9.156,A
13.4,0.3,23.7,2.5,1.9,1.8,9.566,B
13.3,0.2,21.8,3.2,1.3,1.3,9.32,B
13.3,0.2,22.4,3.5,1.5,1.5,9.43,B
13.1,0.1,23.8,4.5,1.4,1.6,9.548,B
13.2,0.1,24.4,4.6,1.6,1.3,9.668,B
12.2,0.3,23.7,4.8,1.5,1.6,9.164,A
13.9,0.1,23,4.1,0.7,1.2,9.77,B
12.5,0.2,23.1,4.2,1.2,1.5,9.152,A
13.8,0.4,23.4,4.1,1.6,1.9,9.902,C
13.9,0.1,21.9,5.1,1.3,1.5,9.808,B
14,0.1,22.3,5.1,0.8,1.4,9.864,B
12.4,0.5,20.1,5.1,0.9,1.8,8.946,A
13,0.3,22.1,5.2,0.3,1.3,9.36,B
13.6,0.2,23.2,5.8,1.5,1.5,9.89,C
13.9,0.2,23.1,5.2,1.6,1.6,9.98,C
12.5,0.2,24.1,5.2,1.4,1.9,9.38,B
11.9,0.3,23.1,5.6,1.3,1.6,9.022,A
13.6,0.3,23,5.3,1.8,1.5,9.858,B
13.6,0.2,19.7,5.4,1.1,1.5,9.476,B
12.9,0.3,24.3,5.6,0.9,1.6,9.618,B
13.5,0.2,22.7,3.2,0.4,1.1,9.448,B
14,0.3,24.1,3.1,0.3,1.6,9.862,B
13.6,0.2,23.2,3.8,0.9,1.5,9.654,B
13.2,0.3,23.7,3.8,0.4,1.2,9.482,B
13.5,0.4,21.8,3.8,1.6,1.6,9.55,B
13.5,0.5,22.9,3.8,1.6,1.5,9.676,B
13.1,0.5,23.3,3.1,1.4,1.9,9.45,B
13.9,0.5,15.3,4.3,1.5,1.9,9.176,A
13,0.3,23.7,4.6,1.6,1.8,9.558,B
13.8,0.2,22.7,4.1,0.8,1.2,9.716,B
13,0.5,24.3,3.7,1.2,1.6,9.536,B
13.8,0.5,24.3,3.8,1.8,1.5,9.978,C
14,0.4,24.1,4.3,1.5,1.4,10.066,C
13.9,0.1,22.8,3.9,1.3,1.3,9.77,B
13.5,0.3,23.3,4.3,1.5,1.5,9.72,B
13.9,0.1,23.7,4.4,1.6,1.9,9.952,C
14,0.5,20.3,5.8,1.4,1.5,9.854,B
13.8,0.4,23.7,5.7,1.1,1.4,10.042,C
12.7,0.2,21.8,4.9,1.4,1.8,9.216,A
13.8,0.2,22.4,5.2,1.6,1.6,9.86,B
12.8,0.1,23.8,6.1,1.2,1.2,9.53,B
13.8,0.1,23.7,6.6,1.1,1.9,10.092,C
13.9,0.2,23.4,3.4,1.6,0.4,9.782,B
13.8,0.2,22.8,5.4,1.3,0.9,9.874,B
12.2,0.1,22.2,3.9,1.4,1.8,8.886,A
13.2,0.3,22.3,6.8,1.2,1.4,9.698,B
13.1,0.3,23.2,5.2,1.8,1.3,9.61,B
12.9,0.3,23.1,6.1,1.7,1.4,9.588,B
13,0.3,24.1,5.2,1.8,1.4,9.654,B
12.6,0.2,23.1,6.8,1.5,1.5,9.48,B
12.6,0.2,23,5.6,1.7,1.9,9.378,B
12,0.1,19.7,5.6,1.5,1.9,8.716,A
13.9,0.3,24.4,5.3,1.9,1.1,10.138,C
