Moisture (14%) ,Foreign Matter (0.5%),Broken (15%),Red & Chalky grains (7%),Damaged Grain (2%),Discolored grain(2%),Mixed ( lower class) (10%) (Other Grain),Final Value,Grade
12,0.3,13.2,5.2,1.8,1.4,9.3,7.908,B
14,0.1,14.8,4.8,1.8,1.8,8.9,9.016,C
13.1,0.4,14.8,4.4,1.3,1.5,8.5,8.556,B
13.3,0.1,14.6,3.6,1.5,1.2,9.3,8.52,B
13.1,0.2,13.3,4.5,1.6,1.6,8.5,8.395,B
13.2,0.2,13.8,4.6,1.4,1.4,9.1,8.482,B
13.1,0.2,12.5,4.8,1.1,1.5,9.1,8.302,B
13,0.3,10.8,4.1,1.6,1.5,9.1,8.083,B
12.9,0.4,14.2,4.2,1.6,1.2,8.1,8.388,B
12,0.2,12.3,4.1,1.5,1.6,9.1,7.711,A
12.5,0.1,12.9,5.1,1.9,1.4,8.9,8.087,B
12,0.4,14.3,5.1,1.5,1.6,9.1,8.021,B
13.1,0.1,13.4,5.1,1.3,1.6,9.6,8.409,B
12.3,0.1,14.2,5.2,1.6,1.6,9.5,8.114,B
12.3,0.2,13.5,5.8,1.7,1.9,9.6,8.124,B
12.4,0.3,13.6,5.2,1.6,2,9.4,8.16,B
12.7,0.2,14.2,5.2,1.6,1.8,9.6,8.342,B
12.4,0.3,12.4,5.6,1.8,1.8,9.1,8.072,B
12.4,0.2,12.8,5.3,1.5,1.4,9.3,8.037,B
12.6,0.3,10.6,5.4,1.3,1.8,9.3,7.948,B
12.5,0.3,12.6,5.6,1.9,1.8,9.1,8.148,B
12.7,0.2,13.7,3.2,1.4,1.5,8.1,8.128,B
13,0.3,13.6,3.1,1.2,1.6,8.1,8.273,B
12.7,0.3,14.6,3.8,1.6,1.5,8.9,8.292,B
13.1,0.2,13.6,3.8,1.2,1.3,9.1,8.34,B
12.3,0.2,13.5,3.8,1,1.3,9.1,7.918,B
12.7,0.3,10.2,3.8,1.2,1.3,8.7,7.82,A
12.9,0.3,11.9,3.1,1.6,1,8.4,8.053,B
13.9,0.2,14.9,4.3,1.6,1.2,7.7,8.925,C
14,0.3,14.6,4.6,1.2,1.2,9.1,8.962,C
12.8,0.2,13.7,4.1,1.8,1.2,9.2,8.253,B
12.8,0.2,14.2,3.7,1.8,1,8.9,8.267,B
12.6,0.2,12.3,3.8,1.6,1.4,9.6,7.988,B
12.9,0.3,13.4,4.3,1.3,1.6,9.1,8.293,B
13.2,0.3,13.8,3.9,1.4,1.2,8.7,8.445,B
13.1,0.2,14.7,4.3,1.5,1.5,8.7,8.511,B
12,0.3,14.2,4.4,1.2,1.2,6.8,7.908,B
12.2,0.2,13.2,3.7,1.3,1.3,8.1,7.849,B
13.9,0.3,14.8,3.5,1.1,1.4,7.4,8.857,C
13.3,0.2,14.8,4.7,1.1,1.5,6.2,8.625,B
13.1,0.3,14.6,4.1,1.6,1.7,6.1,8.521,B
13,0.4,13.3,5.2,1.5,1.6,7.3,8.428,B
13.1,0.3,13.8,5.8,1.4,1.6,5.6,8.544,B
12.1,0.2,14.2,5.7,1.8,1.6,7.9,8.081,B
12,0.1,10.8,4.2,1.9,1.9,6.3,7.584,A
12.5,0.3,14.2,5.2,1.5,1.8,9.6,8.256,B
12.5,0.2,12.3,5.6,1.2,1.8,9.1,8.056,B
12.6,0.4,12.9,5.3,1.6,1.4,9.3,8.193,B
12.7,0.5,14.3,5.4,1.6,1.8,9.3,8.426,B
12.6,0.2,14.2,5.6,1.2,1.8,9.1,8.296,B
12.5,0.4,14.7,3.2,1.3,1.5,8.1,8.162,B
12.9,0.2,14.2,3.1,1.4,1.6,8.1,8.275,B
12.6,0.3,13.2,3.8,1.5,1.5,8.9,8.096,B
12.8,0.2,14.8,5.2,1.2,1.8,9.6,8.428,B
12.3,0.3,14.8,5.6,1.2,1.8,9.1,8.226,B
12.3,0.3,14.6,5.3,1.6,1.4,9.3,8.193,B
12.5,0.2,13.3,5.4,1.4,1.8,9.3,8.154,B
12.4,0.3,13.8,5.6,1.5,1.8,9.1,8.194,B
12.8,0.2,14.2,3.2,1.3,1.5,8.1,8.222,B
13.1,0.2,10.8,4.1,1.4,1.6,8.1,8.105,B
12.9,0.3,14.2,3.8,1.2,1.5,8.9,8.328,B
12.6,0.4,12.3,5.6,1.6,1.8,9.1,8.17,B
12.8,0.2,12.9,5.4,1.6,1.8,9.3,8.276,B
13.2,0.1,14.3,3.8,1.3,1.3,9.1,8.446,B
12.8,0.5,14.2,3.1,1.2,1,8.4,8.249,B
13.8,0.1,13.9,4.3,1.4,1.2,7.7,8.743,C
13.2,0.1,13.3,3.1,1.2,1,8.4,8.279,B
13.9,0.2,12.7,4.6,1.5,1.2,9.1,8.72,C
12.9,0.3,12.8,4.1,1.9,1.2,9.2,8.239,B
12.9,0.2,13.9,3.7,1.4,1,8.9,8.263,B
12.5,0.3,10.9,3.8,1.5,1.4,9.6,7.812,A
14,0.2,13.6,4.3,1.2,1.2,7.7,8.821,C
13.9,0.3,13.2,4.6,1.5,1.2,9.1,8.79,C
12.7,0.3,14.9,4.1,1.4,1.2,9.2,8.319,B
12.6,0.2,11.2,3.7,1.5,1,8.9,7.849,B
12.8,0.3,12.3,3.8,1.6,1.4,9.6,8.108,B
12.7,0.3,14.8,4.1,1.2,1.2,9.2,8.297,B
12.8,0.2,13.5,4.3,1.3,1.6,9.1,8.233,B
13.1,0.2,12.5,3.9,1.2,1.2,8.7,8.233,B
13.2,0.3,14.8,4.3,1.8,1.5,8.7,8.609,B
13,0.3,12.4,4.1,1.2,1.2,9.2,8.207,B
13,0.2,12.8,4.3,1.7,1.5,8.7,8.283,B
12.3,0.3,10.6,3.7,1.9,1.3,8.1,7.695,A
12.5,0.2,12.6,5.4,1.2,1.2,4.6,8.048,B
12.55,0.2,13.7,4.2,1.4,1.8,4.6,8.135,B
11.6,0.2,13.6,4.9,1.5,1.5,8.2,7.693,A
12.5,0.3,14.6,4.5,1.2,1.3,7.7,8.209,B
12.6,0.3,13.6,4.6,1.1,1.5,9.1,8.168,B
11.7,0.2,13.5,4.4,1,1.6,9.2,7.672,A
12.1,0.3,10.2,5.3,1.3,1.4,8.9,7.635,A
12.5,0.2,14.9,5.9,1.2,1.1,9.6,8.309,B
12.6,0.3,14.9,5.7,1.3,1.6,9.1,8.391,B
12.5,0.2,14.6,4.3,0.9,1.6,8.7,8.169,B
11.3,0.3,13.7,5.8,0.4,1.5,8.7,7.57,A
12.2,0.4,14.2,3.9,1.9,1.9,6.8,8.063,B
12.5,0.1,14.6,4.3,0.5,1.5,8.1,8.121,B
12.8,0.1,13.6,4.9,1.9,1.3,7.4,8.289,B
12.9,0.1,13.5,4.9,1.3,1.4,6.2,8.297,B
12.5,0.3,10.2,3.3,1.5,1.7,6.1,7.719,A
12.5,0.2,14.9,3.1,1.4,1.6,7.3,8.145,B
12.7,0.1,14.9,4.9,1.6,1.6,5.6,8.363,B
12.3,0.5,14.6,2.8,1.5,1.9,7.9,8.072,B
12.8,0.4,13.7,3.4,0.7,1.5,6.3,8.19,B
12.7,1.1,14.2,4.5,1.2,1.3,9.6,8.429,B
12.5,0.3,12.3,3.8,1.6,1.9,9.1,7.978,B
12.6,0.1,13.4,4.9,1.3,1.4,9.3,8.137,B
12.3,0.5,13.8,4.5,0.8,1.2,9.3,8.041,B
12.8,0.4,14.7,5.9,0.9,1.6,9.1,8.481,B
12.5,0.4,14.2,2.7,0.3,1.2,8.1,8.005,B
12.7,0.2,13.2,2.8,1.5,0.4,8.1,8.012,B
13,0.1,14.8,3.3,1.6,1.2,8.9,8.375,B
12.8,0.4,14.8,3.9,1.4,0.3,9.6,8.329,B
10.8,0.2,14.6,3.5,1.3,1.6,9.1,7.287,A
12.4,0.3,13.3,5.2,1.8,1.2,9.3,8.11,B
12.5,0.2,13.8,5.8,1,1.8,9.3,8.208,B
11.3,0.3,14.2,5.2,0.9,1.8,9.1,7.62,A
11.5,0.4,10.8,2.8,0.4,1.6,8.1,7.194,A
10.8,0.4,14.2,3.2,0.3,1.3,8.1,7.194,A
10.9,0.4,12.3,4.5,0.9,1.4,8.9,7.185,A
11.2,0.1,12.9,3.4,0.4,1.5,9.1,7.232,A
12.2,0,14.3,3.9,1.6,1.2,9.3,7.947,B
12,0,14.2,3.5,1.6,1.3,9.1,7.813,A
11.7,0,14.9,4.5,1.4,1.1,8.4,7.783,A
12.8,0.2,14.6,3.5,1.5,1.1,7.7,8.279,B
12.1,0.1,13.7,3.2,1.6,1.6,8.4,7.824,A
12.2,0.1,14.2,3.2,0.8,1.5,9.1,7.872,B
11.9,0.3,13.2,3.2,1.2,1.4,9.2,7.682,A
11.8,0.1,13.4,4.9,1.8,1.8,8.9,7.783,A
12.5,0.2,13.8,3.5,1.5,1.9,9.6,8.081,B
12.7,0.1,14.7,3.9,1.3,1.5,7.7,8.251,B
12.2,0.2,14.2,3.6,1.5,1.2,9.1,7.95,B
11.1,0.1,13.2,3.3,1.6,1.6,9.2,7.281,A
11.9,0.2,14.8,3.2,1.4,1.6,8.9,7.842,B
12,0.4,14.8,3.5,1.1,1.2,9.6,7.919,B
12.1,0.2,14.6,3.1,1.6,1.3,9.2,7.915,B
11.1,0.3,13.3,2.8,1.6,1.4,9.1,7.288,A
12.2,0.3,13.8,3.6,1.5,1.5,8.7,7.942,B
12.8,0.4,12.5,3.5,1.9,1.2,8.7,8.137,B
11.8,0.2,10.8,3.6,1.5,1.2,9.2,7.41,A
12.6,0.3,14.2,3.2,1.3,1.6,8.7,8.146,B
11.8,0.3,12.3,3.1,1.4,1.4,8.1,7.547,A
11.7,0.1,12.9,4.3,1.7,1.5,4.6,7.623,A
11.5,0.3,14.3,2.8,1.6,1.3,4.6,7.584,A
11.6,0.2,12.9,3.6,1.6,1.4,9.1,7.534,A
12.5,0.2,14.2,2.5,1.9,1.2,8.7,8.047,B
12.9,0.1,13.5,1.9,1.5,1.6,8.7,8.107,B
12.8,0.1,13.6,2.5,1.3,1.6,6.8,8.097,B
12.2,0.2,12.9,3.2,1.9,1.3,8.1,7.82,A
12.8,0.2,12.4,3.5,1.4,1.2,7.4,8.057,B
11.6,0.1,12.8,5.2,1.2,1.4,6.2,7.592,A
12.5,0.3,10.6,3.2,1.6,1.2,6.1,7.738,A
12.1,0.3,12.6,2.8,1.2,1.5,7.3,7.698,A
13.8,0.3,13.7,4.5,0.4,1.9,5.6,8.745,C
13.9,0.3,13.6,4.2,1.2,1.4,7.9,8.792,C
13.1,0.2,14.6,3.8,0.3,1.5,6.3,8.394,B
13.9,0.2,13.6,5.4,1.6,1.2,9.6,8.872,C
13.5,0.1,13.5,5.7,1.2,1.5,9.1,8.651,B
13.9,0.3,10.2,5.6,1.8,1.4,9.3,8.586,B
13,0.2,11.9,5.2,1.8,1.5,9.3,8.262,B
13.9,0.4,14.9,5.6,1.6,1.6,9.1,9.072,C
13.3,0.2,14.6,5.2,1.3,1.2,8.1,8.64,B
13.9,0.1,13.7,5.1,1.4,1.3,8.1,8.833,C
13.3,0.3,14.2,4.9,1.5,1.2,8.9,8.611,B
13.5,0.1,12.3,5.1,1.2,1.8,9.6,8.501,B
13.1,0.2,13.4,4.8,1.3,1.2,9.1,8.392,B
13.9,0.4,13.8,5.1,1.1,1.7,9.3,8.901,C
13,0.1,14.7,4.3,1.1,1.9,9.3,8.433,B
13.8,0.1,14.2,5.9,1.6,1.2,9.1,8.897,C
13,0.5,13.2,4.1,1.5,1.4,8.1,8.353,B
13.8,0.3,14.8,5.6,1.4,1.5,8.1,8.976,C
13,0.2,14.8,4.8,1.8,1.2,8.9,8.512,B
13.9,0.2,14.6,5.9,1.9,0.9,9.1,9.013,C
12.9,0.1,13.3,4.3,1.5,0.6,9.3,8.215,B
13.9,0.4,13.8,5.7,1.2,1.3,9.1,8.933,C
13,0.4,14.2,4.5,1.6,1.2,8.4,8.459,B
13.8,0.2,10.8,3.8,1.6,1.3,7.7,8.434,B
12.7,0.1,14.2,4.3,1.2,0.9,8.4,8.199,B
13.8,0.2,12.3,4.6,1.3,0.4,9.1,8.586,B
12.8,0.1,12.9,4.1,1.4,1.9,9.2,8.157,B
13.8,0.2,14.3,3.7,1.5,0.5,8.9,8.739,C
13,0.1,14.2,3.8,1.2,1.9,9.6,8.354,B
13.8,0.1,13.7,4.1,1.2,1.3,7.7,8.701,C
12,0.1,13.2,4.3,1.6,1.5,9.1,7.797,A
13,0.2,14.8,3.9,1.4,1.4,9.2,8.433,B
13.1,0.3,14.8,4.3,1.5,1.6,8.9,8.545,B
12.9,0.1,14.6,4.1,1.3,1.5,9.6,8.355,B
13,0.1,13.3,4.3,1.4,0.7,9.2,8.263,B
12.6,0.2,13.8,3.7,1.2,1.2,9.1,8.099,B
13.1,0.1,12.5,5.4,1.6,0.3,8.7,8.306,B
12.5,0.1,10.8,4.2,1.6,0.9,8.7,7.776,A
12.4,0.1,14.2,4.9,1.3,1.2,9.2,8.109,B
11.5,0.1,12.3,4.5,1.2,1.5,8.7,7.447,A
13.2,0.2,12.9,4.6,1.4,1.6,8.1,8.4,B
13.3,0.1,14.3,4.4,1.2,1.6,4.6,8.544,B
13.2,0,13.4,5.3,1.5,1.2,4.6,8.449,B
13.4,0.1,14.2,5.9,1.9,1.3,8.2,8.719,C
13.8,0.2,13.5,5.7,1.4,1.4,7.7,8.829,C
13.1,0.1,13.6,4.3,1.5,1.5,9.1,8.381,B
13.7,0.2,14.2,5.8,1.2,1.2,9.2,8.836,C
13.7,0.1,12.4,3.9,1.5,1.2,8.9,8.521,B
12.8,0.2,12.8,4.3,1.4,1.6,9.6,8.169,B
13.2,0.4,10.6,4.9,1.5,1.4,9.1,8.229,B
13.6,0.2,12.6,4.9,1.6,1.5,8.7,8.599,B
13.2,0.3,13.7,3.3,1.2,1.3,8.7,8.385,B
13.5,0.3,13.6,3.1,1.3,1.4,6.8,8.521,B
13.2,0.4,14.6,4.9,1.2,1.2,8.1,8.603,B
13.4,0.2,13.6,2.8,1.8,1.6,7.4,8.468,B
13.3,0.3,13.5,3.4,1.2,1.6,6.2,8.434,B
13.3,0.4,10.2,4.5,1.7,1.3,6.1,8.219,B
13.1,0.1,11.9,3.8,1.9,1.2,7.3,8.188,B
13.2,0.3,14.9,4.9,1.2,1.4,5.6,8.621,B
13.3,0.2,14.6,4.5,1.4,1.2,5.8,8.597,B
13.5,0.2,13.7,5.9,1.5,1.5,5.2,8.723,C
13.2,0.1,14.2,2.7,1.2,1.9,5.2,8.377,B
13.4,0.1,12.3,2.8,0.9,1.4,5.6,8.256,B
13.6,0.2,13.4,3.3,0.6,1.5,5.3,8.507,B
13.3,0.2,13.8,3.9,1.3,1.2,5.4,8.469,B
13.3,0.1,14.7,3.5,1.2,1.5,5.6,8.517,B
13.2,0.3,14.2,5.2,1.3,1.4,3.2,8.578,B
13.3,0.3,13.2,5.8,0.9,1.5,3.1,8.55,B
13.1,0.1,14.8,5.2,0.4,1.6,3.8,8.502,B
13.3,0.3,14.8,2.8,1.9,1.2,3.8,8.548,B
13.3,0.2,14.6,3.2,0.5,1.3,3.8,8.456,B
13.1,0.2,13.3,4.5,1.9,1.2,3.8,8.397,B
13.2,0.1,13.8,3.4,1.3,1.8,3.1,8.388,B
13.3,0.3,14.2,3.9,1.5,1.2,4.3,8.541,B
12.2,0.2,10.8,3.5,1.4,1.7,4.6,7.617,A
12.7,0.4,14.2,4.5,1.6,1.9,4.1,8.337,B
13.4,0.4,12.3,3.5,1.5,1.2,3.7,8.393,B
13.9,0.4,12.9,3.2,0.7,1.4,3.8,8.642,B
11.4,0.1,14.3,3.2,1.2,1.5,4.3,7.506,A
12.5,0.1,14.2,3.2,1.6,1.2,3.9,8.058,B
13.8,0.2,14.7,4.9,1.3,1.1,4.3,8.875,C
13.6,0.2,14.2,3.5,0.8,1,4.4,8.593,B
13.5,0,13.2,3.9,0.9,1.3,3.7,8.449,B
13.9,0.3,14.8,3.6,0.3,1.2,3.5,8.808,C
14,0.1,14.8,3.3,1.5,1.3,4.7,8.873,C
12.5,0.1,14.6,3.2,1.6,0.9,4.1,8.086,B
12.8,0.3,13.3,3.5,1.4,0.4,5.2,8.135,B
12.4,0.1,13.8,3.1,1.3,1.9,5.8,7.971,B
13.8,0.2,14.2,2.8,1.8,0.5,3.2,8.684,C
14,0.4,10.8,3.6,1.6,1.9,3.5,8.584,B
12.8,0.1,14.2,3.5,0.9,1.3,5.2,8.191,B
14,0.1,12.3,3.6,0.4,1.5,3.2,8.586,B
13.5,0.5,12.9,3.2,0.3,1.4,2.8,8.438,B
13.9,0.3,14.3,3.1,0.9,1.6,4.5,8.775,C
14,0.2,14.2,4.3,0.4,1.5,4.2,8.845,C
12.5,0.2,13.9,2.8,1.6,0.7,3.8,8,B
12.7,0,13.3,3.6,1.6,1.2,5.4,8.076,B
11.9,0,12.7,2.5,1.4,1.6,5.7,7.543,A
12.4,0,12.8,1.9,1.5,1.3,5.6,7.755,A
11.8,0,13.9,2.5,1.6,0.8,5.2,7.593,A
12.5,0.1,10.9,3.2,0.8,0.9,5.6,7.668,A
13.6,0.2,13.6,4.8,1.2,0.3,5.2,8.62,B
13.2,0.1,13.2,4.4,1.9,1.5,5.1,8.422,B
13.6,0.2,14.9,3.6,0.5,1.6,4.9,8.676,C
14,0.1,11.2,4.5,1.9,1.4,5.1,8.625,B
12.9,0.1,12.3,4.6,1.3,1.3,4.8,8.152,B
13.2,0,14.8,4.8,1.5,1.8,5.1,8.578,B
12.9,0.2,13.5,4.1,1.4,1,4.3,8.251,B
13.5,0.3,12.5,4.2,1.6,0.9,5.9,8.486,B
12.5,0.1,14.8,4.1,1.5,0.4,4.1,8.143,B
13.8,0.1,12.4,5.1,0.7,0.3,5.6,8.571,B
14,0.2,12.8,5.1,1.2,0.9,4.8,8.785,C
12.5,0,10.6,5.1,1.6,0.4,5.9,7.779,A
12.4,0.1,12.6,5.2,1.3,1.6,6.2,7.986,B
13.6,0.1,13.7,5.8,0.8,1.6,6.8,8.708,C
14,0.1,13.6,5.2,0.9,1.4,8.4,8.854,C
13.2,0.2,14.6,5.2,0.3,1.5,9.6,8.542,B
13.5,0.1,13.6,5.6,1.5,1.6,9.1,8.676,C
12.5,0,13.5,5.3,1.6,0.8,9.3,8.099,B
12,0.1,10.2,5.4,1.4,1.2,9.3,7.55,A
14,0.2,14.9,5.6,1.3,1.8,9.1,9.072,C
13.1,0.1,14.9,3.2,1.8,1.5,8.1,8.452,B
13.1,0.2,14.6,3.1,1.1,1.3,8.1,8.385,B
12,0.1,13.7,3.8,0.9,1.5,8.9,7.77,A
12.3,0.2,14.2,3.8,0.4,1.6,9.1,7.964,B
12.3,0.4,14.6,3.8,0.3,1.4,9.3,8.03,B
12.7,0.2,13.6,3.8,0.9,1.1,9.1,8.114,B
12.4,0.3,13.5,3.1,0.4,1.6,8.4,7.915,B
12.5,0.3,10.2,4.3,1.6,1.6,7.7,7.791,A
13,0.4,14.9,4.6,1.6,1.5,8.4,8.548,B
12.3,0.2,14.9,4.1,1.4,1.9,9.1,8.127,B
14,0.3,14.6,3.7,1.5,1.5,9.2,8.929,C
12.9,0.3,13.7,3.8,1.6,1.3,8.9,8.294,B
12.2,0.1,14.2,4.3,0.8,1.4,9.6,7.945,B
13.1,0.3,12.3,3.9,1.2,1.7,7.7,8.253,B
12.5,0.2,13.4,4.3,1.8,1.6,9.1,8.103,B
12.9,0.2,13.8,4.4,1.5,1.6,9.2,8.332,B
12.3,0.1,14.7,3.7,1.3,1.9,8.9,8.053,B
12.8,0.1,14.2,3.5,1.5,1.5,9.6,8.235,B
12.9,0.2,13.2,4.7,1.6,1.3,9.2,8.287,B
12.8,0.2,14.8,4.1,1.4,1.9,9.1,8.367,B
13.8,0.1,14.8,5.2,1.1,1.4,8.7,8.886,C
12.9,0.3,14.6,5.8,1.6,1.2,8.7,8.52,B
12.5,0.3,13.3,3.2,1.6,1.6,9.2,8.024,B
12.7,0.3,13.8,3.5,1.5,1.2,8.7,8.173,B
12.7,0.3,14.2,5.2,1.9,0.4,8.1,8.324,B
13.1,0.2,10.8,3.2,1.5,1.2,4.6,8.032,B
13,0.2,14.2,2.8,1.3,0.3,4.6,8.246,B
12.5,0.1,12.3,4.5,1.4,1.6,8.4,7.963,B
11.6,0.3,12.9,4.2,1.7,1.2,6.3,7.594,A
11.7,0.2,14.3,3.8,1.6,1.8,9.6,7.754,A
12.5,0.4,14.2,5.4,1.6,1.8,8.2,8.296,B
12.5,0.2,14.9,5.7,1.9,1.6,5.6,8.357,B
12.5,0.2,14.6,5.6,1.5,1.3,8.4,8.284,B
12.7,0.2,13.7,5.2,1.3,1.4,7.7,8.258,B
12.3,0.1,14.2,5.6,1.9,1.5,8.4,8.156,B
12.5,0.3,13.2,5.2,1.4,1.2,9.1,8.126,B
12.8,0.2,13.4,5.1,1.2,1.3,9.2,8.261,B
13,0.3,13.8,4.9,1.6,1.1,8.9,8.423,B
10.8,0.1,14.7,5.1,1.2,1.1,9.6,7.363,A
11.3,0.4,14.2,4.8,1.2,1.6,7.7,7.622,A
10.8,0.1,13.2,5.1,1.2,1.5,9.1,7.229,A
12.2,0.2,14.8,4.3,0.3,1.4,9.2,7.995,B
12.8,0.2,14.8,5.9,1.6,1.8,8.9,8.501,B
12.2,0.2,14.6,4.1,1.2,1.9,9.6,8.035,B
12.5,0.3,13.3,5.6,1.8,1.5,9.2,8.2,B
12.2,0.4,13.8,4.8,1.8,1.2,9.1,8.052,B
12,0.2,12.5,5.9,1.6,1.6,8.7,7.863,B
12.2,0.1,10.8,4.3,1.3,1.8,8.7,7.651,A
11.8,0.4,14.2,5.7,1.4,1,9.2,7.923,B
11.8,0,12.3,4.5,1.5,1.3,8.7,7.587,A
11.6,0.1,12.9,3.8,1.2,1.2,8.1,7.496,A
12.8,0,14.3,4.3,1.3,1.3,4.6,8.261,B
11.6,0.4,12.9,4.6,1.1,0.9,4.6,7.594,A
13.8,0.5,14.2,4.1,1.1,0.4,8.2,8.789,C
13.1,0,13.5,3.7,1.6,1.9,7.7,8.331,B
13.9,0,13.6,3.8,1.5,0.5,9.1,8.686,C
13,0.1,12.9,4.1,1.4,1.9,9.2,8.257,B
13.3,0,12.4,4.3,1.8,1.3,8.9,8.351,B
13.3,0.2,12.8,3.9,1.9,1.5,9.6,8.417,B
13.1,0.4,10.6,4.3,1.5,1.4,9.1,8.137,B
13.8,0.1,12.6,4.1,1.2,1.6,8.7,8.603,B
13,0.4,13.7,4.3,1.6,1.5,8.7,8.407,B
12.9,0.3,13.6,3.7,1.6,0.7,6.8,8.253,B
13,0.1,14.6,5.4,1.2,1.2,8.1,8.478,B
12.7,0.1,13.6,4.2,1.3,1.6,7.4,8.166,B
12.8,0.3,13.5,4.9,1.4,1.3,6.2,8.289,B
13,0.1,10.2,4.5,1.5,0.8,8.4,7.977,B
13.8,0.2,11.9,4.6,1.2,0.9,7.7,8.56,B
12,0.4,14.9,4.4,1.2,0.3,8.4,7.962,B
13.1,0.1,14.6,5.3,1.6,1.5,9.1,8.557,B
12.6,0.1,13.7,5.9,1.4,1.6,9.2,8.251,B
12.4,0.5,14.2,5.7,1.5,1.4,8.9,8.265,B
13.2,0.3,12.3,4.3,1.3,1.3,9.6,8.321,B
13.2,0.2,13.4,5.8,1.4,1.8,7.7,8.542,B
13.1,0.2,13.8,3.9,1.2,1,9.1,8.355,B
13.7,0.2,14.7,4.3,1.6,0.9,9.2,8.793,C
13.2,0.2,14.2,4.9,1.6,0.4,8.9,8.515,B
13.2,0.4,13.2,4.9,1.3,0.3,9.6,8.433,B
13.2,0.3,14.8,3.3,1.2,0.9,9.2,8.479,B
13.4,0.1,14.8,3.1,1.4,0.4,9.1,8.517,B
13.3,0.2,14.6,4.9,1.2,1.6,8.7,8.629,B
13.2,0.1,13.3,2.8,1.5,1.6,8.7,8.3,B
13.5,0.2,13.8,3.4,1.9,1.4,9.2,8.578,B
13.4,0.1,14.2,4.5,1.4,1.5,8.7,8.599,B
13.3,0.1,10.8,3.8,1.5,1.6,8.1,8.17,B
13.3,0,14.2,4.9,1.2,0.8,4.6,8.517,B
13.1,0.2,12.3,4.5,1.5,1.2,4.6,8.273,B
13.2,0.3,12.9,5.9,1.4,1.8,8.2,8.519,B
12.2,0.1,14.3,2.7,1.5,1.5,7.7,7.889,B
13.9,0.1,14.2,2.8,1.6,1.3,9.1,8.734,C
12.5,0.2,13.7,3.3,1.2,1.5,9.2,8.023,B
13.8,0,12.4,3.9,1.3,1.6,8.9,8.555,B
13.9,0.1,14.6,3.5,1.2,1.4,9.6,8.803,C
14,0.1,13.6,5.2,1.8,1.1,9.1,8.896,C
12.4,0.1,13.5,5.8,1.2,1.6,8.7,8.112,B
14,0.2,12.9,5.2,1.7,1.6,8.7,8.86,C
14,0.1,12.4,2.8,1.9,1.5,6.8,8.63,B
13.9,0,14.6,3.2,1.2,1.9,8.1,8.782,C
12.5,0.1,13.3,4.5,1.4,1.5,7.4,8.059,B
11.9,0.2,13.8,3.4,1.5,1.3,6.2,7.75,A
13.6,0.1,14.2,3.9,1.2,1.4,6.1,8.641,B
13.6,0.2,10.8,3.5,0.9,1.7,7.3,8.287,B
12.9,0.1,14.2,4.5,0.6,1.6,5.6,8.305,B
13.5,0.2,12.3,3.5,1.3,1.6,5.8,8.407,B
14,0.4,12.9,3.2,1.2,1.9,5.2,8.742,C
13.6,0.2,14.3,3.2,1.3,1.5,5.2,8.632,B
13.2,0.3,14.2,3.2,1.2,1.3,5.6,8.428,B
13.5,0.3,13.9,4.9,1.6,1.9,5.3,8.715,C
13.5,0.4,13.3,3.5,1.4,1.4,5.4,8.545,B
13.1,0.2,12.7,3.9,0.9,1.2,5.6,8.235,B
13.9,0.3,12.8,3.6,1.3,1.6,3.2,8.684,C
13,0.3,13.9,3.3,1.3,1.2,3.1,8.307,B
13.8,0.1,14.2,3.2,1.4,0.4,9.1,8.664,B
13,0.3,13.6,3.5,1.2,1.2,9.2,8.285,B
13.8,0.2,13.2,3.1,1.9,0.3,8.9,8.603,B
13,0.2,14.9,2.8,0.9,1.6,9.6,8.344,B
13.9,0.1,16.5,3.6,1.6,1.2,7.7,9.016,C
12.9,0.1,12.3,3.5,1.7,1.8,9.1,8.119,B
13.9,0.2,14.8,3.6,1.9,1.8,9.2,8.908,C
13,0.2,13.5,3.2,1.8,1.6,8.9,8.286,B
13.8,0.1,12.5,3.1,1.9,1.3,9.6,8.553,B
12.7,0.3,14.7,4.3,1.8,1.4,9.2,8.345,B
13.8,0.3,12.4,2.8,1.9,1.5,8.7,8.57,B
12.8,0.3,12.8,3.6,1.6,1.2,8.4,8.136,B
13.8,0.3,10.6,2.5,1.9,1.3,7.7,8.361,B
13,0.2,12.6,1.9,2,1.1,9.1,8.097,B
13.8,0.2,13.7,2.5,0.4,1.1,9.2,8.553,B
12,0.1,13.6,3.2,0.9,1.6,8.9,7.722,A
13,0.3,14.6,4.8,1.6,1.5,9.6,8.512,B
13.1,0.2,13.6,4.4,1.6,1.4,9.1,8.41,B
12.9,0.4,13.5,3.6,1.4,1.8,8.7,8.288,B
13,0.2,10.2,4.5,1.5,1.9,8.7,8.041,B
12.6,0.2,14.9,4.6,1.9,1.5,6.8,8.326,B
12.6,0.2,14.9,4.8,1.8,1.2,8.1,8.322,B
12,0.1,14.6,4.1,1.8,1.6,7.4,7.939,B
13,0.3,13.7,4.2,1.6,1.6,6.2,8.384,B
13.9,0.2,14.2,4.1,1.9,1.2,6.1,8.859,C
13,0.3,12.3,5.1,1.6,1.3,7.3,8.295,B
13.3,0.1,13.4,5.1,1.6,1.4,5.6,8.519,B
13.3,0.4,13.8,5.1,1.3,1.5,7.9,8.605,B
13.1,0.1,14.7,5.2,1.2,1.2,6.3,8.524,B
13.8,0.2,14.2,5.8,1.6,1.2,9.6,8.91,C
13,0.2,13.2,5.2,1.2,1.6,9.1,8.36,B
12.9,0.2,14.8,5.2,1.3,1.4,9.3,8.468,B
13,0.3,14.8,5.6,1.5,1.5,9.3,8.582,B
12.7,0.4,14.6,5.3,1.4,1.3,9.1,8.397,B
12.8,0.2,13.3,5.4,1.5,1.4,8.1,8.294,B
13,0.1,13.8,5.6,1.9,1.2,8.1,8.454,B
13.8,0.4,14.2,3.2,1.6,1.6,8.9,8.784,C
12,0,10.8,3.1,1.6,1.6,9.6,7.457,A
13.1,0.1,14.2,3.8,1.6,1.3,9.1,8.404,B
12.6,0,12.3,3.8,1.2,1.2,9.3,7.916,B
12.4,0.4,12.9,3.8,1.3,1.4,9.3,7.97,B
13.2,0.5,12.4,3.8,1.2,1.2,9.1,8.326,B
13.2,0.2,14.9,3.1,1.5,1.5,8.1,8.497,B
13.1,0.2,14.6,4.3,0.5,1.9,8.1,8.457,B
13.7,0.3,13.7,4.6,0.9,1.4,8.9,8.712,C
13.2,0.2,14.2,4.1,1.2,1.5,9.1,8.479,B
13.2,0.2,13.2,3.7,1.6,1.2,9.3,8.363,B
13.2,0.4,13.4,3.8,1.3,1.5,9.1,8.424,B
13.4,0.1,13.8,4.3,1.4,1.4,8.4,8.541,B
13.3,0.4,14.7,4.9,1.5,1.5,7.7,8.693,C
13.2,0.1,14.2,4.9,1.2,1.6,8.4,8.519,B
13.5,0.2,13.2,3.3,1.3,1.2,9.1,8.467,B
13.4,0,14.8,3.1,1.1,1.3,9.2,8.515,B
13.3,0.3,14.8,4.9,1.1,1.2,8.9,8.647,B
13.3,0.1,14.6,2.8,1.6,1.8,9.6,8.494,B
13.1,0.1,13.3,3.4,1.5,1.2,7.7,8.276,B
13.2,0.3,13.8,4.5,1.4,1.7,9.1,8.507,B
12.2,0.1,12.5,3.8,1.8,1.9,9.2,7.82,A
13.9,0.2,10.8,4.9,1.9,1.2,8.9,8.575,B
12.5,0.4,14.2,4.5,1.5,1.4,9.6,8.211,B
13.8,0.1,12.3,5.9,1.2,1.5,9.2,8.695,C
13.9,0.1,12.9,2.7,1.6,1.2,9.1,8.593,B
14,0.5,14.3,2.8,1.6,0.9,8.7,8.858,C
12.4,0.3,13.3,3.3,1.2,0.6,8.7,7.917,B
14,0.2,14.2,3.9,1.3,1.3,9.2,8.863,C
14,0.2,13.5,3.5,1.4,1.2,8.7,8.767,C
13.9,0.1,13.6,5.2,1.5,1.3,8.1,8.836,C
12.5,0.2,13.2,5.8,1.2,0.9,4.6,8.124,B
11.9,0.1,12.4,5.2,1.2,0.4,4.6,7.662,A
13.6,0.1,12.8,2.8,1.6,1.9,8.2,8.468,B
13.6,0.1,10.6,3.2,1.4,0.5,7.7,8.208,B
12.9,0.2,12.6,4.5,1.5,1.9,9.1,8.231,B
13.5,0.1,13.7,3.4,1.3,1.3,9.2,8.508,B
14,0.2,13.6,3.9,1.4,1.5,8.9,8.817,C
13.6,0.1,14.6,3.5,1.2,1.4,9.6,8.653,B
13.2,0.1,13.6,4.5,1.6,1.6,9.1,8.455,B
13.5,0.1,13.5,3.5,1.6,1.5,8.7,8.521,B
13.5,0.2,10.2,3.2,1.3,0.7,8.7,8.14,B
13.1,0.2,15,3.2,1.2,1.2,6.8,8.434,B
13.9,0.1,13.1,3.2,1.4,1.6,8.1,8.652,B
13,0.3,14.6,4.9,1.2,1.3,7.4,8.487,B
13.8,0.3,13.7,3.5,1.5,0.8,6.2,8.697,C
13,0.1,14.2,3.9,1.9,0.9,6.1,8.363,B
13.8,0.3,12.3,3.6,1.4,0.3,7.3,8.538,B
13,0.2,13.4,3.3,1.5,1.5,5.6,8.261,B
13.9,0.2,13.8,3.2,1.2,1.6,7.9,8.73,C
12.9,0.1,14.7,3.5,1.5,1.4,6.3,8.331,B
13.9,0.3,14.2,3.1,1.4,1.3,9.6,8.783,C
12,0.2,13.2,2.8,1.5,1.8,9.1,7.718,A
14,0.4,14.8,3.6,1.6,1.6,9.3,8.972,C
13.1,0.4,14.8,3.5,1.2,0.9,9.3,8.463,B
13.3,0.4,14.6,3.6,1.3,0.4,9.1,8.536,B
13.1,0.1,13.3,3.2,1.2,0.3,8.1,8.208,B
13.2,0.4,13.8,3.1,1.8,0.9,8.1,8.421,B
13.1,0.1,14.2,4.3,1.2,0.4,8.9,8.379,B
13,0.2,10.8,2.8,1.7,1.6,9.6,7.982,B
12.9,0,11.9,3.6,1.9,1.6,9.1,8.07,B
12,0.3,14.9,2.5,1.2,1.4,9.3,7.853,B
12.5,0.1,14.6,1.9,1.4,1.5,9.3,8.007,B
12,0.1,13.7,2.5,1.5,1.6,9.1,7.719,A
13.1,0.3,14.2,3.2,1.2,0.8,8.1,8.358,B
12.3,0.1,12.3,4.8,1.1,1.2,8.1,7.85,B
12.3,0.2,13.4,4.4,1,1.9,8.9,7.974,B
12.4,0.4,13.8,3.6,1.3,0.5,9.1,8.01,B
12.7,0.1,14.7,4.5,1.2,1.9,9.3,8.303,B
12.4,0.1,14.2,4.6,1.3,1.3,9.1,8.092,B
12.4,0.5,13.2,4.8,0.9,1.5,8.4,8.07,B
12.6,0.3,14.8,4.1,0.4,1.4,7.7,8.207,B
12.5,0.2,14.8,4.2,1.9,1.6,8.4,8.242,B
12.7,0.2,14.6,4.1,0.5,1.5,9.1,8.227,B
13,0,13.3,5.1,1.9,0.7,9.2,8.329,B
12.7,0.1,13.8,5.1,1.3,1.2,8.9,8.233,B
13.1,0.1,14.2,5.1,1.5,1.6,9.6,8.501,B
12.3,0.2,10.8,5.2,1.4,1.3,7.7,7.77,A
12.7,0.1,14.2,5.8,1.6,0.8,9.1,8.324,B
12.9,0.2,12.3,5.2,1.5,0.9,9.2,8.21,B
13.9,0.1,12.9,5.2,0.7,0.3,8.9,8.678,C
14,0.2,14.3,5.6,1.2,1.5,9.6,8.994,C
12.8,0.1,14.2,5.3,1.6,1.6,9.2,8.371,B
12.8,0.1,13.7,5.4,1.3,1.4,9.1,8.302,B
12.6,0,12.4,5.6,0.8,1.3,8.7,8.032,B
12.9,0.2,14.6,3.2,0.9,1.8,8.7,8.3,B
13.2,0.3,13.6,3.1,0.3,1.1,9.2,8.299,B
13.1,0.1,13.5,3.8,1.5,0.9,8.7,8.312,B
12,0.1,12.9,3.8,1.6,0.4,8.1,7.688,A
12.2,0.2,12.4,3.8,1.4,0.3,4.6,7.742,A
13.9,0,14.9,3.8,1.3,0.9,4.6,8.82,C
13.3,0.1,14.6,3.1,1.8,0.4,9.1,8.471,B
13.1,0.1,13.7,4.3,1,1.6,8.7,8.365,B
13,0.1,14.2,4.6,0.9,1.6,8.7,8.38,B
13.1,0.2,13.2,4.1,0.4,1.4,6.8,8.277,B
12.1,0.1,13.4,3.7,0.3,1.5,8.1,7.747,A
12,0,13.8,3.8,0.9,1.6,7.4,7.764,A
12.5,0.1,14.7,4.3,0.4,0.8,6.2,8.097,B
12.5,0.2,14.2,3.9,1.6,1.2,6.1,8.127,B
12.6,0.1,13.2,4.3,1.6,1.8,7.3,8.109,B
12.7,0.2,14.8,4.4,1.4,1.5,5.6,8.322,B
12.6,0.1,14.8,3.7,1.5,1.8,7.9,8.221,B
12.5,0.2,14.6,3.5,1.6,1.9,6.3,8.167,B
12.9,0.4,13.3,4.7,0.8,1.5,9.6,8.297,B
12.6,0.2,13.8,4.1,1.2,1.2,9.1,8.127,B
12.8,0.3,12.5,5.2,1.8,1.6,9.3,8.246,B
12.3,0.3,10.8,5.8,1.5,1.6,9.3,7.85,B
12.3,0.4,14.2,3.2,1.3,1.2,9.1,8,B
12.5,0.2,12.3,3.5,1.5,1.3,8.1,7.907,B
12.4,0.3,12.9,5.2,1.6,1.4,8.1,8.066,B
12.8,0.3,14.3,3.2,1.4,1.5,8.9,8.258,B
13.1,0.1,12.3,2.8,1.1,1.2,9.6,8.11,B
12.9,0.3,14.2,4.5,1.6,1.2,9.1,8.389,B
12.6,0.2,13.5,4.2,1.6,1.6,9.3,8.144,B
12.8,0.2,13.6,3.8,1.5,1.4,9.3,8.212,B
13.2,0.1,14.9,5.4,1.9,1.5,9.1,8.662,B
12.8,0.2,12.4,5.7,1.5,1.3,8.1,8.221,B
13.8,0.1,12.8,5.6,1.3,1.4,8.1,8.726,C
13.2,0.1,10.6,5.2,1.4,1.2,8.9,8.176,B
13.9,0.2,12.6,5.6,1.7,1.6,9.1,8.808,C
12.9,0.3,13.7,5.2,1.6,1.6,9.3,8.404,B
12.9,0.2,13.6,5.1,1.6,1.3,9.1,8.355,B
12.5,0.3,14.6,4.9,1.9,1.2,8.4,8.275,B
14,0.2,13.6,5.1,1.5,1.4,7.7,8.903,C
13.9,0.3,13.5,4.8,1.3,1.2,8.4,8.822,C
12.7,0.3,10.2,5.1,1.9,1.5,9.1,7.961,B
12.6,0.2,12.9,4.3,1.4,1.9,9.2,8.091,B
12.8,0.3,13.2,5.9,1.2,1.4,8.9,8.321,B
12.7,0.3,14.6,4.1,1.6,1.5,9.6,8.313,B
12.8,0.2,13.7,5.6,1.2,1.2,7.7,8.322,B
13.1,0.2,14.2,4.8,0.4,1.5,9.1,8.43,B
13.2,0.3,12.3,5.9,1.2,1.4,9.2,8.431,B
13,0.3,13.4,4.3,0.3,1.5,8.9,8.279,B
13,0.2,13.8,5.7,1.6,1.6,9.6,8.479,B
12.3,0.3,14.7,4.5,1.2,1.2,9.2,8.115,B
12.5,0.2,14.2,3.8,1.8,1.3,9.1,8.136,B
12.55,0.2,13.2,4.3,1.8,1.2,8.7,8.092,B
11.6,0.2,14.8,4.6,1.6,1.8,8.7,7.81,A
12.5,0.3,14.8,4.1,1.3,1.2,9.2,8.203,B
12.6,0.3,14.6,3.7,1.4,1.7,8.7,8.231,B
11.7,0.2,13.3,3.8,1.5,1.9,8.1,7.652,A
12.1,0.3,13.8,4.1,1.2,1.2,4.6,7.897,B
12.5,0.2,14.2,4.3,1.3,1.4,4.6,8.145,B
12.6,0.3,10.8,3.9,1.1,1.5,8.2,7.839,B
12.5,0.2,14.2,4.3,1.1,1.2,7.7,8.125,B
11.3,0.3,12.3,4.1,1.6,0.9,9.1,7.359,A
12.2,0.4,12.9,4.3,1.5,0.6,9.2,7.885,B
12.5,0.5,14.3,3.7,1.4,1.3,8.9,8.175,B
12.8,0.5,14.2,5.4,1.8,1.2,9.6,8.454,B
12.9,0.5,13.9,4.2,1.9,1.3,9.1,8.4,B
12.5,0.3,13.3,4.9,1.5,0.9,8.7,8.109,B
12.5,0.2,12.7,4.5,1.2,0.4,8.7,7.963,B
12.7,0.5,12.8,4.6,1.6,1.9,6.8,8.224,B
12.3,0.5,13.9,4.4,1.6,0.5,8.1,8.064,B
12.8,0.4,12.8,5.3,1.2,1.9,7.4,8.279,B
12.7,0.1,13.6,5.9,1.3,1.3,6.2,8.273,B
12.5,0.3,13.2,5.7,1.4,1.5,6.1,8.173,B
12.6,0.1,14.9,4.3,1.5,1.4,7.3,8.257,B
12.3,0.5,12.7,5.8,1.2,1.6,5.6,8.062,B
12.8,0.4,12.3,3.9,1.2,1.5,5.8,8.115,B
12.5,0.2,14.8,4.3,1.6,0.7,5.2,8.195,B
12.7,0.2,13.5,4.9,1.4,1.2,5.2,8.215,B
13,0.1,12.5,4.9,1.5,1.6,5.6,8.267,B
12.8,0.1,14.8,3.3,1.3,1.3,5.3,8.261,B
10.8,0.2,14.6,3.1,1.4,0.8,5.4,7.233,A
12.4,0.2,13.3,4.9,1.2,0.9,5.6,8.021,B
12.5,0.1,13.8,2.8,1.6,0.3,3.2,7.954,B
11.3,0.3,12.5,3.4,1.6,1.5,3.1,7.354,A
11.5,0.3,10.8,4.5,1.3,1.6,3.8,7.347,A
10.8,0.3,14.2,3.8,1.2,1.4,3.8,7.274,A
10.9,0.3,12.3,4.9,1.4,1.3,3.8,7.219,A
11.2,0.2,12.9,4.5,1.2,1.8,3.8,7.389,A
12.2,0.2,14.3,5.9,1.5,1.6,3.1,8.137,B
12,0.1,12.6,2.7,1.9,0.9,4.3,7.619,A
11.7,0.3,14.2,2.8,1.4,0.4,4.6,7.626,A
12.8,0.2,13.5,3.3,1.5,0.3,4.1,8.123,B
12.1,0.4,13.6,3.9,1.2,0.9,3.7,7.871,B
12.2,0.2,12.5,3.5,1.5,0.4,3.8,7.741,A
11.9,0.2,12.4,5.2,1.4,1.6,4.3,7.742,A
11.8,0.2,12.8,5.8,1.5,1.6,3.9,7.78,A
12.5,0.1,10.6,5.2,1.6,1.4,4.3,7.846,B
12.7,0.3,12.6,2.8,1.2,1.5,4.4,7.998,B
12.2,0.2,13.7,3.2,1.3,1.6,3.7,7.876,B
11.1,0.3,13.6,4.5,1.2,0.8,3.5,7.389,A
11.9,0.1,14.6,3.4,1.8,1.2,4.7,7.824,A
12,0.4,13.6,3.9,1.2,1.9,4.1,7.861,B
12.1,0.1,13.5,3.5,1.7,0.5,5.2,7.787,A
11.1,0.2,10.2,4.5,1.9,1.9,5.8,7.115,A
12.2,0.2,12.4,3.5,1.2,1.3,3.2,7.749,A
12.8,0.2,14.9,3.2,1.4,1.5,3.5,8.298,B
11.8,0.3,14.6,3.2,1.5,1.4,5.2,7.79,A
12.6,0.4,13.7,3.2,1.2,1.6,3.2,8.11,B
11.8,0.2,14.2,4.9,0.9,1.5,2.8,7.817,A
11.7,0.1,12.3,3.5,0.6,0.7,4.5,7.409,A
11.5,0.4,13.4,3.9,1.3,1.2,4.2,7.569,A
11.6,0,13.8,3.6,1.2,1.6,3.8,7.568,A
12.5,0.1,14.7,3.3,1.3,1.3,5.4,8.101,B
12.9,0,14.2,3.2,0.9,0.8,5.7,8.18,B
12.8,0.4,13.2,3.5,0.4,0.9,5.6,8.105,B
12.2,0.5,14.8,3.1,1.9,0.3,5.2,8.023,B
12.8,0.2,14.8,2.8,0.5,1.5,5.6,8.206,B
11.6,0.2,14.6,3.6,1.9,1.6,5.2,7.73,A
12.5,0.3,13.3,3.5,1.3,1.4,5.1,8.019,B
12.1,0.2,13.8,3.6,1.5,1.3,4.9,7.864,B
13.8,0.2,14.2,3.2,1.4,1.8,5.1,8.74,C
13.9,0.4,10.8,3.1,1.6,1.1,4.8,8.467,B
13.1,0.1,14.2,4.3,1.5,0.9,5.1,8.417,B
13.9,0.4,12.3,2.8,0.7,0.4,4.3,8.514,B
13.5,0.1,12.9,3.6,1.2,0.3,5.9,8.396,B
13.9,0.2,14.3,2.5,1.6,0.9,4.1,8.727,C
13,0,14.2,1.9,1.3,0.4,5.6,8.147,B
13.9,0.3,13.9,2.5,0.8,1.6,4.8,8.687,C
13.3,0.1,13.3,3.1,0.9,1.6,5.9,8.335,B
13.9,0.1,12.7,2.8,0.3,1.4,6.2,8.51,B
13.3,0.3,12.8,3.6,1.5,1.5,6.8,8.392,B
13.5,0.1,13.9,3.5,1.6,1.6,8.4,8.565,B
13.1,0.2,12.3,3.6,1.4,0.8,9.6,8.188,B
13.9,0.4,13.6,3.2,1.3,1.2,9.1,8.74,C
13,0.1,13.2,3.1,1.8,1.8,9.3,8.237,B
13.8,0.1,14.9,4.3,1.6,1.5,9.3,8.867,C
13,0.5,12.2,2.8,0.9,1.3,9.1,8.122,B
13.8,0.3,12.3,3.6,0.4,1.5,8.1,8.526,B
13,0.2,14.8,2.5,0.3,1.6,8.1,8.277,B
13.9,0.2,13.5,1.9,0.9,1.4,8.9,8.583,B
12.9,0.1,12.5,2.5,0.4,1.1,9.1,7.963,B
13.9,0.2,12.1,3.2,1.6,1.6,9.3,8.584,B
13,0.1,12.4,3.5,1.6,1.6,9.1,8.165,B
13.8,0.1,12.8,4.5,1.4,1.5,8.4,8.659,B
12.7,0.1,10.6,4.6,1.5,1.9,7.7,7.918,B
13.8,0.2,12.6,4.8,1.6,1.5,8.4,8.692,C
12.8,0.1,14.6,4.1,0.8,1.3,9.1,8.267,B
13.8,0.2,13.6,4.2,1.2,1.4,9.2,8.722,C
13,0.1,13.5,4.1,1.9,1.7,8.9,8.339,B
13.8,0.1,10.2,5.1,0.5,1.6,9.6,8.391,B
12,0.1,15,5.1,1.9,1.6,7.7,8.055,B
13,0.2,13.1,5.1,1.3,1.9,9.1,8.361,B
13.1,0.2,14.6,5.2,1.5,1.5,9.2,8.564,B
12.9,0.1,13.7,5.8,1.4,1.3,8.9,8.382,B
13,0.3,14.2,5.2,1.6,1.9,9.6,8.516,B
12.6,0.3,12.3,5.2,1.5,1.4,9.2,8.1,B
13.1,0.1,13.4,5.6,0.7,1.2,9.1,8.392,B
12.5,0.3,13.8,5.3,1.2,1.6,8.7,8.197,B
12.4,0.2,14.7,5.4,1.6,1.2,8.7,8.232,B
11.5,0.2,14.2,5.6,1.3,1.2,9.2,7.728,A
13.2,0.1,13.2,3.2,0.8,1.2,8.7,8.26,B
13.3,0.3,14.8,3.1,0.9,0.3,8.1,8.473,B
13.2,0.2,14.8,3.8,0.3,1.6,8.1,8.468,B
13.4,0.4,14.6,3.8,1.5,1.2,8.9,8.644,B
13.8,0.4,13.3,3.8,1.6,1.8,9.1,8.744,C
13.1,0.4,13.8,3.8,1.4,1.8,9.3,8.432,B
13.7,0.1,14.2,3.1,1.3,1.6,9.1,8.649,B
13.7,0.4,10.8,4.3,1.8,1.3,8.4,8.471,B
12.8,0.1,11.9,4.6,1.1,1.4,7.7,8.054,B
13.2,0.2,14.9,4.1,0.9,1.5,8.4,8.531,B
13.6,0,14.6,3.7,0.4,1.2,9.1,8.591,B
13.2,0.3,13.6,3.8,0.3,1.3,9.2,8.356,B
13.5,0.1,12.3,4.3,0.9,1.1,8.9,8.399,B
13.2,0.1,12.4,3.9,0.4,1.1,9.6,8.201,B
13.4,0.3,12.8,4.3,1.6,1.6,7.7,8.501,B
13.3,0.1,10.6,4.4,1.6,1.5,9.1,8.194,B
13.3,0.2,12.6,3.7,1.4,1.4,9.2,8.349,B
13.1,0.4,13.7,3.5,1.5,1.8,8.9,8.407,B
13.2,0.1,13.6,4.7,1.6,1.9,9.6,8.481,B
13.3,0.1,14.6,4.1,0.8,1.5,9.2,8.525,B
13.5,0.5,13.6,5.2,1.2,1.2,9.1,8.694,C
13.2,0.3,13.5,5.8,1.8,1.6,8.7,8.588,B
13.4,0.2,10.2,3.2,1.5,1.6,8.7,8.138,B
13.6,0.2,11.9,3.5,1.3,1.2,9.2,8.401,B
13.3,0,14.9,5.2,1.5,1.3,8.7,8.646,B
13.3,0.1,14.6,3.2,1.6,1.4,8.1,8.506,B
13.2,0.1,13.7,2.8,1.4,1.5,4.6,8.33,B
13.3,0.2,14.2,4.5,1.1,1.2,4.6,8.539,B
13.1,0.1,12.3,4.2,1.6,1.2,8.2,8.238,B
13.3,0.2,13.4,3.8,1.6,1.6,6.2,8.456,B
13.3,0.1,13.8,5.4,1.5,1.4,6.1,8.574,B
13.1,0.2,14.7,5.7,1.9,1.5,7.3,8.633,B
13.2,0.1,14.2,5.6,1.5,1.3,5.6,8.574,B
13.3,0.1,13.2,5.2,1.3,1.4,7.9,8.488,B
12.2,0,14.8,5.6,1.4,1.2,6.3,8.104,B
12.7,0.2,14.8,5.2,1.7,1.6,9.6,8.4,B
13.4,0.3,14.6,5.1,1.6,1.6,9.1,8.737,C
13.9,0.1,13.3,4.9,1.6,1.3,9.3,8.791,C
11.4,0.1,13.8,5.1,1.9,1.2,9.3,7.619,A
12.5,0.2,14.2,4.8,1.5,1.4,9.1,8.192,B
13.8,0,10.8,5.1,1.3,1.2,8.1,8.463,B
13.6,0.1,14.2,4.3,1.9,1.5,8.1,8.715,C
13.5,0.1,12.3,5.9,1.4,1.9,8.9,8.573,B
13.9,0.1,12.9,4.1,1.2,1.4,9.6,8.675,C
14,0.2,14.3,5.6,1.6,1.5,9.1,9.018,C
12.5,0.1,14.2,4.8,1.2,1.2,9.3,8.146,B
12.8,0,14.7,5.9,1.2,1.5,9.3,8.415,B
12.4,0.1,14.2,4.3,1.2,1.4,9.1,8.069,B
13.8,0.2,13.2,5.7,0.3,1.5,8.1,8.737,C
14,0.1,14.8,4.5,1.6,1.6,8.1,8.975,C
12.8,0.2,14.8,3.8,1.2,1.2,8.9,8.306,B
14,0.1,14.6,4.3,1.8,1.3,9.1,8.941,C
13.5,0.2,13.3,4.6,1.8,1.2,9.3,8.598,B
13.9,0.4,13.8,4.1,1.6,1.8,9.1,8.865,C
14,0.2,14.2,3.7,1.3,1.2,8.4,8.845,C
12.5,0.3,10.8,3.8,1.4,1.7,7.7,7.808,A
12.7,0.3,14.2,4.1,1.5,1.9,8.4,8.283,B
11.9,0.4,12.3,4.3,1.2,1.2,9.1,7.681,A
12.4,0.2,12.9,3.9,1.3,1.4,9.2,7.937,B
11.8,0.3,14.3,4.3,1.1,1.5,8.9,7.817,A
12.5,0.3,14.2,4.1,1.1,1.2,9.6,8.131,B
13.6,0.1,13.9,4.3,1.6,0.9,7.7,8.643,B
13.2,0.3,13.3,3.7,1.5,0.6,9.1,8.363,B
13.6,0.2,12.7,5.4,1.4,1.3,9.2,8.624,B
14,0.2,12.8,4.2,1.8,1.2,8.9,8.77,C
12.9,0.1,13.9,4.9,1.9,1.3,9.6,8.369,B
13.2,0.2,14.2,4.5,1.5,1.6,9.2,8.529,B
12.9,0.1,13.6,4.6,1.2,1.2,9.1,8.272,B
13.5,0.1,13.2,4.4,1.6,1.8,8.7,8.566,B
12.5,0.2,14.9,5.3,1.6,1.8,8.7,8.319,B
13.8,0.3,15,5.9,1.2,1.6,9.2,9.009,C
14,0.2,12.3,5.7,1.3,1.3,8.7,8.799,C
12.5,0.3,14.8,4.3,1.4,1.4,8.1,8.231,B
12.4,0.2,13.5,5.8,1.5,1.5,4.6,8.146,B
13.6,0.3,12.5,3.9,1.2,1.2,4.6,8.503,B
14,0.3,13.2,4.3,1.2,1.3,8.2,8.805,C
13.2,0.2,12.4,4.9,1.6,1.1,7.7,8.363,B
13.5,0.3,12.8,4.9,1.4,1.1,9.1,8.561,B
12.5,0.3,10.6,3.3,1.5,1.6,9.2,7.755,A
12,0.2,12.6,3.1,1.3,1.5,8.9,7.655,A
14,0.2,13.7,4.9,1.4,1.4,9.6,8.893,C
13.1,0.3,13.6,2.8,1.2,1.8,9.1,8.31,B
13.1,0.3,14.6,3.4,1.6,1.9,8.7,8.48,B
12,0.2,13.6,4.5,1.6,1.5,8.7,7.871,B
12.3,0.3,13.5,3.8,1.3,1.2,6.8,7.952,B
12.3,0.2,10.2,4.9,1.2,1.6,8.1,7.689,A
12.7,0.2,14.9,4.5,1.4,1.6,7.4,8.343,B
12.4,0.2,14.9,5.9,1.2,1.2,6.2,8.263,B
12.5,0.3,14.6,2.7,1.5,1.3,6.1,8.101,B
13,0.3,13.7,2.8,1.9,1.4,7.3,8.296,B
12.3,0.2,14.2,3.3,1.4,1.5,5.6,7.985,B
14,0.3,14.6,3.9,1.5,1.2,7.9,8.931,C
12.9,0.2,13.6,3.5,1.2,1.2,6.3,8.215,B
12.2,0.3,13.5,6.2,1.5,1.6,9.6,8.098,B
13.1,0.2,10.2,5.8,1.4,1.4,9.1,8.156,B
12.5,0.3,14.9,5.2,1.5,1.5,9.3,8.314,B
12.9,0.4,14.9,2.8,1.6,1.3,9.3,8.364,B
12.3,0.5,14.6,3.2,1.2,1.4,9.1,8.062,B
12.8,0.5,13.7,4.5,1.3,1.2,8.1,8.311,B
12.9,0.5,14.2,3.4,1.2,1.6,8.1,8.344,B
12.8,0.3,12.3,3.9,1.8,1.6,8.9,8.135,B
13.8,0.2,13.4,3.5,1.2,1.3,9.6,8.649,B
12.9,0.5,13.8,4.5,1.7,1.2,9.1,8.395,B
12.5,0.5,14.7,3.5,1.9,1.4,9.3,8.235,B
12.7,0.4,14.2,3.2,1.2,1.2,9.3,8.194,B
12.7,0.1,13.2,3.2,1.4,1.5,9.1,8.058,B
13.1,0.4,14.8,3.2,1.5,1.9,8.1,8.5,B
13,0.2,14.8,4.9,1.2,1.4,8.1,8.491,B
12.5,0.3,14.6,3.5,0.9,1.5,8.9,8.129,B
11.6,0.3,13.3,3.9,0.6,1.2,9.1,7.547,A
11.7,0.1,13.8,3.6,1.3,1.5,9.3,7.64,A
12.5,0.3,14.2,3.3,1.2,1.4,9.1,8.089,B
12.5,0.2,10.8,3.2,1.3,1.5,8.4,7.732,A
12.5,0.2,14.2,3.5,1.6,1.6,7.7,8.115,B
12.7,0.1,12.3,3.1,1.2,1.2,8.4,7.937,B
12.3,0.1,12.9,2.8,1.8,1.3,9.1,7.816,A
12.5,0.2,14.3,3.6,1.8,1.2,9.2,8.128,B
12.8,0.2,14.2,3.5,1.6,1.8,8.9,8.273,B
13,0.1,14.9,3.6,1.3,1.2,9.6,8.388,B
10.8,0.3,14.6,3.2,1.4,1.7,7.7,7.296,A
11.3,0.3,13.7,3.1,1.5,1.9,9.1,7.463,A
10.8,0.3,14.2,4.3,1.2,1.2,9.2,7.301,A
12.2,0.3,13.2,2.8,1.3,1.4,8.9,7.81,A
12.8,0.2,13.4,3.6,1.1,1.5,9.6,8.158,B
12.2,0.2,13.8,2.5,1.1,1.2,9.2,7.809,A
12.5,0.1,14.7,1.9,1.6,0.9,9.1,8.005,B
12.2,0.3,14.2,2.5,1.5,0.3,8.7,7.857,B
12,0.2,13.2,3.2,1.4,1.3,8.7,7.72,A
12.2,0.4,14.8,4.8,1.8,1.2,9.2,8.152,B
11.8,0.2,14.8,4.4,1.9,1.3,8.7,7.894,B
11.8,0.2,14.6,3.6,1.5,0.9,8.1,7.778,A
11.6,0.2,13.3,4.5,1.2,0.4,4.6,7.573,A
12.8,0.1,13.8,4.6,1.6,1.9,4.6,8.294,B
11.6,0.3,12.5,4.8,1.6,0.5,9.1,7.562,A
13.8,0.2,10.8,4.1,1.2,1.9,8.7,8.455,B
13.1,0.3,14.2,4.2,1.3,1.3,8.7,8.454,B
13.9,0.1,12.3,4.1,1.4,1.5,6.8,8.631,B
13,0.4,12.9,5.1,1.5,1.4,8.1,8.373,B
13.3,0.1,14.3,5.1,1.2,1.6,7.4,8.593,B
13.3,0.2,12.9,5.1,1.2,1.5,6.2,8.469,B
13.1,0.2,14.2,5.2,1.6,0.7,6.1,8.498,B
13.8,0.2,13.5,5.8,1.4,1.2,7.3,8.828,C
13,0.3,13.6,5.2,1.5,1.6,5.6,8.438,B
12.9,0.4,12.9,5.2,1.3,1.3,7.9,8.314,B
13,0.2,12.4,5.6,1.4,0.8,6.3,8.288,B
12.7,0.1,12.8,5.3,1.2,0.9,9.6,8.129,B
12.8,0.4,10.6,5.4,1.6,0.3,9.1,8.026,B
13,0.1,12.6,5.6,1.6,1.5,9.3,8.328,B
13.8,0.1,13.7,3.2,1.3,1.6,9.3,8.656,B
12,0.1,13.6,3.1,1.2,1.4,9.1,7.725,A
13.1,0.5,14.6,3.8,1.4,1.3,8.1,8.512,B
12.6,0.5,13.6,3.8,1.2,1.8,8.1,8.17,B
12.4,0.2,13.5,3.8,1.5,1.6,8.9,8.01,B
13.2,0.3,10.2,3.8,1.9,0.9,9.6,8.096,B
13.2,0.2,11.9,3.1,1.4,0.4,9.1,8.147,B
13.1,0.2,14.9,4.3,1.5,0.3,9.3,8.483,B
13.7,0.2,14.6,4.6,1.2,0.9,9.3,8.78,C
13.2,0.4,13.7,4.1,1.5,0.4,9.1,8.443,B
13.2,0.1,14.2,3.7,1.4,1.6,8.1,8.447,B
13.2,0.4,12.3,3.8,1.5,1.6,8.1,8.33,B
13.4,0.3,13.4,4.3,1.6,1.4,8.9,8.553,B
13.3,0.1,13.8,4.9,1.2,1.5,9.1,8.525,B
13.2,0.1,14.7,4.9,1.3,1.6,9.3,8.575,B
13.5,0.3,14.2,3.3,1.2,0.8,9.1,8.565,B
13.4,0.1,13.2,3.1,1.8,1.2,8.4,8.413,B
13.3,0.2,14.8,4.9,1.2,1.9,7.7,8.661,B
13.3,0.4,14.8,2.8,1.7,0.5,8.4,8.528,B
13.1,0.1,14.6,3.4,1.9,1.9,9.1,8.458,B
13.2,0.1,13.3,4.5,1.2,1.3,9.2,8.389,B
12.2,0.5,13.8,3.8,1.4,1.5,8.9,7.99,B
13.9,0.3,14.2,4.9,1.5,1.4,9.6,8.919,C
12.5,0.2,10.8,4.5,1.2,1.6,7.7,7.821,A
13.8,0.2,14.2,5.9,0.9,1.5,9.1,8.887,C
13.9,0.2,12.3,2.7,0.3,0.7,9.2,8.455,B
14,0.3,12.9,2.8,1.3,1.2,8.9,8.672,C
12.4,0.3,14.3,3.3,1.2,1.6,9.6,8.057,B
14,0.2,14.2,3.9,1.3,1.3,9.2,8.863,C
14,0.3,13.7,3.5,0.9,0.8,9.1,8.761,C
13.9,0.2,12.4,5.2,0.4,0.9,8.7,8.654,B
12.5,0.3,14.6,5.8,1.9,0.3,8.7,8.302,B
11.9,0.2,13.6,5.2,0.5,1.5,9.2,7.804,A
13.6,0.3,13.5,2.8,1.9,1.8,8.7,8.592,B
13.6,0.4,12.9,3.2,1.3,1.9,8.1,8.548,B
12.9,0.5,12.4,4.5,1.5,1.5,4.6,8.255,B
13.5,0.5,14.9,3.4,1.4,1.2,4.6,8.71,C
14,0.5,14.6,3.9,1.6,1.6,8.2,8.993,C
13.6,0.3,13.7,3.5,1.5,1.6,7.7,8.629,B
13.2,0.2,14.2,4.5,0.7,1.2,9.1,8.465,B
13.5,0.5,13.2,3.5,1.2,1.3,9.2,8.539,B
13.5,0.5,13.4,3.2,1.6,1.4,8.9,8.566,B
13.1,0.4,13.8,3.2,1.3,1.5,9.6,8.372,B
13.9,0.1,14.7,3.2,0.8,1.2,9.1,8.76,C
13,0.3,14.2,4.9,0.9,1.2,8.7,8.425,B
13.8,0.1,13.2,3.5,0.3,1.6,8.7,8.567,B
13,0.5,14.8,3.9,1.5,1.4,6.8,8.499,B
13.8,0.4,14.8,3.6,1.6,1.5,8.1,8.868,C
13,0.2,14.6,3.3,1.4,1.3,7.4,8.367,B
13.9,0.2,13.3,3.2,1.3,1.4,6.2,8.678,C
12.9,0.1,13.8,3.5,1.8,1.2,6.1,8.251,B
13.9,0.1,12.5,3.1,1.6,1.6,7.3,8.597,B
13,0.2,10.8,2.8,0.9,1.6,5.6,7.934,B
13.8,0.2,14.2,3.6,0.4,1.3,5.8,8.688,C
12.7,0.1,12.3,3.5,0.3,1.2,5.2,7.911,B
13.8,0.3,12.9,3.6,0.9,1.4,5.2,8.612,B
12.8,0.3,14.3,3.2,0.4,1.2,5.6,8.186,B
13.8,0.3,13.3,3.1,1.6,1.5,5.3,8.663,B
13,0.3,14.2,4.3,1.6,1.9,5.4,8.453,B
13.8,0.2,13.5,2.8,1.4,1.4,5.6,8.626,B
12,0.2,13.6,3.6,1.5,1.5,3.2,7.802,A
13,0.1,13.2,2.5,1.6,1.2,3.1,8.159,B
13.1,0.3,12.4,1.9,0.8,1.5,3.8,8.091,B
12.9,0.2,12.8,2.5,1.2,1.4,3.8,8.073,B
13,0.4,10.6,3.2,1.9,1.5,3.8,8.038,B
12.6,0.2,12.6,4.8,0.5,1.6,3.8,8.03,B
12.6,0.2,13.7,4.4,1.9,1.2,3.1,8.18,B
12,0.2,13.6,3.6,1.3,1.3,4.3,7.782,A
13,0.1,14.6,4.5,1.5,1.2,4.6,8.433,B
13.9,0.3,13.6,4.6,1.4,1.8,4.1,8.848,C
13,0.2,13.5,4.8,1.6,1.2,3.7,8.37,B
13.3,0.3,10.2,4.1,1.5,1.7,3.8,8.175,B
13.3,0.1,15,4.2,0.7,1.9,4.3,8.582,B
13.1,0.4,13.1,4.1,1.2,1.2,3.9,8.347,B
13.8,0.1,14.6,5.1,1.6,1.4,4.3,8.889,C
13,0.2,13.7,5.1,1.3,1.5,4.4,8.405,B
12.9,0.2,14.2,5.1,0.8,1.2,3.7,8.363,B
13,0.2,12.3,5.2,0.9,0.9,3.5,8.224,B
12.7,0.3,13.4,5.8,0.3,0.6,4.7,8.198,B
12.8,0.4,13.8,5.2,1.5,1.3,4.1,8.366,B
13,0.2,14.7,5.2,1.6,1.2,5.2,8.518,B
13.8,0.1,14.2,5.6,1.4,1.3,5.8,8.868,C
12,0.4,13.2,5.3,1.3,0.9,9.3,7.885,B
13.1,0,14.8,5.4,1.8,0.4,9.1,8.532,B
12.6,0.1,14.8,5.6,1.1,1.9,8.9,8.334,B
12.4,0,14.6,3.2,0.9,0.5,8.9,7.958,B
13.2,0.4,13.3,3.1,0.4,1.9,9.3,8.327,B
13.2,0.5,13.8,3.8,0.3,1.3,7.4,8.416,B
13.1,0.2,14.2,3.8,0.9,1.5,5.8,8.39,B
13.7,0.2,10.8,3.8,0.4,1.4,3.4,8.316,B
13.2,0.3,11.9,3.8,1.6,1.6,9.6,8.276,B
13.2,0.2,14.9,3.1,1.6,1.5,7.7,8.503,B
13.2,0.2,14.6,4.3,1.4,0.7,9.1,8.513,B
13.4,0.4,13.7,4.6,1.5,1.2,9.2,8.61,B
13.3,0.1,14.2,4.1,1.6,1.6,8.9,8.537,B
13.2,0.4,12.3,3.7,0.8,1.3,9.6,8.269,B
13.5,0.1,13.4,3.8,1.2,0.8,9.2,8.48,B
13.4,0.2,13.8,4.3,1.8,0.9,9.1,8.565,B
13.3,0,14.7,3.9,1.5,0.3,8.7,8.495,B
13.3,0.3,14.2,4.3,1.3,1.5,8.7,8.569,B
13.1,0.1,13.2,4.4,1.5,1.6,9.2,8.352,B
13.2,0.1,14.8,3.7,1.6,1.4,8.7,8.511,B
12.2,0.3,14.8,3.5,1.4,1.3,8.1,8.021,B
13.9,0.1,14.6,4.7,1.1,1.8,4.6,8.897,C
12.5,0.2,13.3,4.1,1.6,1.6,4.6,8.067,B
13.8,0.4,13.8,5.2,1.6,0.9,8.2,8.856,C
13.9,0.1,14.2,5.8,1.5,0.4,7.7,8.902,C
14,0.1,10.8,3.2,1.9,0.3,9.1,8.45,B
12.4,0.5,14.2,3.5,1.5,0.9,9.2,8.091,B
14,0.3,12.3,5.2,1.3,0.4,8.9,8.748,C
14,0.2,12.9,3.2,1.4,1.6,9.6,8.702,C
13.9,0.2,14.3,2.8,1.7,1.6,9.1,8.782,C
12.5,0.1,14.2,4.5,1.6,1.4,8.7,8.157,B
11.9,0.2,13.7,4.2,1.6,1.5,8.7,7.81,A
13.6,0.1,12.4,3.8,1.9,1.6,6.8,8.504,B
13.6,0.1,14.6,5.4,1.5,0.8,8.1,8.78,C
12.9,0.1,13.6,5.7,1.3,1.2,7.4,8.355,B
13.5,0.2,13.5,5.6,1.9,1.9,6.2,8.722,C
14,0.1,12.9,5.2,1.4,0.5,6.1,8.778,C
13.6,0.2,12.4,5.6,1.2,1.9,7.3,8.62,B
13.2,0.1,14.9,5.2,1.6,1.3,5.6,8.622,B
13.5,0.1,14.6,5.1,1.2,1.5,7.9,8.719,C
13.5,0.1,13.7,4.9,1.2,1.4,6.3,8.611,B
13.1,0.2,14.2,5.1,1.2,1.6,9.6,8.503,B
13.9,0.2,13.2,4.8,0.3,1.5,9.1,8.724,C
13,0.1,13.4,5.1,1.6,0.7,9.3,8.341,B
13.8,0.3,13.8,4.3,1.2,1.2,9.3,8.761,C
13,0.3,14.7,5.9,1.8,1.6,9.1,8.615,B
13.8,0.1,14.2,4.1,1.8,1.3,8.1,8.787,C
13,0.3,13.2,5.6,1.6,0.8,8.1,8.4,B
13.9,0.2,14.8,4.8,1.3,0.9,8.9,8.92,C
12.9,0.2,14.8,5.9,1.4,0.3,9.6,8.479,B
13.9,0.1,14.6,4.3,1.5,1.5,9.1,8.881,C
12.5,0.3,13.3,5.7,1.2,1.6,9.3,8.175,B
12.5,0.2,13.8,4.5,1.3,1.4,9.3,8.119,B
12.7,0.4,12.5,3.8,1.1,1.3,9.1,8.064,B
12.3,0.4,10.8,4.3,1.1,1.8,8.1,7.749,A
12.8,0.4,14.2,4.6,1.6,1.1,8.1,8.362,B
12.7,0.1,12.3,4.1,1.5,0.9,8.9,8.013,B
12.5,0.4,12.9,3.7,1.4,0.4,9.1,7.979,B
12.6,0.1,14.3,3.8,1.8,0.3,9.3,8.136,B
12.3,0.2,13,4.1,1.9,0.9,9.1,7.927,B
12.8,0,14.2,4.3,1.5,0.4,8.4,8.227,B
12.5,0.3,13.5,3.9,1.2,1.6,7.7,8.069,B
12.7,0.1,13.6,4.3,1.6,1.6,8.4,8.191,B
13,0.1,14,4.1,1.6,1.4,9.1,8.359,B
12.8,0.3,12.4,4.3,1.2,1.5,9.2,8.133,B
10.8,0.1,12.8,3.7,1.3,1.6,8.9,7.101,A
12.4,0.2,10.6,5.4,1.4,0.8,9.6,7.794,A
12.5,0.4,12.6,4.2,1.5,1.2,7.7,8.022,B
11.3,0.1,13.7,4.9,1.2,1.8,9.1,7.527,A
11.5,0.1,13.6,4.5,1.2,1.5,9.2,7.577,A
10.8,0.5,14.6,4.6,1.6,1.3,8.9,7.43,A
10.9,0.3,13.6,4.4,1.4,1.5,9.6,7.322,A
11.2,0.2,13.5,5.3,1.5,1.6,9.2,7.515,A
12.2,0.2,10.2,5.9,1.3,1.4,9.1,7.707,A
12,0,12.9,5.7,1.4,1.1,8.7,7.817,A
11.7,0.1,13.2,4.3,1.2,1.6,8.7,7.627,A
12.8,0.1,14.6,5.8,1.6,1.6,9.2,8.446,B
12.1,0.2,13.7,3.9,1.6,1.5,8.7,7.889,B
12.2,0.1,14.2,4.3,1.3,1.9,8.1,7.995,B
11.9,0.2,12.3,4.9,1.2,1.5,4.6,7.695,A
11.8,0.1,13.4,4.9,1.4,1.3,4.6,7.739,A
12.5,0.2,13.8,3.3,1.2,1.4,9.1,8.029,B
12.7,0.1,14.7,3.1,1.5,1.7,8.7,8.215,B
12.2,0.1,14.2,4.9,1.9,1.6,8.7,8.061,B
11.1,0,13.2,2.8,1.4,1.6,6.8,7.214,A
11.9,0.2,14.8,3.4,1.5,1.9,8.1,7.874,B
12,0.3,14.8,4.5,1.2,1.5,7.4,7.987,B
12.1,0.1,14.6,3.8,1.5,1.3,6.2,7.938,B
11.1,0.1,13.3,4.9,1.4,1.9,6.1,7.403,A
12.2,0.2,13.8,4.5,1.5,1.4,7.3,7.981,B
12.8,0,14.2,5.9,1.6,1.2,5.6,8.377,B
11.8,0.1,10.8,2.7,1.2,1.6,7.9,7.325,A
12.6,0.1,14.2,2.8,1.3,1.2,6.3,8.062,B
11.8,0.1,12.3,3.3,1.2,1.2,9.6,7.501,A
11.7,0.2,12.9,3.9,1.8,1.2,9.1,7.609,A
11.5,0.1,14.3,3.5,1.2,0.3,8.1,7.529,A
11.6,0,14.2,5.2,1.7,1.6,8.1,7.75,A
12.5,0.1,13.9,5.8,1.9,1.2,8.9,8.228,B
12.9,0.2,13.3,5.2,1.2,1.8,9.1,8.328,B
12.8,0.1,12.7,2.8,1.4,1.8,9.3,8.042,B
12.2,0.2,12.8,3.2,1.5,1.6,9.1,7.798,A
12.8,0.1,13.9,4.5,1.2,1.3,8.4,8.249,B
11.6,0.2,12.8,3.4,0.9,1.4,7.7,7.468,A
12.5,0.4,13.6,3.9,0.8,1.5,8.4,8.071,B
12.1,0.2,13.2,3.5,1.3,1.2,9.1,7.781,A
13.8,0.3,14.9,4.5,1.2,1.3,9.2,8.889,C
13.9,0.3,12.7,3.5,1.3,1.1,8.9,8.647,B
13.1,0.4,12.3,3.2,1.2,1.1,9.6,8.2,B
13.9,0.2,14.8,3.2,1.6,1.6,7.7,8.854,C
13.5,0.3,13.5,3.2,1.4,1.5,9.1,8.528,B
13.9,0.3,12.5,4.9,0.9,1.4,9.2,8.713,C
13,0.1,14.8,3.5,1.3,1.8,8.9,8.395,B
13.9,0.3,14.6,3.9,1.3,1.9,9.6,8.897,C
13.3,0.2,13.3,3.6,1.4,1.5,9.2,8.416,B
13.9,0.2,13.8,3.3,1.2,1.2,9.1,8.721,C
13.3,0.1,12.5,3.2,1.9,1.6,8.7,8.322,B
13.5,0.2,10.8,3.5,0.9,1.6,8.7,8.233,B
13.1,0.1,14.2,3.1,1.6,1.2,9.2,8.351,B
13.9,0.1,12.3,2.8,1.7,1.3,8.7,8.55,B
13,0.2,12.9,3.6,1.9,1.4,8.1,8.252,B
13.8,0.3,14.3,3.5,1.8,1.5,8.1,8.803,C
13,0.2,12.6,3.6,1.9,1.2,8.9,8.214,B
13.8,0.3,14.2,3.2,1.8,1.2,9.1,8.76,C
13,0.2,13.5,3.1,1.9,1.6,9.3,8.285,B
13.9,0.3,13.6,4.3,1.6,1.4,9.1,8.823,C
12.9,0.3,12.5,2.8,1.9,1.5,8.4,8.13,B
13.9,0.2,12.4,3.6,2,1.3,7.7,8.654,B
13,0.3,12.8,2.5,0.4,1.4,8.4,8.095,B
13.8,0.3,10.6,1.9,0.9,1.2,9.1,8.255,B
12.7,0.2,12.6,2.5,1.6,1.6,9.2,7.985,B
13.8,0.2,13.7,3.1,1.6,1.6,8.9,8.687,C
12.8,0.3,13.6,2.8,1.4,1.3,9.6,8.152,B
13.8,0.3,14.6,3.6,1.5,1.2,7.7,8.81,C
13,0.2,13.6,5.6,1.9,1.4,9.1,8.462,B
13.8,0.3,13.5,5.3,1.8,1.2,9.2,8.837,C
12,0.2,10.2,5.4,1.8,1.5,8.9,7.606,A
13,0.2,12.4,5.6,1.6,1.9,9.6,8.344,B
13.1,0.2,14.9,3.2,1.9,1.4,9.2,8.474,B
12.9,0.3,14.6,3.1,1.6,1.5,9.1,8.343,B
13,0.3,13.7,3.8,1.6,1.2,8.7,8.34,B
12.6,0.2,14.2,3.8,1.3,1.5,8.7,8.164,B
13.1,0.3,12.3,3.8,1.2,1.4,9.2,8.234,B
12.5,0.2,13.4,3.8,1.6,1.5,8.7,8.052,B
12.4,0.3,13.8,3.1,1.2,1.6,8.1,7.993,B
11.5,0.2,14.7,4.3,1.3,1.2,4.6,7.687,A
13.2,0.3,14.2,4.6,1.5,1.3,4.6,8.544,B
13.3,0.4,13.2,4.1,1.4,1.2,8.2,8.469,B
13.2,0.5,14.8,3.7,1.5,1.8,6.2,8.601,B
13.4,0.5,14.8,3.8,1.9,1.2,6.1,8.708,C
13.8,0.5,14.6,4.3,1.6,1.7,7.3,8.925,C
13.1,0.3,13.3,3.9,1.6,1.9,5.6,8.385,B
13.7,0.2,13.8,4.3,1.6,1.2,7.9,8.715,C
13.7,0.5,14.2,4.4,1.2,1.4,6.8,8.806,C
12.8,0.5,10.8,3.7,1.3,1.5,8.4,7.977,B
13.2,0.4,14.2,3.5,1.2,1.2,9.6,8.465,B
13.6,0.1,12.3,4.7,1.5,0.9,9.1,8.505,B
13.2,0.4,12.9,4.1,0.5,0.6,9.3,8.311,B
13.5,0.2,14.3,5.2,0.9,1.3,9.3,8.69,C
13.2,0.3,14.2,5.8,1.2,1.2,9.1,8.606,B
13.4,0.3,13.9,3.2,1.6,1.3,8.1,8.522,B
13.3,0.1,13.3,3.5,1.3,1.6,8.1,8.387,B
13.3,0.3,12.7,5.2,1.4,1.2,8.9,8.476,B
13.1,0.2,12.8,3.2,1.5,1.8,9.1,8.256,B
13.2,0.2,13.9,2.8,1.2,1.8,9.3,8.37,B
13.3,0.1,12.3,4.5,1.3,1.6,9.1,8.357,B
13.5,0.1,13.6,4.2,1.1,1.3,8.4,8.542,B
13.2,0.2,13.2,3.8,1.1,1.4,7.7,8.348,B
13.4,0.2,14.9,5.4,1.6,1.5,8.4,8.764,C
13.6,0.1,12.2,5.7,1.5,1.2,9.1,8.577,B
13.3,0.3,12.3,5.6,1.4,1.3,9.2,8.468,B
13.3,0.3,14.8,5.2,1.8,1.1,8.9,8.706,C
13.2,0.3,13.5,5.6,1.9,1.1,9.6,8.56,B
13.3,0.3,12.5,5.2,1.5,1.6,7.7,8.478,B
13.1,0.2,12.1,5.1,1.2,1.5,9.1,8.289,B
13.3,0.2,12.4,4.9,1.6,1.4,9.2,8.425,B
13.3,0.1,12.8,5.1,1.6,1.8,8.9,8.475,B
13.1,0.3,10.6,4.8,1.2,1.9,9.6,8.154,B
13.2,0.2,12.6,5.1,1.3,1.5,9.2,8.395,B
13.3,0.4,13.7,4.3,1.4,1.2,9.1,8.533,B
12.2,0.2,13.6,5.9,1.5,1.6,8.7,8.067,B
12.7,0.2,14.6,4.1,1.2,1.6,8.7,8.273,B
13.4,0.2,13.6,5.6,1.2,1.2,9.2,8.612,B
13.9,0.1,13.5,4.8,1.6,1.3,8.7,8.804,C
11.4,0.3,10.2,5.9,1.4,1.4,8.1,7.333,A
12.5,0.2,14.9,4.3,1.5,1.5,8.1,8.231,B
13.8,0.3,14.9,5.7,1.3,1.2,8.9,8.975,C
13.6,0.1,14.6,4.5,1.4,1.2,9.1,8.727,C
13.5,0.4,13.7,3.8,1.2,1.6,9.3,8.602,B
13.9,0.1,14.2,4.3,1.6,1.4,9.1,8.843,C
14,0.2,12.3,4.6,1.6,1.5,8.4,8.748,C
12.5,0.2,13.4,4.1,1.3,1.3,7.7,8.047,B
12.8,0.2,13.8,3.7,1.2,1.4,8.4,8.207,B
12.4,0.3,14.7,3.8,1.4,1.2,9.1,8.128,B
13.8,0.4,14.2,4.1,1.2,1.6,9.2,8.823,C
14,0.2,13.2,4.3,1.5,1.6,8.9,8.815,C
12.8,0.1,14.8,3.9,1.9,1.3,9.6,8.339,B
14,0.4,14.8,4.3,1.4,1.2,7.7,8.993,C
13.5,0.1,14.6,4.1,1.5,1.4,9.1,8.663,B
13.9,0.1,13.3,4.3,1.2,1.2,9.2,8.721,C
14,0.1,13.8,3.7,1.5,1.5,8.9,8.809,C
12.5,0.5,14.2,5.4,1.4,1.9,9.6,8.308,B
12.7,0.5,10.8,4.2,1.5,1.4,9.2,7.97,B
11.9,0.2,14.2,4.9,1.6,1.5,9.1,7.909,B
12.4,0.3,12.3,4.5,1.2,1.2,8.7,7.925,B
11.8,0.2,12.9,4.6,1.3,1.5,8.7,7.69,A
12.5,0.2,14.3,4.4,1.2,1.4,9.2,8.156,B
13.6,0.2,14.2,5.3,1.8,1.5,8.7,8.799,C
13.2,0.4,14.9,5.9,1.2,1.6,8.1,8.719,C
13.6,0.1,14.6,5.7,1.7,1.2,4.6,8.829,C
14,0.4,13.7,4.3,1.9,1.3,4.6,8.917,C
12.9,0.3,14.2,5.8,1.2,1.2,8.2,8.456,B
13.2,0.1,13.2,3.9,1.4,1.8,6.2,8.369,B
12.9,0.1,13.4,4.3,1.5,1.2,6.1,8.249,B
13.5,0.3,13.8,4.9,1.2,1.7,7.3,8.673,C
12.5,0.1,14.7,4.9,1.1,1.9,5.6,8.225,B
13.8,0.2,14.2,3.3,1,1.2,7.9,8.699,C
14,0.4,13.2,3.1,1.3,1.4,6.3,8.751,C
12.5,0.1,14.8,4.9,1.2,1.5,9.6,8.225,B
12.4,0.1,14.8,2.8,1.3,1.2,9.1,8.022,B
13.6,0.5,14.6,3.4,0.9,0.9,9.3,8.688,C
14,0.3,13.3,4.5,0.4,0.3,9.3,8.741,C
13.2,0.2,13.8,3.8,1.9,1.3,9.1,8.452,B
13.5,0.2,12.5,4.5,0.5,1.2,8.1,8.433,B
12.5,0.5,10.8,3.4,1.9,1.3,8.1,7.834,B
12,0.3,14.2,3.9,1.3,0.9,8.9,7.867,B
14,0.1,12.3,3.5,1.5,0.4,9.6,8.601,B
13.1,0.1,12.9,4.5,1.4,1.9,9.1,8.335,B
13.1,0.3,14.3,3.5,1.6,0.5,9.3,8.401,B
12,0.1,13.4,3.2,1.5,1.9,9.3,7.75,A
12.3,0.2,14.2,3.2,0.7,1.3,9.1,7.928,B
12.3,0.4,13.5,3.2,1.2,1.5,8.1,7.936,B
12.7,0.1,13.6,4.9,1.6,1.4,8.1,8.225,B
12.4,0.1,14.2,3.5,1.3,1.6,8.9,8.027,B
12.5,0.5,12.4,3.9,0.8,1.5,9.1,7.971,B
13,0.3,12.8,3.6,0.9,0.7,9.3,8.174,B
12.3,0.2,10.6,3.3,0.3,1.2,9.1,7.547,A
14,0.2,12.6,3.2,1.5,1.6,8.4,8.678,C
12.9,0.5,13.7,3.5,1.6,1.3,7.7,8.313,B
12.2,0.2,13.6,3.1,1.4,0.8,8.4,7.833,A
13.1,0.2,14.6,2.8,1.3,0.9,9.1,8.36,B
12.5,0.1,13.6,3.6,1.8,0.3,9.2,8.002,B
12.9,0.1,13.5,3.5,1,1.5,8.9,8.185,B
12.3,0.2,10.2,3.6,0.9,1.6,9.6,7.58,A
12.8,0.1,11.9,3.2,0.4,1.4,7.7,7.914,B
12.9,0.2,14.9,3.1,0.3,1.3,9.1,8.267,B
12.8,0.1,14.6,4.3,0.9,1.8,9.2,8.307,B
13.8,0.1,13.7,2.8,0.4,1.6,8.9,8.574,B
12.9,0.2,14.2,3.6,1.6,0.9,9.6,8.294,B
12.5,0.2,12.3,2.5,1.6,0.4,9.2,7.807,A
12.7,0.3,13.4,1.9,1.4,0.3,9.1,7.979,B
12.7,0.1,13.8,2.5,1.5,0.9,8.7,8.051,B
13.1,0.1,14.7,3.2,1.6,0.4,8.7,8.376,B
13,0.2,14.2,4.8,0.8,1.6,9.2,8.408,B
12.5,0,13.2,4.4,1.2,1.6,8.7,8.014,B
11.6,0.1,14.8,3.6,1.8,1.4,8.1,7.716,A
11.7,0.1,14.8,4.5,1.5,1.5,4.6,7.815,A
12.5,0.1,14.6,4.6,1.3,1.6,4.6,8.194,B
12.5,0.2,13.3,4.8,1.5,0.8,8.2,8.078,B
12.5,0.1,13.8,4.1,1.6,1.2,7.7,8.081,B
12.7,0,14.2,4.2,1.4,1.9,9.1,8.224,B
12.3,0.1,10.8,4.1,1.1,0.5,9.2,7.623,A
12.5,0.2,14.2,5.1,1.6,1.9,8.9,8.239,B
12.8,0.4,12.3,5.1,1.6,1.3,9.6,8.215,B
13,0.2,12.9,5.1,1.5,1.5,9.1,8.337,B
10.8,0.3,14.3,5.2,1.9,1.4,8.7,7.424,A
11.3,0.3,14.2,5.8,1.5,1.6,8.7,7.69,A
10.8,0.4,14.7,5.2,1.3,1.5,6.8,7.452,A
12.2,0.2,14.2,5.2,1.4,0.7,8.1,8.036,B
12.8,0.3,13.2,5.6,1.7,1.2,7.4,8.322,B
12.2,0.3,14.8,5.3,1.6,1.6,6.2,8.171,B
12.5,0.1,14.8,5.4,1.6,1.3,6.1,8.276,B
12.2,0.3,14.6,5.6,1.9,0.8,7.3,8.158,B
12,0.2,13.3,3.2,1.5,0.9,5.6,7.72,A
12.2,0.2,13.8,3.1,1.3,0.3,7.9,7.827,A
11.8,0.1,14.2,3.8,1.9,1.5,6.3,7.78,A
11.8,0.1,10.8,3.8,1.4,1.6,9.6,7.414,A
11.6,0.2,14.2,3.8,1.2,1.4,9.1,7.654,A
12.8,0.2,12.3,3.8,1.6,1.3,9.3,8.084,B
11.6,0.1,12.9,3.1,1.2,1.8,9.3,7.471,A
13.8,0.3,14.3,4.3,0.4,1.1,9.1,8.759,C
13.1,0.3,14.2,4.6,1.2,0.9,8.1,8.46,B
12.8,0.3,13.9,4.1,0.3,0.4,8.1,8.171,B
13,0.3,13.3,3.7,1.6,0.3,8.9,8.257,B
13.3,0.2,12.7,3.8,1.2,0.9,9.6,8.334,B
13.3,0.2,12.8,4.3,1.8,0.4,9.1,8.395,B
13.1,0.1,13.9,4.9,1.8,1.6,9.3,8.475,B
13.8,0.3,10.9,4.9,1.6,1.6,9.3,8.553,B
13,0.2,13.6,3.3,1.3,1.4,9.1,8.265,B
12.9,0.4,13.2,3.1,1.4,1.5,8.1,8.211,B
13,0.2,14.9,4.9,1.5,1.6,8.1,8.527,B
12.7,0.2,11.2,2.8,1.2,0.8,8.9,7.81,A
12.8,0.2,12.3,3.4,1.3,1.2,9.1,8.034,B
13,0.1,14.8,4.5,1.1,1.8,9.3,8.453,B
13.8,0.3,13.5,3.8,1.1,1.5,9.1,8.702,C
12,0.2,12.5,4.9,1.6,1.3,8.4,7.781,A
13.1,0.3,14.8,4.5,1.5,1.5,7.7,8.555,B
12.6,0.1,12.4,5.9,1.4,1.6,8.4,8.121,B
12.4,0.4,12.8,2.7,1.8,1.4,9.1,7.913,B
13.2,0.1,10.6,2.8,1.9,1.1,9.2,8.034,B
13.2,0.2,12.6,3.3,1.5,1.6,8.9,8.285,B
13.1,0.2,13.7,3.9,1.2,1.6,9.6,8.369,B
13.7,0.2,13.6,3.5,1.6,1.5,7.7,8.651,B
13.2,0.3,14.6,5.2,1.6,1.9,9.1,8.656,B
13.2,0.4,13.6,5.8,1.2,1.5,9.2,8.578,B
13.2,0.2,13.5,5.2,1.3,1.3,8.9,8.484,B
13.4,0.1,10.2,2.8,1.4,1.4,9.6,8.076,B
13.3,0.4,14.9,3.2,1.5,1.7,9.2,8.602,B
13.2,0.1,14.9,4.5,1.2,1.6,9.1,8.561,B
13.5,0.1,14.6,3.4,1.2,1.6,8.7,8.604,B
13.4,0.1,13.7,3.9,1.6,1.9,8.7,8.535,B
13.3,0.5,14.2,3.5,1.4,1.5,9.2,8.559,B
13.3,0.5,14.6,4.5,1.5,1.3,8.7,8.667,C
12.7,0.2,13.6,3.5,1.3,1.9,8.1,8.149,B
13.2,0.3,13.5,3.2,1.4,1.4,4.6,8.374,B
12.2,0.2,10.2,3.2,1.2,1.2,4.6,7.504,A
13.9,0.2,14.9,3.2,1.6,1.6,9.1,8.864,C
12.5,0.2,14.9,4.9,1.6,1.2,8.7,8.267,B
13.8,0.4,14.6,3.5,1.3,1.2,8.7,8.811,C
13.9,0.1,13.7,3.9,1.2,1.2,6.8,8.733,C
14,0.5,14.2,3.6,1.4,0.3,8.1,8.868,C
12.4,0.3,12.3,3.3,1.2,1.6,7.4,7.857,B
14,0.1,13.4,3.2,1.5,1.2,6.2,8.722,C
14,0.1,13.8,3.5,1.9,1.8,6.1,8.831,C
13.9,0.3,14.7,3.1,1.4,1.8,7.3,8.853,C
12.5,0.1,14.2,2.8,1.5,1.6,5.6,8.04,B
11.9,0.2,13.2,3.6,1.2,1.3,7.9,7.686,A
13.6,0.4,14.8,3.5,1.5,1.4,6.3,8.751,C
13.6,0.1,14.8,3.6,1.4,1.5,9.6,8.696,C
12.9,0.1,14.6,3.2,1.5,1.2,9.1,8.292,B
13.5,0.5,13.3,3.1,1.6,1.3,9.3,8.545,B
14,0.3,13.8,4.3,1.2,1.1,9.3,8.857,C
13.6,0.2,14.2,2.8,1.3,1.1,9.1,8.578,B
13.2,0.2,10.8,3.6,1.2,1.6,8.1,8.108,B
13.5,0.1,14.2,2.5,1.8,1.5,8.1,8.533,B
13.5,0.1,12.3,1.9,1.2,1.4,8.9,8.261,B
13.1,0.3,12.9,2.5,1.7,1.8,9.6,8.249,B
13.9,0.1,14.3,3.2,1.9,1.9,9.1,8.814,C
13,0.2,14.2,4.8,1.2,1.5,9.3,8.428,B
13.8,0.4,14.9,4.4,1.4,1.2,9.3,8.91,C
13,0.1,14.6,3.6,1.5,1.6,9.1,8.386,B
13.8,0.1,13.7,4.5,1.2,1.6,8.1,8.741,C
13,0.5,14.2,4.6,0.9,1.2,8.1,8.444,B
13.9,0.3,13.2,4.8,0.6,1.3,8.9,8.754,C
12.7,0.2,13.4,4.1,1.3,1.4,9.1,8.151,B
13.9,0.2,13.8,4.2,1.2,1.5,9.3,8.796,C
13,0.2,14.7,4.1,1.3,1.2,9.1,8.423,B
13.8,0.3,14.2,5.1,0.9,1.2,8.4,8.839,C
12.7,0.3,13.2,5.1,0.4,1.6,7.7,8.175,B
13.8,0.2,14.8,5.1,1.9,1.4,8.4,8.947,C
12.8,0.3,14.8,5.2,0.5,1.5,9.1,8.394,B
13.8,0.2,14.6,5.8,1.9,1.3,9.2,8.972,C
13,0.3,13.3,5.2,1.3,1.4,8.9,8.388,B
13.8,0.2,13.8,5.2,1.5,1.2,9.6,8.822,C
12,0.3,12.5,5.6,1.4,1.6,7.7,7.85,B
13,0.4,10.8,5.3,1.6,1.6,9.1,8.191,B
13.1,0.5,14.2,5.4,1.5,1.3,9.2,8.59,B
12.9,0.5,12.3,5.6,0.7,1.2,8.9,8.262,B
13,0.5,12.9,3.2,1.2,1.4,9.6,8.242,B
12.6,0.3,14.3,3.1,1.6,1.2,9.2,8.151,B
12.6,0.2,12.9,3.8,1.3,1.5,9.1,8.034,B
12,0.5,14.2,3.8,0.8,1.9,8.7,7.91,B
13,0.5,13.5,3.8,0.9,1.4,8.7,8.326,B
13.9,0.4,13.6,3.8,0.3,1.5,9.2,8.734,C
13,0.1,12.9,3.1,1.5,1.2,8.7,8.165,B
13.3,0.3,12.4,4.3,1.6,1.5,8.1,8.407,B
13.3,0.1,12.8,4.6,1.4,1.4,4.6,8.412,B
13.1,0.5,10.6,4.1,1.3,1.5,4.6,8.135,B
13.8,0.4,12.6,3.7,1.8,1.6,8.2,8.671,C
13,0.2,13.7,3.8,1.6,1.2,7.7,8.32,B
12.9,0.2,13.6,4.3,0.9,1.3,9.1,8.257,B
13,0.1,14.6,3.9,0.4,1.2,9.2,8.325,B
12.7,0.1,13.6,4.3,0.3,1.8,8.9,8.121,B
12.8,0.2,13.5,4.4,0.9,1.2,9.6,8.2,B
13,0.2,10.2,3.7,0.4,1.7,9.1,7.911,B
13.8,0.1,11.9,3.5,1.6,1.9,8.7,8.527,B
12,0.3,14.9,4.7,1.6,1.2,8.7,8.023,B
13.1,0.3,14.6,4.1,1.4,1.4,6.8,8.497,B
12.6,0.3,13.7,5.2,1.5,1.6,8.1,8.248,B
12.4,0.3,14.2,5.8,1.6,1.2,7.4,8.23,B
13.2,0.2,12.3,3.2,0.8,1.3,6.2,8.194,B
13.2,0.2,13.4,3.5,1.2,1.4,6.1,8.353,B
13.1,0.1,13.8,5.2,1.9,1.5,7.3,8.488,B
13.7,0.3,14.7,3.2,0.5,1.2,5.6,8.682,C
13.2,0.2,14.2,2.8,1.9,1.2,5.8,8.418,B
13.2,0.4,13.2,4.5,1.3,1.6,5.2,8.457,B
13.2,0.2,14.8,4.2,1.5,1.4,5.2,8.56,B
13.4,0.2,14.8,3.8,1.4,1.5,5.6,8.63,B
13.3,0.2,14.6,5.4,1.6,1.3,5.3,8.676,C
13.2,0.1,13.3,5.7,1.5,1.4,5.4,8.495,B
13.5,0.3,13.8,5.6,0.7,1.2,5.6,8.672,C
13.4,0.2,14.2,5.2,1.2,1.6,3.2,8.66,B
13.3,0.3,10.8,5.6,1.6,1.6,3.1,8.342,B
13.3,0.1,14.2,5.2,1.3,1.3,3.8,8.584,B
13.1,0.4,12.3,5.1,0.8,1.2,3.8,8.313,B
13.2,0.1,12.9,4.9,0.9,1.4,3.8,8.363,B
13.5,0.2,14.3,5.1,0.3,1.2,9.3,8.643,B
13.9,0.2,14.2,4.8,1.5,1.5,9.3,8.896,C
12.5,0.2,13.7,5.1,1.6,1.9,9.1,8.189,B
13.8,0.3,12.4,4.3,1.4,1.4,8.1,8.641,B
13.9,0.4,14.6,5.9,1.3,1.5,8.1,9.041,C
14,0.2,13.6,4.1,1.8,1.2,8.9,8.843,C
12.4,0.1,13.5,5.6,1.1,1.5,9.1,8.088,B
14,0.4,12.9,4.8,0.9,1.4,9.3,8.816,C
14,0,12.4,5.9,0.4,1.5,9.1,8.737,C
13.9,0.1,14.6,4.3,0.3,1.6,8.4,8.813,C
12.5,0,13.3,5.7,0.9,1.2,7.7,8.081,B
11.9,0.4,13.8,4.5,0.4,1.3,8.4,7.801,A
13.6,0.5,14.2,3.8,1.6,1.2,9.1,8.73,C
13.6,0.2,10.8,4.3,1.6,1.8,9.2,8.389,B
12.9,0.2,14.2,4.6,1.4,1.2,8.9,8.364,B
13.5,0.3,12.3,4.1,1.5,1.7,9.6,8.485,B
14,0.2,12.9,3.7,1.6,1.9,7.7,8.761,C
13.6,0.2,14.3,3.8,0.8,1.2,9.1,8.632,B
13.2,0.4,14.2,4.1,1.2,1.2,9.2,8.507,B
13.5,0.1,13.9,4.3,1.8,1.3,8.9,8.621,B
13.5,0.4,13.3,3.9,1.5,1.6,9.6,8.587,B
13.1,0.1,12.7,4.3,1.3,1.3,9.2,8.271,B
13.9,0.2,12.8,4.1,1.5,0.8,9.1,8.679,C
13,0,13.9,4.3,1.6,1.9,8.7,8.363,B
13.8,0.3,14.2,3.7,1.4,1.3,8.7,8.775,C
13,0.1,13.6,5.4,1.1,1.5,9.2,8.384,B
13.8,0.1,13.2,4.2,1.6,1.6,9.4,8.694,C
13,0.3,14.9,4.9,1.6,1.4,8.7,8.545,B
13.9,0.1,16.5,4.5,1.5,1.3,6.9,9.077,C
12.9,0.2,12.3,4.6,1.9,1.8,4.2,8.228,B
13.9,0.4,14.8,4.4,1.5,1.6,6.9,8.972,C
12,0.1,13.5,5.3,1.3,0.9,8.2,7.855,B
14,0.1,12.5,5.9,1.4,0.4,4.9,8.783,C
13.1,0.5,14.7,5.7,1.7,0.3,5.2,8.633,B
13.3,0.3,12.4,4.3,1.6,0.9,8.7,8.383,B
13.1,0.2,12.8,5.8,1.6,0.5,9.3,8.392,B
13.2,0.2,10.6,3.9,1.9,1.6,9.1,8.151,B
13.1,0.1,12.6,4.3,1.5,1.6,8.1,8.285,B
13,0.2,13.7,4.9,1.3,1.4,8.1,8.387,B
12.9,0.1,13.6,4.9,1.9,1.5,8.9,8.347,B
12,0.1,14.6,3.3,1.4,1.6,9.1,7.859,B
12.5,0.1,13.6,3.1,1.2,1.8,9.3,7.991,B
12,0.2,13.5,4.9,1.6,1.2,9.1,7.877,B
13.1,0.1,10.2,2.8,1.2,1.9,8.4,7.934,B
13.3,0.2,14.9,3.4,1.2,0.5,7.7,8.51,B
12.3,0.1,14.9,4.5,1.2,1.9,8.4,8.123,B
12.4,0.1,14.6,3.8,0.3,1.3,9.1,8.016,B
12.7,0.1,13.7,4.9,1.6,1.5,9.2,8.239,B
12.4,0.2,14.2,4.5,1.2,1.4,8.9,8.103,B
12.4,0.2,12.3,5.9,1.8,1.6,9.6,8.055,B
12.6,0.1,13.4,2.7,1.8,1.5,7.7,8.017,B
12.5,0.3,13.8,2.8,1.6,0.7,9.1,8.01,B
12.7,0.3,14.7,3.3,1.3,1.2,9.2,8.237,B
13,0.1,14.2,3.9,1.4,1.6,8.9,8.361,B
12.7,0.3,13.2,3.5,1.5,1.3,9.6,8.117,B
13.1,0.2,14.8,5.2,1.2,0.8,9.2,8.538,B
12.3,0.2,14.8,5.8,1.3,0.9,9.1,8.19,B
12.7,0.1,14.6,5.2,1.1,0.3,8.7,8.272,B
12.9,0.3,13.3,2.8,1.1,1.5,8.7,8.162,B
13.9,0.2,13.8,3.2,1.6,1.6,9.2,8.754,C
14,0.4,14.2,4.5,1.5,1.4,7.9,8.961,C
12.8,0.4,10.8,3.4,1.4,1.3,6.3,7.934,B
12.8,0.4,14.2,3.9,1.8,1.8,9.6,8.353,B
12.6,0.1,12.3,3.5,1.9,1.1,9.1,7.953,B
12.9,0.4,12.9,4.5,1.5,0.9,9.3,8.261,B
13.2,0.1,14.3,3.5,1.2,0.4,9.3,8.383,B
13.1,0.2,14.2,3.2,1.6,0.3,9.1,8.342,B
12,0,14.9,3.2,1.6,0.9,8.1,7.846,B
12.2,0.3,14.6,3.2,1.2,0.4,8.1,7.932,B
13.9,0.1,13.7,4.9,1.3,1.6,8.9,8.825,C
13.3,0.1,14.2,3.5,1.4,1.6,9.6,8.483,B
13.1,0.3,13.2,3.9,1.5,1.4,9.1,8.349,B
13,0.1,13.4,3.6,1.2,1.5,9.3,8.244,B
13.1,0.2,13.8,3.3,1.2,1.6,9.3,8.337,B
12.1,0.4,14.7,3.2,1.6,0.8,9.1,7.952,B
12,0.1,14.2,3.5,1.4,1.2,8.1,7.817,A
12.5,0.1,13.2,3.1,1.5,1.8,8.1,7.969,B
12.5,0.5,14.8,2.8,1.3,1.5,8.9,8.164,B
13.9,0.3,14.8,3.6,1.4,1.3,9.1,8.878,C
12.7,0.2,14.6,3.5,1.2,1.5,9.3,8.227,B
12.6,0.2,13.3,3.6,1.6,1.6,9.1,8.082,B
12.5,0,13.8,3.2,1.6,1.4,8.4,8.006,B
12.9,0.1,12.5,3.1,1.3,1.1,7.7,8.059,B
12.6,0.1,10.8,4.3,1.2,1.6,8.4,7.837,B
12.8,0.2,14.2,2.8,1.4,1.6,9.1,8.204,B
12.3,0.1,12.3,3.6,1.2,1.5,9.2,7.784,A
12.3,0.2,12.9,2.5,1.5,1.9,8.9,7.821,A
12.5,0.1,14.3,1.9,1.9,1.5,9.6,8.007,B
12.4,0.2,13.2,2.5,1.4,1.3,7.7,7.871,B
12.8,0.1,14.2,3.1,1.5,1.4,8.2,8.203,B
13.1,0.1,13.5,2.8,1.2,1.7,9.2,8.256,B
12.9,0,13.6,3.6,1.5,1.6,8.9,8.216,B
12.6,0.2,14.2,3.5,1.4,0.5,9.6,8.109,B
12.8,0.3,12.4,3.6,1.5,1.9,9.2,8.118,B
13.2,0.1,12.8,3.2,1.6,1.5,9.1,8.28,B
12.8,0.1,10.6,3.1,1.2,1.3,8.7,7.821,A
13.8,0.2,12.6,4.3,1.3,1.9,8.7,8.655,B
13.2,0,13.7,2.8,1.2,1.4,9.2,8.294,B
12.1,0.1,13.6,3.6,1.8,1.2,8.7,7.838,B
12.9,0.1,14.6,2.5,1.2,1.6,8.1,8.241,B
12.9,0.1,13.6,1.9,1.7,1.2,4.6,8.113,B
12.5,0.2,13.5,2.5,1.9,1.2,4.6,7.977,B
14,0.1,10.2,3.2,1.2,1.2,8.2,8.384,B
13.9,0,11.9,3.5,1.2,0.3,7.7,8.469,B
12.7,0.1,14.9,4.5,1.3,1.6,9.1,8.317,B
12.6,0.2,14.6,4.6,1.6,1.2,9.2,8.266,B
12.8,0.1,13.7,4.8,1.3,1.8,8.9,8.276,B
12.7,0.2,14.2,4.1,0.8,1.8,9.6,8.217,B
12.8,0.1,12.3,4.2,1.9,1.6,9.1,8.122,B
13.1,0.2,13.4,4.1,1.3,1.3,8.7,8.347,B
13.2,0.4,13.8,5.1,1.5,1.4,8.7,8.563,B
13,0.2,14.7,5.1,1.6,1.5,6.8,8.523,B
13,0.3,14.2,5.1,1.4,1.2,8.1,8.469,B
12,0.3,13.2,5.2,1.3,1.3,7.4,7.874,B
12.5,0.4,14.8,5.8,1.8,1.1,6.2,8.368,B
12.55,0.2,14.8,5.2,1.6,1.1,6.1,8.299,B
11.6,0.3,14.6,5.2,0.9,1.4,4.9,7.794,A
12.5,0.3,13.3,5.6,0.4,1.5,5.6,8.116,B
12.6,0.1,13.8,5.3,0.3,1.4,5.8,8.145,B
11.7,0.3,14.2,5.4,0.9,1.8,5.2,7.834,B
12.1,0.2,10.8,5.6,0.5,1.9,5.2,7.668,A
12.5,0.2,14.2,3.2,1.6,1.5,5.6,8.09,B
12.6,0.1,12.3,3.1,1.6,1.2,5.3,7.911,B
12.5,0.2,12.9,3.8,1.4,1.6,5.4,7.994,B
11.3,0.1,14.3,3.8,1.5,1.6,5.6,7.52,A
12.2,0.1,14.2,3.8,1.6,1.2,3.2,7.95,B
12.5,0.2,14.7,3.8,1.8,1.3,3.1,8.186,B
12.8,0.3,14.2,3.1,1.2,1.4,3.8,8.225,B
12.9,0.2,13.2,4.3,1.9,1.5,3.8,8.285,B
12.5,0.3,14.8,4.6,0.5,1.2,3.8,8.19,B
12.5,0.2,14.8,4.1,1.9,1.2,3.8,8.219,B
12.7,0.3,14.6,3.7,1.3,1.6,3.1,8.271,B
12.3,0.3,13.3,3.8,1.5,1.4,4.3,7.952,B
13,0.2,13.8,4.3,1.4,1.5,4.6,8.365,B
12.7,0.3,14.2,3.9,1.6,1.3,4.1,8.251,B
12.5,0.3,10.8,4.3,1.5,1.4,3.7,7.837,B
12.6,0.2,14.2,4.4,0.7,1.2,3.8,8.158,B
12.3,0.2,12.3,3.7,1.2,1.6,4.3,7.815,A
12.8,0.3,12.9,3.5,1.6,1.6,7.9,8.155,B
12.5,0.3,14.3,4.7,1.3,1.3,4.3,8.199,B
12.7,0.2,14.2,4.1,0.8,1.2,4.4,8.193,B
13,0.3,11.9,5.2,0.9,1.4,3.7,8.224,B
12.8,0.2,14.9,5.8,0.3,1.2,3.5,8.402,B
10.8,0.2,14.6,3.2,1.5,1.5,4.7,7.274,A
12.4,0.2,13.7,3.5,1.6,1.9,4.1,8.027,B
12.5,0.3,14.2,3.4,1.4,1.4,5.2,8.108,B
11.3,0.3,12.3,4.5,1.3,1.5,5.8,7.393,A
11.5,0.2,13.4,3.8,1.8,1.2,9.3,7.552,A
10.8,0.3,13.8,4.9,1.1,1.5,9.1,7.309,A
10.9,0.2,14.7,4.5,0.9,1.4,8.9,7.385,A
11.2,0.3,14.2,5.9,0.4,1.5,8.9,7.577,A
12.2,0.2,13.2,2.7,0.3,1.6,9.3,7.731,A
12,0.3,14.8,2.8,0.9,2,7.4,7.87,B
11.7,0.4,14.8,3.3,0.4,1.3,5.8,7.717,A
12.8,0.5,14.6,3.9,1.6,1.2,3.4,8.377,B
12,0.5,13.3,3.5,1.6,1.8,9.6,7.843,B
12.2,0.5,13.8,5.2,1.4,1.2,7.7,8.076,B
11.9,0.3,14.2,5.8,1.5,1.7,9.1,7.994,B
11.8,0.2,10.8,5.2,1.6,1.9,9.2,7.556,A
12.5,0.5,14.2,2.8,0.8,1.2,8.9,8.062,B
12.7,0.5,12.3,3.2,1.2,1.4,9.6,8.032,B
12.2,0.4,12.9,4.5,1.8,1.5,9.2,7.953,B
11.1,0.1,14.3,3.4,1.5,1.2,9.1,7.376,A
11.9,0.4,14.2,3.9,1.3,0.9,8.7,7.837,B
12,0.2,13.7,3.5,1.5,0.6,8.7,7.769,A
12.1,0.3,12.4,4.5,1.6,1.3,9.2,7.813,A
11.1,0.3,14.6,3.5,1.4,1.2,8.7,7.447,A
12.2,0.1,13.6,3.2,1.1,1.3,8.1,7.822,A
12.8,0.3,13.5,3.2,1.6,1.2,4.6,8.178,B
11.8,0.2,12.9,3.2,1.6,1.6,4.6,7.614,A
12.6,0.2,12.4,4.9,1.5,1.4,8.2,8.069,B
11.8,0.1,14.9,3.5,1.9,0.9,7.7,7.805,A
11.7,0.1,14.6,3.9,1.5,1.3,9.1,7.745,A
11.5,0.2,13.7,3.6,1.3,1.3,9.2,7.542,A
11.6,0.2,14.2,3.3,1.4,1.4,8.9,7.631,A
12.5,0.1,13.2,3.2,1.7,1.2,9.6,7.964,B
12.9,0.3,13.4,3.5,1.6,1.9,9.1,8.267,B
12.8,0.3,13.8,3.1,0.5,0.9,8.7,8.123,B
12.2,0.3,14.7,2.8,1.9,1.4,8.7,7.996,B
12.8,0.3,14.2,3.6,1.5,1.7,6.8,8.29,B
11.9,0.2,13.2,3.5,1.3,1.9,8.1,7.709,A
12.5,0.2,14.8,3.6,1.9,1.8,7.4,8.208,B
12.1,0.1,14.8,3.2,1.4,1.9,6.2,7.934,B
13.8,0.3,14.6,3.1,1.2,1.8,6.1,8.781,C
13.9,0.2,13.3,4.3,1.6,1.9,7.3,8.793,C
13.1,0.4,13.8,2.8,1.2,1.6,5.6,8.342,B
13.9,0.2,12.5,3.6,1.2,1.9,7.9,8.64,B
13.5,0.2,10.8,2.5,1.2,2,6.3,8.197,B
13.9,0.2,14.2,1.9,0.3,0.4,9.6,8.577,B
13,0.1,12.3,2.5,1.6,0.9,9.1,8.057,B
13.9,0.3,12.9,3.1,1.2,1.6,9.3,8.653,B
13.3,0.2,14.3,2.8,1.8,1.6,9.3,8.488,B
13.9,0.3,14.2,3.6,1.8,1.4,9.1,8.846,C
13.3,0.1,14.2,3.5,1.6,1.5,8.1,8.491,B
13.5,0.4,13.5,3.6,1.3,1.9,8.1,8.586,B
13.1,0.1,13.6,3.2,1.4,1.8,8.9,8.31,B
13.9,0.2,14,3.1,1.5,1.8,9.6,8.769,C
13,0.2,12.4,4.3,1.2,1.6,9.1,8.217,B
13.8,0.2,12.8,2.8,1.3,1.9,9.3,8.57,B
13,0.3,10.6,3.6,1.1,1.6,9.3,8.002,B
13.8,0.4,12.6,2.5,1.1,1.6,9.1,8.545,B
13,0.2,13.7,1.9,1.4,1.3,8.1,8.179,B
13.9,0.1,13.6,2.5,1.5,1.2,8.1,8.643,B
12.9,0.4,14.6,3.2,1.4,1.6,8.9,8.362,B
13.9,0.1,13.6,3.5,1.8,1.2,9.1,8.731,C
13,0.1,13.5,4.5,1.9,1.3,9.3,8.351,B
13.8,0.1,10.2,4.6,1.5,1.5,9.1,8.412,B
12.7,0.5,15,4.8,1.2,1.4,8.4,8.414,B
13.8,0.5,13.2,4.1,1.6,1.5,7.7,8.763,C
11.9,0.2,14.6,4.2,1.6,1.9,8.4,7.916,B
13.8,0.3,13.7,4.1,1.2,1.6,9.1,8.753,C
13,0.2,14.2,5.1,1.3,1.8,9.2,8.467,B
13.8,0.2,12.3,5.1,1.4,1.6,8.9,8.675,C
12,0.2,13.4,5.1,1.5,1.2,9.6,7.875,B
13,0.4,13.8,5.2,1.2,1.3,7.7,8.448,B
13.1,0.1,14.7,5.8,1.2,1.2,9.1,8.566,B
12.9,0.4,14.2,5.2,1.6,1.5,9.2,8.47,B
13,0.3,13.2,5.2,1.4,0.5,8.9,8.348,B
12.6,0.1,14.8,5.6,1.5,0.9,9.6,8.318,B
13.1,0.1,14.8,5.3,1.3,1.2,9.2,8.547,B
12.5,0.3,14.6,5.4,1.4,1.6,9.1,8.296,B
12.4,0.1,13.3,5.6,1.2,1.3,8.7,8.066,B
11.5,0.2,13.8,3.2,1.6,1.4,8.7,7.546,A
13.2,0.4,14.2,3.1,1.6,1.5,9.2,8.473,B
13.3,0.1,10.8,3.8,1.3,1.2,8.7,8.142,B
13.2,0.1,14.2,3.8,1.2,1.3,8.1,8.43,B
13.4,0.5,12.3,3.8,1.4,1.1,4.6,8.424,B
12.5,0.3,12.9,3.8,1.2,1.1,4.6,7.982,B
13.1,0.2,14.3,3.1,1.5,1.6,9.1,8.391,B
13.7,0.2,14.2,4.3,1.9,1.5,8.7,8.785,C
13.7,0.5,13.9,4.6,1.4,1.4,8.7,8.802,C
12.8,0.3,13.3,4.1,1.5,1.8,6.8,8.239,B
13.2,0.1,12.7,3.7,1.2,1.9,8.1,8.297,B
13.6,0.1,12.8,3.8,1.5,1.5,7.4,8.516,B
13.2,0.3,13.9,4.3,1.4,1.2,6.2,8.483,B
13.5,0.1,14,3.9,1.5,1.6,6.1,8.597,B
13.2,0.2,13.6,4.3,1.6,1.6,7.3,8.461,B
13.4,0.4,13.2,4.4,2,1.2,5.6,8.576,B
13.3,0.1,14.9,3.7,1.3,1.3,7.9,8.549,B
13.3,0.1,15,3.5,1.2,1.4,6.3,8.543,B
13.1,0.5,12.3,4.7,1.8,1.5,9.6,8.377,B
13.2,0.3,14.8,4.1,1.2,1.2,9.1,8.547,B
13.3,0.2,13.5,5.2,1.7,1.2,8.1,8.554,B
13.5,0.2,12.5,5.8,1.9,1.6,8.1,8.624,B
13.2,0.5,14.8,3.2,1.2,1.4,8.9,8.532,B
13.4,0.2,14.6,3.5,1.4,1.5,9.1,8.589,B
13.6,0.2,13.3,5.2,1.5,1.3,9.3,8.676,C
13.3,0.1,13.8,3.2,1.2,1.4,9.1,8.402,B
13.3,0.1,12.5,2.8,0.9,1.2,8.4,8.218,B
13.2,0.2,10.8,4.5,0.6,1.6,7.7,8.135,B
13.3,0.1,14.2,4.2,1.3,1.6,8.4,8.526,B
13.1,0.2,12.3,3.8,1.2,1.3,9.1,8.21,B
13.3,0.1,12.9,5.4,1.3,1.2,9.2,8.464,B
13.3,0.1,14.3,5.7,1.2,1.4,8.9,8.627,B
13.1,0.2,15,5.6,1.6,1.2,9.6,8.626,B
13.2,0.2,14.2,5.2,1.4,1.5,7.7,8.568,B
13.3,0.3,13.5,5.6,0.9,1.9,9.1,8.582,B
12.2,0.1,13.6,5.2,1.3,1.4,9.2,7.978,B
12.7,0.1,14.2,5.1,1.3,1.5,8.9,8.285,B
13.4,0.2,12.4,4.9,1.4,1.2,9.6,8.455,B
13.9,0,12.8,5.1,1.2,1.5,9.2,8.719,C
11.4,0.1,10.6,4.8,1.9,1.4,9.1,7.286,A
12.5,0.1,12.6,5.1,0.9,1.5,8.7,8.001,B
13.8,0.1,13.7,4.3,1.4,1.6,8.7,8.739,C
13.6,0.2,13.6,5.9,1.7,1.2,9.2,8.763,C
13.5,0.1,14.6,4.1,1.9,1.3,8.7,8.683,C
13.9,0,13.6,5.6,1.8,1.2,8.1,8.858,C
14,0.1,13.5,4.8,1.9,1.8,8.1,8.892,C
12.5,0.2,10.2,5.9,1.8,1.2,8.9,7.879,B
12.8,0.4,14.7,4.3,1.9,1.7,9.1,8.433,B
12.4,0.2,14.9,5.7,1.6,1.9,9.3,8.301,B
13.8,0.3,14.6,4.5,1.9,1.2,9.1,8.897,C
14,0.3,13.7,3.8,2,1.4,8.4,8.872,C
12.8,0.4,14.2,4.3,0.4,1.5,7.7,8.285,B
14,0.2,12.3,4.6,0.9,1.2,8.4,8.694,C
13.5,0.3,13.4,4.1,1.6,1.1,9.1,8.577,B
13.9,0.3,13.8,3.7,1.6,1,9.2,8.785,C
14,0.1,14.7,3.8,1.4,1.3,8.9,8.892,C
12.5,0.3,14.2,4.1,1.5,1.2,9.6,8.155,B
12.7,0.2,13.2,4.3,1.9,1.3,7.7,8.177,B
11.9,0.2,14.8,3.9,1.8,0.9,9.1,7.887,B
12.4,0.1,14.8,4.3,1.8,0.4,9.2,8.125,B
11.8,0.1,14.6,4.1,1.6,1.9,8.9,7.839,B
12.5,0.2,13.3,4.3,1.9,0.5,9.6,8.055,B
13.6,0.2,13.8,3.7,1.6,0.8,9.2,8.607,B
13.2,0.1,14.2,5.4,1.6,1.3,9.1,8.566,B
13.6,0.3,10.8,4.2,1.3,1.5,8.7,8.372,B
14,0.3,14.2,4.9,1.2,1.4,8.7,8.951,C
12.9,0.3,12.3,4.5,1.6,1.6,9.2,8.215,B
13.2,0.3,12.9,4.6,1.2,1.5,8.7,8.404,B
12.9,0.2,14.3,4.4,1.3,0.7,8.1,8.334,B
13.5,0.2,14.2,5.3,1.5,1.2,8.6,8.719,C
12.5,0.1,13.9,5.9,1.4,1.6,4.9,8.221,B
13.8,0.3,13.3,5.7,1.5,1.3,8.2,8.831,C
13.8,0.2,12.7,4.3,1.9,0.8,6.2,8.657,B
12.5,0.4,12.8,5.8,1.6,0.9,6.1,8.148,B
12.4,0.2,13.9,3.9,1.8,0.3,7.3,8.023,B
13.6,0.2,9.7,4.3,1.6,1.5,5.6,8.267,B
14,0.2,13.6,4.9,1.2,1.6,7.9,8.879,C
13.2,0.1,13.2,4.9,1.3,1.4,6.8,8.417,B
13.5,0.3,14.9,3.3,1.2,1.3,8.4,8.655,B
12.5,0.2,9.2,3.1,1.5,1.8,9.6,7.589,A
12,0.3,12.3,4.9,0.5,1,9.1,7.703,A
14,0.1,14.8,2.8,0.9,0.9,9.3,8.786,C
13.1,0.4,13.5,3.4,1.2,0.4,9.3,8.306,B
13.1,0.1,12.5,4.5,1.6,0.3,9.1,8.243,B
12,0.2,14.5,3.8,1.3,0.9,8.1,7.87,B
12.3,0.2,12.4,4.9,1.4,1.4,8.1,7.913,B
12.3,0.2,12.8,4.5,1.5,1.6,8.9,7.939,B
12.7,0.3,10.6,5.9,1.2,1.6,9.1,8.019,B
12.4,0.4,12.6,2.7,1.3,1.4,9.3,7.863,B
12.5,0.2,13.7,2.8,1.1,1.5,9.1,7.982,B
13,0.1,13.6,3.3,1.1,1.6,8.4,8.241,B
12.3,0.4,14.6,3.9,1.6,0.8,7.7,8.091,B
14,0.1,13.6,3.5,1.5,1.2,8.4,8.763,C
12.9,0.1,13.5,5.2,1.4,1.8,9.1,8.34,B
12.2,0.1,10.2,5.8,1.8,1.5,9.2,7.714,A
13.1,0.5,14.9,5.2,1.9,1.3,8.9,8.67,C
12.5,0.5,14.9,2.8,1.5,1.5,9.6,8.186,B
12.9,0.2,14.6,3.2,1.2,1.6,7.7,8.31,B
11.2,0.3,13.7,4.5,1.6,1.4,9.1,7.497,A
12.8,0.2,14.2,3.4,1.6,1.1,9.2,8.238,B
12.9,0.2,12.3,3.9,1.2,1.6,8.9,8.129,B
12.8,0.2,13.4,3.5,1.3,1.6,9.6,8.167,B
13.8,0.4,13.8,4.5,1.4,1.5,9.2,8.819,C
12.9,0.1,14.7,3.5,1.5,1.9,9.1,8.351,B
12.5,0.5,14.2,3.2,1.2,1.5,8.7,8.126,B
12.7,0.3,13.2,3.2,1.2,1.3,8.7,8.078,B
12.7,0.1,14.8,3.2,1.6,1.4,9.2,8.226,B
13.1,0.1,14.8,4.9,1.4,1.7,8.7,8.545,B
13,0.3,14.6,3.5,1.5,1.6,8.1,8.419,B
12.5,0.1,13.3,3.9,1.3,1.6,8.1,8.015,B
11.6,0.2,13.8,3.6,1.4,1.9,8.9,7.632,A
11.7,0.4,14.2,3.3,1.2,1.5,9.1,7.713,A
12.5,0.1,10.8,3.2,1.6,1.3,9.3,7.722,A
12.5,0.1,14.2,3.5,1.6,1.9,9.1,8.107,B
12.5,0.5,12.3,3.1,1.3,1.4,8.4,7.931,B
12.7,0.3,12.9,2.8,1.2,1.2,7.7,8.016,B
12.3,0.2,14.3,3.6,1.4,1.6,8.4,8.02,B
12.5,0.2,14.2,3.5,1.2,1.2,9.1,8.075,B
11,0.1,14.9,3.6,1.5,0.4,9.2,7.368,A
13,0.1,14.6,3.2,1.9,1.2,8.9,8.366,B
10.8,0.1,13.7,3.1,1.4,0.3,9.6,7.103,A
11.3,0.2,14.2,4.3,1.5,1.6,7.7,7.565,A
10.8,0.1,13.2,2.8,1.2,1.2,9.1,7.056,A
12.2,0.1,13.4,3.6,1.5,1.8,9.2,7.874,B
12.8,0.1,13.8,2.5,1.4,1.4,8.9,8.115,B
12.2,0.2,14.7,1.9,1.5,1.8,9.6,7.905,B
12.5,0.1,14.2,2.5,1.6,1.9,9.2,8.037,B
12.2,0.2,13.2,3.2,1.2,1.5,9.1,7.816,A
12,0.1,14.8,4.8,1.3,1.2,8.7,7.962,B
12.2,0.2,14.8,4.4,1.2,1.6,8.7,8.064,B
11.8,0.4,14.6,3.6,1.8,1.6,9.2,7.864,B
11.8,0.2,13.3,4.5,1.2,1.2,8.7,7.705,A
11.6,0.3,13.8,4.6,1.7,1.3,8.1,7.716,A
12.8,0.3,12.5,4.8,1.9,1.4,4.6,8.216,B
11.6,0.4,10.8,4.1,1.2,1.5,4.6,7.379,A
13.8,0.2,14.2,4.2,1.4,1.2,8.2,8.786,C
13.1,0.3,12.3,4.1,1.5,1.2,6.2,8.265,B
12.5,0.3,12.9,5.1,1.2,1.6,6.1,8.093,B
13,0.1,14.3,5.1,1.1,1.4,7.3,8.429,B
13.3,0.3,14.9,5.1,1,1.5,5.6,8.677,C
13.3,0.2,14.2,5.2,1.3,1.3,7.9,8.604,B
13.1,0.2,13.5,5.8,1.2,1.4,6.3,8.474,B
13.8,0.1,13.6,5.2,1.3,1.2,9.6,8.77,C
13,0.1,14.3,5.2,0.9,1.6,9.1,8.432,B
12.9,0.2,12.4,5.6,0.4,1.6,9.3,8.21,B
13,0.2,12.8,5.3,1.9,1.3,9.3,8.357,B
12.7,0.1,10.6,5.4,0.5,1.2,9.1,7.886,B
12.8,0.3,12.6,5.6,0.8,1.4,8.1,8.216,B
13,0.3,13.7,3.2,1.3,1.2,8.1,8.28,B
13.8,0.3,13.6,3.1,1.5,1.5,8.9,8.687,C
12,0.3,14.6,3.8,1.4,1.9,9.6,7.946,B
13.1,0.2,13.6,3.8,1.6,1.4,9.1,8.368,B
12.6,0.2,13.5,3.8,1.5,1.5,9.3,8.106,B
12.4,0.1,10.2,3.8,0.7,1.2,9.3,7.596,A
13.2,0.3,11.9,3.1,1.2,1.5,9.1,8.199,B
13.2,0.2,14.9,4.3,1.6,1.4,8.1,8.583,B
13.1,0.4,14.6,4.6,1.3,1.5,8.1,8.55,B
13.7,0.2,13.7,4.1,0.8,1.6,8.9,8.659,B
13.2,0.2,14.2,3.7,0.9,1.2,9.1,8.421,B
14,0.2,12.3,3.8,0.3,1.3,9.3,8.606,B
13.2,0.1,13.4,4.3,1.5,1.2,9.1,8.399,B
13.4,0.3,13.8,4.9,1.6,1.8,8.4,8.651,B
13.3,0.2,14.7,4.9,1.4,1.2,7.7,8.635,B
13.2,0.3,14.2,3.3,1.3,1.7,8.4,8.457,B
13.5,0.1,13.2,3.1,1.8,1.9,9.1,8.491,B
13.4,0.4,14.8,4.9,1,1.2,9.2,8.711,C
13.3,0.1,14.8,2.8,0.9,1.4,8.9,8.456,B
13.3,0.2,14.6,3.4,0.4,1.5,9.6,8.472,B
13.1,0.2,13.3,4.5,0.3,1.2,7.7,8.301,B
13.2,0.2,13.8,3.8,0.9,1.1,9.1,8.384,B
12.2,0.3,14.2,4.9,1.4,1,9.2,8.047,B
13.9,0.4,10.8,4.5,1.6,1.3,8.9,8.573,B
12.5,0.2,14.2,5.9,1.6,1.2,9.6,8.267,B
13.8,0.1,12.3,2.7,1.4,1.8,9.2,8.495,B
13.9,0.4,12.9,2.8,1.5,1.3,9.1,8.658,B
14,0.1,14.3,3.3,1.6,1.5,8.7,8.837,C
12.4,0.1,14.2,3.9,0.8,1.6,8.7,8.025,B
14,0.2,14.7,3.5,1.2,1.4,9.2,8.883,C
13.6,0.3,14.2,5.2,1.8,1.1,8.7,8.796,C
13.9,0.2,13.2,5.8,1.5,1.6,8.1,8.87,C
12.5,0.3,14.8,5.2,1.3,1.6,4.6,8.296,B
11.9,0.2,14.8,2.8,1.5,1.5,4.6,7.816,A
13.6,0.3,14.6,3.2,1.6,1.9,8.2,8.716,C
13.6,0.3,13.3,4.5,1.4,1.5,7.7,8.649,B
12.9,0.2,13.8,3.4,1.1,1.3,9.1,8.226,B
13.5,0.3,14.2,3.9,1.6,1.6,9.2,8.663,B
14,0.3,10.8,3.5,1.6,1.7,8.9,8.549,B
13.6,0.2,14.2,4.5,1.5,1.6,9.6,8.729,C
13.2,0.2,12.3,3.5,1.9,1.6,9.1,8.293,B
13.5,0.3,12.9,3.2,1.5,1.8,8.7,8.486,B
13.5,0.3,14.3,3.2,1.3,1.5,8.7,8.602,B
13.1,0.2,14.2,3.2,1.4,1.3,6.8,8.37,B
13.9,0.3,13.9,4.9,1.7,1.9,8.1,8.921,C
13,0.2,13.3,3.5,1.6,1.4,7.4,8.267,B
13.8,0.2,12.7,3.9,1.6,1.2,6.2,8.627,B
13,0.2,12.8,3.6,1.9,1.6,6.1,8.25,B
13.8,0.3,13.9,3.3,1.5,1.2,7.3,8.719,C
13,0.3,14.9,3.2,1.3,1,5.6,8.392,B
13.9,0.2,13.6,3.5,1.9,1.2,7.9,8.757,C
13.5,0.3,13.2,3.1,1.4,1.6,6.3,8.495,B
13.9,0.2,14.9,2.8,1.2,1.6,9.6,8.812,C
13,0.3,14.9,3.6,1.6,1.2,9.1,8.446,B
13.8,0.2,12.3,3.5,1.2,1.8,9.3,8.559,B
12.7,0.3,14.8,3.6,0.4,1.8,9.3,8.238,B
13.8,0.4,13.5,3.2,1.2,1.6,9.1,8.69,C
12.8,0.3,12.5,3.1,0.3,1.3,8.1,7.997,B
13.8,0.2,12.3,4.3,1.6,1.4,8.1,8.623,B
13,0.1,12.4,2.8,1.2,1.5,8.9,8.088,B
13.8,0.3,12.8,3.6,1.8,1.2,9.6,8.648,B
12,0.2,10.6,2.5,1.8,1.3,9.1,7.435,A
13,0.4,12.6,1.9,1.6,1.1,9.3,8.113,B
13.1,0.5,13.7,2.5,1.3,1.1,9.3,8.317,B
12.9,0.2,13.6,3.2,1.4,1.6,9.1,8.222,B
13,0.4,14.6,4.8,1.5,1.5,8.1,8.526,B
12.6,0.3,13.6,4.4,1.2,1.4,8.1,8.156,B
12.6,0.1,13.5,3.6,1.3,1.8,8.9,8.072,B
12,0.5,10.2,4.5,1.1,1.9,9.1,7.577,A
13,0.4,14.9,4.6,1.1,1.5,9.3,8.518,B
13.9,0.2,14.9,4.8,1.6,1.2,9.1,8.96,C
13,0.3,14.6,4.1,1.5,1.6,8.4,8.461,B
13.3,0.3,13.7,4.2,1.4,1.6,7.7,8.522,B
13.3,0.1,14.2,4.1,1.8,1.2,8.4,8.533,B
13.1,0.3,14.6,5.1,1.9,1.3,9.1,8.593,B
13.8,0.2,13.6,5.1,1.5,1.4,9.2,8.803,C
13,0.2,13.5,5.1,1.2,1.5,8.9,8.379,B
13.4,0.1,10.2,5.2,1.6,1.2,9.6,8.248,B
13,0.2,14.9,5.8,1.6,1.2,7.7,8.58,B
12.7,0.1,14.9,5.2,1.2,1.6,9.1,8.36,B
12.8,0.1,14.6,5.2,1.3,1.4,9.2,8.378,B
13,0.2,13.7,5.6,1.4,1.5,8.9,8.446,B
13.8,0.3,14.2,5.3,1.5,1.3,9.6,8.893,C
12,0.2,14.7,5.4,1.2,1.4,9.2,8.016,B
13.1,0.3,14.2,5.6,1.2,1.2,9.1,8.542,B
12.6,0.2,13.2,3.2,1.6,1.6,8.7,8.044,B
12.4,0.3,14.8,3.1,1.4,1.6,8.7,8.105,B
12.5,0.3,14.8,3.8,1.5,1.3,9.2,8.198,B
13.6,0.2,14.6,3.8,1.3,1.2,8.7,8.692,C
13.2,0.3,13.3,3.8,1.4,1.4,8.1,8.396,B
13.6,0.3,13.8,3.8,0.2,1.2,4.6,8.566,B
14,0.2,14.2,3.1,1.6,1.5,4.6,8.833,C
12.9,0.2,10.8,4.3,1.6,1.9,9.1,8.043,B
13.2,0.3,14.2,4.6,1.3,1.4,8.7,8.536,B
12.9,0.3,12.3,4.1,1.2,1.5,8.7,8.159,B
13.5,0.2,12.9,3.7,1.4,1.2,6.8,8.471,B
12.5,0.3,14.3,3.8,1.2,1.5,8.1,8.138,B
13.8,0.2,14.2,4.3,1.5,1.4,7.4,8.807,C
14,0.2,14.7,3.9,1.9,1.5,6.2,8.957,C
12.5,0.2,14.2,4.3,1.4,1.6,6.1,8.159,B
12.4,0.3,13.2,4.4,1.5,1.2,7.3,8.026,B
13.6,0.3,14.8,3.7,1.2,1.3,5.6,8.723,C
13.2,0.2,14.8,3.5,1.5,1.2,7.9,8.503,B
13.2,0.3,14.6,4.7,1.4,1.8,6.3,8.605,B
13.5,0.2,13.3,4.1,1.5,1.2,9.6,8.545,B
12.5,0.3,13.8,5.2,1.6,1.7,9.1,8.218,B
12,0.2,14.2,5.8,1.2,1.9,9.3,8.014,B
14,0.3,10.8,3.2,1.3,1.2,9.3,8.49,B
13.1,0.4,14.2,3.5,1.2,1.4,9.1,8.423,B
13.1,0.5,12.3,5.2,1.8,1.5,8.1,8.412,B
12,0.5,12.9,3.2,1.2,1.2,8.1,7.734,A
12.3,0.5,14.3,2.8,1.7,1.1,8.9,8.022,B
12.3,0.3,14.2,4.5,1.9,1,9.6,8.099,B
12.7,0.2,13.9,4.2,1.2,1.3,9.1,8.198,B
12.4,0.5,13.3,3.8,1.4,1.2,9.3,8.028,B
12.5,0.5,12.7,5.4,1.5,1.3,9.3,8.14,B
13,0.4,12.8,5.7,1.2,1.9,9.1,8.407,B
12.3,0.1,13.9,5.6,0.9,1.4,8.1,8.062,B
14,0.4,14.9,5.2,0.6,1.9,8.1,9.046,C
12.9,0.2,13.6,5.6,1.3,1.5,8.9,8.38,B
12.2,0.3,13.2,5.2,1.2,1.9,9.1,7.992,B
13.1,0.3,14.9,5.1,1.3,1.3,9.3,8.587,B
12.5,0.1,12.8,4.9,0.9,1.5,9.1,8.007,B
12.9,0.3,12.3,5.1,0.4,1.4,8.4,8.177,B
12.3,0.2,14.8,4.8,1.9,1.6,7.7,8.184,B
12.8,0.2,13.5,5.1,0.5,1.5,8.4,8.237,B
12.9,0.1,12.5,4.3,1.9,1.7,9.1,8.203,B
12.7,0.1,14.9,5.9,1.3,1.2,9.2,8.399,B
13.8,0.2,12.4,4.1,1.5,1.6,8.9,8.621,B
12.9,0.2,12.8,5.6,1.4,1.3,9.6,8.298,B
12.5,0.1,10.6,4.8,1.6,1.8,7.7,7.834,B
12.7,0.3,12.6,5.9,1.5,1.9,9.1,8.249,B
12.7,0.3,13.7,4.3,0.7,1.3,9.2,8.175,B
13.1,0.3,13.6,5.7,1.2,1.5,8.9,8.501,B
13,0.3,14.6,4.5,1.6,1.6,9.6,8.495,B
12.5,0.2,13.6,3.8,1.3,1.4,9.2,8.05,B
11.6,0.2,13.5,4.3,0.8,1.3,9.1,7.591,A
11.7,0.1,10.2,4.6,0.9,1.8,8.9,7.338,A
12.5,0.3,14.9,4.1,0.3,1.9,8.5,8.181,B
12.5,0.2,14.9,3.7,1.5,1.9,9.3,8.205,B
12.5,0.4,14.6,3.8,1.6,1.8,8.5,8.224,B
12.7,0.2,13.7,4.1,1.4,1.6,9.1,8.195,B
12.3,0.2,14.2,4.3,1.3,1.9,9.1,8.065,B
12.5,0.2,12.3,3.9,1.8,1.8,9.1,7.973,B
12.8,0.1,13.4,4.3,1.6,1.6,8.1,8.221,B
13,0.3,13.8,4.1,0.9,1.6,9.1,8.345,B
10.8,0.2,14.7,4.3,0.4,1.4,8.9,7.291,A
11.3,0.3,14.2,3.7,0.3,1.5,9.1,7.467,A
10.8,0.1,13.2,5.4,0.9,1.6,9.6,7.236,A
12.2,0.4,14.8,4.2,0.4,0.8,9.5,8.01,B
12.8,0.1,14.8,4.9,1.6,1.2,9.6,8.387,B
12.2,0.2,14.6,4.5,1.6,1.8,9.4,8.083,B
12.5,0.2,13.3,4.6,1.4,1.5,9.6,8.086,B
12.9,0.2,13.8,4.4,1.5,1.3,9.1,8.32,B
12,0.3,14.2,5.3,1.6,1.5,9.3,8.007,B
12.2,0.4,10.8,5.9,0.8,1.6,9.3,7.785,A
11.8,0.2,14.2,5.7,1.2,1.4,9.1,7.887,B
11.8,0.1,12.3,4.3,1.9,1.1,8.1,7.609,A
11.6,0.4,12.9,5.8,0.5,1.6,8.1,7.67,A
12.8,0.1,14.3,3.9,1.9,1.6,8.9,8.301,B
11.6,0.1,14.2,4.3,0,1.5,9.1,7.601,A
13.8,0.1,14.9,4.9,1.5,1.9,9.1,8.919,C
13.1,0.5,14.6,4.9,1.4,1.5,8.7,8.597,B
13.9,0.5,13.7,3.3,1.6,1.3,8.4,8.799,C
13,0.2,14.2,3.1,1.5,1.4,7.7,8.323,B
13.3,0.3,13.2,4.9,0.7,1.7,9.1,8.483,B
13.3,0.2,13.4,2.8,1.2,1.6,9.2,8.362,B
13.1,0.2,13.8,3.4,1.6,1.6,8.9,8.368,B
13.8,0.2,14.7,4.5,1.3,1.9,9.6,8.879,C
13,0.4,14.2,3.8,0.8,1.5,9.1,8.374,B
12.9,0.1,13.2,4.9,0.9,1.3,8.7,8.239,B
13,0.4,14.8,4.5,0.3,1.9,8.7,8.469,B
12.7,0.3,14.8,5.9,1.5,1.4,6.8,8.449,B
12.8,0.1,14.6,2.7,1.6,1.2,8.1,8.213,B
13,0.1,13.3,2.8,1.4,1.6,7.4,8.194,B
13.8,0.3,13.8,3.3,1.3,1.2,6.2,8.697,C
12.6,0.1,12.5,3.9,1.8,1.8,6.1,8.023,B
13.1,0.2,10.8,3.5,1.1,1.2,7.3,8.029,B
12.6,0.4,14.2,5.2,0.9,1.9,5.6,8.294,B
12.4,0.1,12.3,5.8,0.4,1.8,7.9,7.952,B
13.2,0.1,12.9,5.2,0.3,1.5,6.3,8.352,B
13.2,0.5,14.3,2.8,0.9,1.2,9.6,8.428,B
13.1,0.3,12.9,3.2,0.4,1.6,9.1,8.212,B
13.7,0.2,14.2,4.5,1.6,1.4,9.3,8.777,C
13.2,0.2,13.5,3.4,1.6,1.5,9.3,8.384,B
13.2,0.5,13.6,3.9,1.4,1.5,9.1,8.477,B
13.2,0.3,12.9,3.5,1.5,1.2,8.1,8.333,B
13.4,0.1,12.4,4.5,1.6,1.6,8.1,8.435,B
13.3,0.1,12.8,3.5,0.8,1.4,8.9,8.299,B
13.2,0.3,10.6,3.2,1.2,1.6,9.6,8.08,B
13.5,0.1,12.6,3.2,1.8,1.6,9.1,8.426,B
13.4,0.2,13.7,3.2,1.5,1.6,9.3,8.488,B
13.3,0.4,13.6,4.9,1.3,1.9,9.3,8.587,B
13.3,0.1,14.6,3.5,1.5,2,9.1,8.545,B
13.1,0.1,13.6,3.9,1.6,1.8,8.1,8.371,B
13.2,0.5,13.5,3.6,1.4,1.8,8.1,8.458,B
12.2,0.3,10.2,3.3,1.1,1.4,8.9,7.533,A
13.9,0.2,11.9,3.2,1.6,1.8,9.1,8.572,B
12.5,0.2,14.9,3.5,1.6,1.8,9.3,8.193,B
13.8,0.5,14.6,3.1,1.5,1.5,9.1,8.827,C
13.9,0.2,13.7,2.8,1.9,1.6,8.4,8.734,C
14,0.2,14.2,3.6,1.5,1.5,7.7,8.862,C
12.4,0.1,12.3,3.5,1.3,1.3,8.4,7.825,A
14,0.1,13.4,3.6,1.4,1.3,9.1,8.748,C
14,0.2,13.8,3.2,1.7,1.3,9.2,8.798,C
13.9,0.1,14.7,3.1,1.6,1,8.9,8.793,C
12.5,0.2,14.2,4.3,1.6,1.2,9.6,8.155,B
11.9,0.1,13.2,2.8,1.9,1.2,7.7,7.648,A
13.6,0.1,14.8,3.6,1.5,1.2,9.1,8.69,C
13.6,0.2,14.8,2.5,1.3,1,9.2,8.613,B
12.9,0.2,14.6,1.9,1.9,1.4,8.9,8.253,B
13.5,0.3,13.3,2.5,1.4,1.6,9.6,8.463,B
14,0.1,13.8,3.1,1.2,1.2,9.2,8.737,C
13.6,0.1,14.2,2.8,1.6,1.5,9.1,8.592,B
13.2,0.2,10.8,3.6,1.2,1.2,8.7,8.092,B
13.5,0,14.2,5.6,1.2,1.3,8.7,8.686,C
13.5,0.1,12.3,5.3,1.2,1.4,9.2,8.499,B
13.1,0.1,12.9,5.4,0.3,1.5,8.7,8.316,B
13.9,0.1,14.3,5.6,1.6,1.7,8.1,8.956,C
13,0.2,14.2,3.2,1.2,1.6,4.6,8.32,B
13.8,0.1,13.7,3.1,1.8,1.6,4.6,8.679,C
13,0,12.4,3.8,1.8,1.6,8.2,8.178,B
13.8,0.1,14.6,3.8,1.6,1.9,7.7,8.818,C
13,0.2,13.6,3.8,1.3,1.8,9.1,8.316,B
13.9,0.4,13.5,3.8,1.4,1.8,9.2,8.802,C
12.9,0.2,12.9,3.1,1.5,1.4,8.9,8.143,B
13.9,0.3,12.4,4.3,1.2,1.8,9.6,8.695,C
13,0.3,14.9,4.6,1.3,1.8,9.1,8.522,B
13.8,0.4,14.6,4.1,1.1,1.5,8.7,8.853,C
12.7,0.2,13.7,3.7,1.1,1.6,8.7,8.149,B
13.8,0.3,14.2,3.8,1.6,1.5,6.8,8.802,C
12.8,0.3,13.2,4.3,1.5,1.8,8.1,8.243,B
13.8,0.1,13.4,3.9,1.4,1.8,7.4,8.689,C
13,0.3,13.8,4.3,1.8,1.4,6.2,8.405,B
13.8,0.2,14.7,4.4,1.9,1.8,6.1,8.904,C
12,0.2,14.2,3.7,1.5,1.8,7.3,7.881,B
13,0.1,13.2,3.5,1.2,1.5,5.6,8.217,B
13.1,0.1,14.8,4.7,1.6,1.6,7.9,8.539,B
12.9,0.2,14.8,4.1,1.6,1.5,6.3,8.413,B
12.3,0.2,14.6,5.2,1.2,1.8,9.6,8.158,B
12.6,0.1,13.3,5.8,1.3,1.8,9.1,8.206,B
12.6,0.3,13.8,3.2,1.4,1.3,9.3,8.1,B
12,0.3,12.5,3.5,1.5,1,9.3,7.685,A
13,0.3,10.8,5.2,1.5,1.2,9.1,8.142,B
13.9,0.3,14.2,3.2,1.2,1.2,8.1,8.774,C
13,0.2,12.3,2.8,0.9,1.2,8.1,8.068,B
13.3,0.2,12.9,4.5,0.3,1.2,8.9,8.361,B
13.3,0.1,14.3,4.2,1.3,1.5,9.6,8.532,B
13.1,0.3,14.9,3.8,1.2,1.4,9.1,8.494,B
13.8,0.2,14.2,5.4,1.3,1.2,9.3,8.864,C
13,0.4,13.5,5.7,0.9,1.2,9.3,8.431,B
12.9,0.2,13.6,5.6,0.4,1.2,9.1,8.314,B
13,0.2,13.9,5.2,1.9,1.9,8.1,8.484,B
12.7,0.2,12.4,5.6,0.5,1.4,8.1,8.108,B
13.9,0.1,12.8,5.2,1.9,1.2,8.9,8.776,C
13,0.3,10.6,5.1,1.3,1.6,9.1,8.119,B
13.8,0.2,12.6,4.9,1.5,1.2,9.3,8.681,C
12,0.3,13.7,5.1,1.4,1.5,9.1,7.931,B
13.1,0.1,13.6,4.8,1.6,1.2,8.4,8.41,B
12.6,0.4,14.6,5.1,1.5,1.5,7.7,8.347,B
12.4,0.1,13.6,4.3,0.7,1.3,8.4,7.975,B
13.2,0.2,13.5,5.9,1.2,1.2,9.1,8.523,B
13.2,0.2,10.2,4.1,1.6,1.8,9.2,8.115,B
13.1,0.2,14.8,5.6,1.3,1.5,8.9,8.6,B
13.8,0.3,13.2,4.8,0.8,1.3,9.6,8.716,C
13.2,0.4,14.6,5.9,0.9,1.5,7.7,8.667,C
13.2,0.2,13.7,4.3,0.3,1.6,9.1,8.393,B
13.2,0.1,14.2,5.7,1.5,1.4,9.2,8.585,B
13.4,0.4,12.3,4.5,1.6,1.1,8.9,8.465,B
13.3,0.1,13.4,3.8,1.4,1.6,9.6,8.424,B
13.2,0.1,13.8,4.3,1.3,1.6,9.2,8.443,B
13.5,0.1,14.7,4.6,1.8,1.5,9.1,8.73,C
13.4,0.5,14.2,4.1,1.6,1.9,8.7,8.679,C
13.3,0.5,13.2,3.7,0.9,1.5,8.7,8.443,B
13.3,0.2,14.8,3.8,0.4,1.3,9.2,8.512,B
13.1,0.3,14.8,4.1,0.3,1.4,8.7,8.451,B
14,0.2,14.6,4.3,0.9,1.7,8.1,8.923,C
12.2,0.2,13.3,3.9,0.4,1.6,4.6,7.831,A
13.9,0.2,13.8,4.3,1.6,1.6,4.6,8.831,C
12.5,0.4,14.2,4.1,1.6,1.9,9.1,8.209,B
13.8,0.1,10.8,4.3,1.4,1.5,8.7,8.445,B
13.9,0.5,14.2,3.7,1.5,1.3,8.7,8.871,C
14,0.3,12.3,5.4,1.6,1.9,6.8,8.84,C
12.4,0.1,12.9,4.2,0.8,1.4,8.1,7.908,B
14,0.1,14.3,4.9,1.2,1.2,7.4,8.913,C
12.9,0.3,14.2,4.5,1.9,1.6,6.2,8.423,B
13.9,0.1,13.9,4.6,0.5,1.2,6.1,8.76,C
12.5,0.2,13.3,4.4,1.9,1.4,7.3,8.098,B
11.9,0.4,12.7,5.3,1.3,1.2,5.6,7.797,A
13.6,0.1,12.8,5.9,1.5,0.3,7.9,8.615,B
13.6,0.1,13.7,5.7,1.4,1.6,6.3,8.737,C
12.9,0.5,13.6,4.3,1.6,1.2,9.6,8.355,B
13.5,0.3,14.6,5.8,1.5,1.8,9.1,8.838,C
14,0.2,13.6,3.9,0.7,1.8,9.3,8.787,C
13.6,0.2,13.5,4.3,1.2,1.6,9.3,8.627,B
13.2,0.1,10.2,4.9,1.6,1.3,9.1,8.131,B
13.5,0.1,14.9,4.9,1.3,1.4,8.1,8.737,C
13.5,0.1,14.9,3.3,0.8,1.5,8.1,8.599,B
13.1,0.2,14.6,3.1,0.9,1.2,8.9,8.369,B
13.9,0.1,13.7,4.9,0.3,1.3,9.6,8.753,C
13,0.1,14.2,2.8,1.5,1.1,9.1,8.27,B
13.8,0.1,12.3,3.4,1.6,1.1,9.3,8.528,B
13,0.2,13.4,4.5,1.4,1.6,9.3,8.343,B
13.8,0.1,13.8,3.8,1.3,1.5,9.1,8.704,C
13,0.2,14.7,4.5,1.8,1.4,8.1,8.489,B
13.9,0.1,14.2,3.4,1.1,1.8,8.1,8.766,C
12.9,0.2,13.2,3.9,0.9,1.9,8.9,8.213,B
13.9,0.4,14.8,3.5,0.4,1.5,9.1,8.839,C
12,0.2,14.8,4.5,0.3,1.2,9.3,7.901,B
14,0.3,14.6,3.5,0.9,1.6,9.1,8.883,C
13.1,0.3,13.3,3.2,0.4,1.6,8.4,8.252,B
13.3,0.4,13.8,3.2,1.6,1.2,7.7,8.478,B
13.1,0.2,14.2,3.2,1.6,1.3,8.4,8.382,B
13.2,0.3,10.8,4.9,1.4,1.4,9.1,8.223,B
13.1,0.3,14.2,3.5,1.5,1.5,9.2,8.425,B
13,0.1,12.3,3.9,1.6,1.2,8.9,8.167,B
12.9,0.3,12.9,3.6,0.8,1.2,9.6,8.148,B
12,0.2,14.3,3.3,1.2,1.6,7.7,7.837,B
12.5,0.2,14.2,3.2,1.8,1.4,9.1,8.098,B
12,0.1,14.9,3.5,1.5,1.5,9.2,7.905,B
13.1,0.1,14.6,3.1,1.3,1.3,8.9,8.377,B
12.3,0.2,13.7,2.8,1.5,1.4,9.6,7.902,B
12.3,0.2,14.2,3.6,1.6,1.2,9.2,8.006,B
12.4,0.1,13.2,3.5,1.4,1.6,9.1,7.933,B
12.7,0.3,13.4,3.6,1.1,1.6,8.7,8.132,B
12.4,0.3,13.8,3.2,1.6,1.3,8.7,8.012,B
12.4,0.3,14.7,3.1,1.6,1.2,9.2,8.091,B
12.6,0.3,14.2,4.3,1.5,1.4,8.7,8.227,B
12.5,0.2,13.2,2.8,1.9,1.2,8.1,7.968,B
12.7,0.2,14.8,3.6,1.5,1.5,4.6,8.272,B
13.4,0.1,14.8,2.5,1.3,1.9,4.6,8.529,B
12.7,0.3,14.6,1.9,1.4,1.4,8.2,8.143,B
13.1,0.2,13.3,2.5,1.7,1.5,7.7,8.257,B
12.3,0.4,13.8,3.2,1.6,1.2,9.1,7.978,B
12.7,0.2,12.5,4.8,1.6,1.5,9.2,8.132,B
12.9,0.2,10.8,4.4,1.9,1.4,8.9,8.048,B
13.9,0.2,14.2,3.6,1.5,1.8,9.6,8.824,C
14,0.1,12.3,4.5,1.3,1.6,9.1,8.707,C
12.8,0.3,12.9,4.6,1.4,1.2,8.7,8.204,B
13.2,0.2,14.2,4.2,1.3,1.3,6.9,8.484,B
12.928575,0.223,13.5281,4.1516,1.3517,1.3714,8.0605,8.2882675,B
