Moisture (14%),Foreign Matter (0.2%),Broken (5%),Red & Chalky grains (5%),Damaged Grain (1%),Discolored grain(1%),Mix lower class (8%),Final Value,Grade
11.9,0,3.7,2.8,0.7,0.5,6.2,6.662,A
12.2,0.1,4.2,2.4,0.4,0.6,5.9,6.828,B
11.9,0,3.5,1.3,0.6,0.4,5.7,6.482,A
12,0,3.9,1.5,0.5,0.5,6.2,6.59,A
12.1,0,5,3.6,0.9,0.4,5.7,6.98,B
12.2,0,4.2,4.5,0.5,0.8,6.1,7.032,B
12.1,0,3.6,4.6,0.4,0.3,6.1,6.906,B
13.5,0.1,4.8,4.8,0.8,0.5,6.1,7.798,C
13,0.1,4.9,4.1,0.3,0.6,5.4,7.462,B
13.6,0,4.9,4.2,0.5,0.9,6.1,7.776,C
12.9,0,3.5,4.1,0.6,0.6,5.9,7.27,B
13.1,0,4.8,1.5,0.9,0.5,6.1,7.254,B
13,0.1,4.5,2.2,0.6,0.5,6.4,7.246,B
13.5,0,4.9,1.6,0.5,0.6,6.3,7.454,B
12.8,0.2,4.5,1.7,0.5,0.1,6.4,7.094,B
12.7,0,3.6,1.6,0.6,0.6,6.3,6.93,B
13.5,0,4.2,3.4,0.1,0.5,6.4,7.536,C
13.8,0,4.7,1.8,0.6,0.2,6.1,7.594,C
13.2,0,4.8,1.5,0.5,0.6,6.2,7.284,B
12,0,4.6,1.3,0.2,0.9,6.2,6.638,A
14,0,4.8,1.9,0.6,0.5,6.1,7.726,C
13.1,0,4.4,1.4,0.9,0.4,5.4,7.2,B
13.3,0,3.6,2.2,0.5,0.5,5.4,7.28,B
13.1,0,4.5,1.6,0.4,0.8,5.9,7.216,B
13.2,0,4.6,1.2,0.5,0.2,6.1,7.218,B
13.1,0.1,4.8,1.4,0.8,0.6,6.1,7.262,B
13,0.2,4.1,1.2,0.2,0.2,5.8,7.09,B
12.9,0.2,4.2,1.6,0.6,0.2,5.6,7.114,B
12,0.2,4.1,1.6,0.2,0.4,5.1,6.638,A
12.5,0.2,4.1,1.2,0.2,0.8,6.1,6.864,B
12,0.2,4.1,1.8,0.4,0.9,6.1,6.69,A
13.1,0,4.1,1.8,0.8,0.3,5.9,7.2,B
12.3,0,4.2,1.6,0.9,0.5,6.4,6.804,A
12.3,0,4.8,1.3,0.3,0.6,6.1,6.802,A
12.4,0,4.2,1.4,0.5,0.4,5.8,6.806,A
12.7,0,4.2,1.5,0.6,0.7,5.8,6.984,B
12.4,0,4.6,1.2,0.4,0.8,4.5,6.836,B
12.4,0.01,4.3,1.3,0.7,0.4,5.4,6.82,A
12.6,0.2,4.4,1.1,0.8,0.6,4.9,6.962,B
12.5,0.2,4.6,1.1,0.4,0.5,4.1,6.904,B
12.7,0,3.2,1.6,0.6,0.9,4.1,6.902,B
13,0,3.1,1.5,0.5,0.5,4.9,7.01,B
12.7,0,3.8,1.4,0.9,0.4,3.7,6.94,B
13.1,0,3.8,1.8,0.5,0.8,5.3,7.172,B
12.3,0,3.8,1.9,0.4,0.3,4.2,6.756,A
12.7,0,3.8,1.5,0.8,0.5,6.4,6.948,B
12.9,0,3.1,1.2,0.3,0.6,6.1,6.922,B
13.9,0,4.3,1.6,0.5,0.9,6.2,7.606,C
14,0,4.6,1.6,0.6,0.6,6.2,7.68,C
12.8,0,4.1,1.2,0.9,0.5,6.1,7.004,B
12.8,0,3.7,1.3,0.6,0.5,5.4,6.956,B
12.6,0,3.8,1.4,0.5,0.6,5.4,6.874,B
12.9,0,4.3,1.5,0.5,0.1,5.9,7.064,B
13.2,0,3.9,1.2,0.6,0.6,6.4,7.17,B
13.1,0,4.3,1.2,0.1,0.5,6.1,7.126,B
12,0,4.4,1.6,0.6,0.2,6.2,6.644,A
12.2,0,3.7,1.4,0.5,0.6,6.2,6.664,A
13.9,0,3.5,1.5,0.2,0.9,6.1,7.498,C
13.3,0,4.7,1.3,0.6,0.5,5.4,7.306,B
13.1,0,4.1,1.4,0.9,0.4,5.4,7.17,B
13,0.1,4.2,1.2,0.5,0.5,5.9,7.11,B
13.1,0,4.8,1.6,0.4,0.8,6.1,7.246,B
12.1,0,4.7,1.6,0.5,0.2,6.2,6.718,A
12,0,4.2,1.3,0.8,0.6,6.1,6.622,A
12.5,0,4.2,1.2,0.2,0.2,5.6,6.81,A
12.5,0,4.6,1.4,0.6,0.2,5.1,6.894,B
12.6,0,4.3,1.2,0.2,0.4,5.6,6.878,B
12.7,0,4.4,1.5,0.2,0.8,6.1,6.984,B
12.6,0,4.2,1.9,0.4,0.9,6.1,6.97,B
12.5,0,3.2,1.4,0.8,0.3,5.9,6.77,A
12.9,0.1,3.1,1.5,0.9,0.5,6.4,7.004,B
12.6,0.1,3.8,1.2,0.3,0.6,5.1,6.862,B
12.8,0.1,4.2,1.5,0.5,0.4,6.1,7.036,B
12.3,0,4.6,1.4,0.6,0.7,6.1,6.814,A
12.3,0,4.4,1.5,0.4,0.6,5.9,6.788,A
12.5,0,4.4,3.4,0.7,0.3,6.4,7.084,B
12.4,0.1,4.2,3.3,0.6,0.5,6.1,7.026,B
12.8,0,3.2,1.3,0.3,0.2,6.1,6.876,B
13.1,0,4.1,1.2,0.5,0.8,5.8,7.142,B
12.9,0,3.8,1.8,0.2,0.3,5.8,7.034,B
12.6,0,4.6,1.2,0.8,0.6,6.1,6.952,B
12.8,0,4.9,1.7,0.3,0.4,5.8,7.094,B
13.2,0.1,4.8,1.9,0.6,0.4,5.4,7.342,B
12.8,0.1,3.1,1.2,0.4,0.9,3.1,6.91,B
13.8,0.1,4.3,1.4,0.4,0.3,3.1,7.526,C
13.2,0.1,3.1,1.5,0.9,0.6,5.5,7.158,B
13.9,0,4.6,1.2,0.3,0.8,5.1,7.58,C
12.9,0,4.1,1.1,0.6,0.9,6.1,7.042,B
12.9,0,3.7,1,0.8,0.5,6.1,6.988,B
12.5,0,3.8,1.3,0.9,0.9,5.9,6.85,B
14,0.2,4.3,1.2,0.5,0.9,6.4,7.656,C
13.9,0.2,4.6,1.3,0.9,0.5,6.1,7.654,C
12.7,0,4.1,1.9,0.9,0.4,5.8,7.02,B
12.6,0,3.7,1.4,0.5,0.4,5.8,6.856,B
12.8,0.1,3.8,1.9,0.4,0.6,4.5,7.038,B
12.7,0.2,4.1,2.5,0.4,0.5,5.4,7.094,B
12.8,0,4.3,1.9,0.6,0.9,4.9,7.092,B
13.1,0,3.9,1.3,0.5,0.5,4.1,7.12,B
12.1,0,4.3,1.5,0.9,0.4,4.1,6.7,A
11.1,0,4.1,1.4,0.5,0.8,4.9,6.162,A
12.2,0.2,4.3,1.6,0.4,0.3,3.7,6.766,A
12.8,0,3.7,1.5,0.8,0.5,5.3,6.988,B
11.8,0,4.1,3.6,0.3,0.6,4.2,6.712,A
12.6,0,4.2,1.2,0.5,0.9,6.4,6.906,B
11.8,0,4.9,1.6,0.6,0.6,6.1,6.61,A
11.7,0.1,4.5,1.3,0.9,0.5,6.2,6.524,A
11.5,0.1,4.6,4.8,0.6,0.5,6.2,6.766,A
11.6,0,4.4,3.9,0.5,0.6,6.1,6.684,A
12.5,0,4.3,2.5,0.5,0.1,5.4,6.964,B
12.9,0,3.9,3.7,0.6,0.6,5.4,7.27,B
12.8,0.1,3.7,3.8,0.1,0.5,5.9,7.196,B
12.2,0,4.3,4.3,0.6,0.2,6.4,7.004,B
12.8,0.2,4.2,4.6,0.5,0.6,6.1,7.374,B
11.6,0,3.9,4.1,0.2,0.9,6.2,6.648,A
12.5,0,4.3,3.7,0.6,0.5,6.2,7.106,B
12.1,0,4.9,3.8,0.9,0.4,6.1,6.99,B
13.8,0,4.9,4.1,0.5,0.5,5.4,7.85,C
13.9,0,3.3,4.3,0.4,0.8,5.4,7.766,C
13.1,0,3.1,3.9,0.5,0.2,5.9,7.288,B
13.9,0,4.9,4.3,0.8,0.6,6.1,7.942,C
13.5,0,2.8,4.1,0.2,0.2,6.2,7.46,B
13.9,0,3.4,1.6,0.6,0.2,6.1,7.494,C
12.7,0,4.5,1.4,0.2,0.4,5.6,6.968,B
12.5,0.1,3.8,1.5,0.2,0.8,5.1,6.844,B
12.6,0.2,4.9,1.6,0.4,0.9,5.6,7.05,B
12.3,0.2,4.5,1.8,0.8,0.3,6.1,6.88,B
12.8,0.2,4.7,1.2,0.9,0.5,6.1,7.104,B
12.5,0.2,2.7,1.8,0.3,0.6,5.9,6.782,A
12.7,0.2,2.8,1.5,0.5,0.4,6.4,6.866,B
13,0,3.3,1.3,0.6,0.7,5.1,7.024,B
12.8,0,3.9,1.5,0.4,0.8,6.1,6.996,B
10.8,0,3.5,1.6,0.7,0.4,6.1,5.968,A
12.4,0,4.3,1.4,0.8,0.6,5.9,6.842,B
12.5,0,4.1,1.1,0.4,0.5,6.4,6.814,A
11.3,0,4.2,1.6,0.6,0.9,6.1,6.302,A
11.5,0.1,2.8,1.6,0.5,0.5,6.1,6.26,A
10.8,0.2,3.2,1.5,0.9,0.4,5.8,5.98,A
10.9,0.2,4.5,1.9,0.5,0.8,5.8,6.192,A
11.2,0,3.4,1.5,0.4,0.3,6.1,6.126,A
12.2,0,3.9,1.3,0.8,0.5,5.8,6.688,A
12,0,3.5,1.4,0.3,0.6,5.4,6.532,A
11.7,0,4.5,1.7,0.5,0.9,3.1,6.536,A
12.8,0,3.5,1.6,0.6,0.6,3.1,6.97,B
12.1,0,3.2,1.6,0.9,0.5,6.1,6.604,A
12.2,0,3.2,1.9,0.6,0.5,5.8,6.666,A
11.9,0,3.2,1.5,0.5,0.6,5.8,6.474,A
11.8,0.1,4.9,1.3,0.5,0.1,4.5,6.574,A
12.5,0.1,3.5,1.9,0.6,0.6,5.4,6.87,B
12.7,0,3.9,1.4,0.1,0.5,4.9,6.906,B
12.2,0,3.6,1.2,0.6,0.2,4.1,6.624,A
11.1,0,3.3,1.6,0.5,0.6,4.1,6.094,A
11.9,0,3.2,1.2,0.2,0.9,4.9,6.438,A
12,0,3.5,0.4,0.6,0.5,3.7,6.446,A
12.1,0,3.1,1.2,0.9,0.4,5.3,6.55,A
11.1,0,2.8,0.3,0.5,0.5,4.2,5.91,A
12.2,0,3.6,1.6,0.4,0.8,6.4,6.676,A
12.8,0,3.5,1.2,0.5,0.2,6.1,6.908,B
11.8,0,3.6,1.8,0.8,0.6,6.2,6.512,A
12.6,0.1,3.2,1.8,0.2,0.2,6.2,6.84,B
11.8,0,3.1,1.6,0.6,0.2,6.1,6.414,A
11.7,0,4.3,1.3,0.2,0.4,5.4,6.438,A
11.5,0,2.8,1.4,0.2,0.8,5.4,6.214,A
11.6,0,3.6,1.5,0.4,0.9,5.9,6.37,A
12.5,0,2.5,1.2,0.8,0.3,6.4,6.68,A
12.9,0,1.9,1.3,0.9,0.5,6.1,6.844,B
12.8,0,2.5,1.1,0.3,0.6,6.2,6.802,A
12.2,0.2,3.2,1.1,0.5,0.4,6.2,6.616,A
12.8,0,3.5,1.6,0.6,0.5,6.1,6.966,B
11.6,0.1,4.2,1.5,0.4,0.5,5.4,6.434,A
12.5,0.2,3.2,1.4,0.5,0.6,5.4,6.804,A
12.1,0.2,2.8,1.8,0.4,0.1,5.9,6.578,A
13.8,0.2,4.5,1.9,0.8,0.6,6.1,7.652,C
13.9,0.2,4.2,1.5,0.3,0.5,6.2,7.598,C
13.1,0.1,3.8,1.2,0.5,0.2,6.1,7.108,B
13.9,0.2,4.5,1.6,0.6,0.6,5.6,7.66,C
13.5,0.2,4.3,1.6,0.9,0.9,5.1,7.47,B
13.9,0.2,4.2,1.2,0.6,0.5,5.6,7.586,C
13,0.2,4.5,1.3,0.5,0.4,6.1,7.166,B
13.9,0,4.9,1.4,0.5,0.5,6.1,7.63,C
13.3,0,4.2,4.5,0.6,0.8,5.9,7.588,C
13.9,0,4.3,4.6,0.1,0.2,6.4,7.854,C
13.3,0.1,4.9,4.4,0.6,0.6,5.1,7.66,C
13.5,0,3.6,4.3,0.5,0.2,6.1,7.578,C
13.1,0,3.2,3.9,0.2,0.2,6.1,7.28,B
13.9,0,3.1,3.7,0.6,0.4,5.9,7.682,C
13,0.1,4.3,4.3,0.9,0.8,6.4,7.466,B
13.8,0,2.8,4.2,0.5,0.9,6.1,7.666,C
13,0,3.6,3.9,0.4,0.3,6.1,7.286,B
13.8,0.1,2.5,4.3,0.5,0.5,5.8,7.65,C
13,0.2,1.9,4.9,0.8,0.6,5.8,7.292,B
13.9,0,2.5,4.9,0.2,0.4,6.1,7.718,C
12.9,0,3.2,3.3,0.6,0.7,5.8,7.164,B
13.9,0,3.5,3.1,0.2,0.6,5.4,7.646,C
13,0,4.2,4.9,0.2,0.3,3.1,7.434,B
13.8,0.2,3.2,2.8,0.4,0.5,3.1,7.584,C
12.7,0,2.8,3.4,0.8,0.2,5.5,7.026,B
13.8,0.2,4.5,4.5,0.9,0.8,5.1,7.926,C
12.8,0.1,4.2,3.8,0.3,0.3,6.1,7.25,B
13.8,0.1,3.8,4.9,0.5,0.6,6.1,7.844,C
13,0,4.5,4.5,0.6,0.4,5.9,7.452,B
13.8,0.1,4.3,4.7,0.4,0.4,6.4,7.86,C
12,0,4.2,2.7,0.7,0.9,6.1,6.768,A
13,0,4.5,2.8,0.8,0.3,5.8,7.29,B
13.1,0.1,4.9,3.3,0.4,0.6,5.8,7.438,B
12.9,0,4.2,3.9,0.6,0.8,4.5,7.328,B
13,0,4.3,3.5,0.5,0.9,5.4,7.346,B
12.6,0,4.9,4.3,0.9,0.5,4.9,7.294,B
13.1,0,5.4,4.1,0.5,0.9,4.1,7.566,C
12.5,0,4.2,1.7,0.4,0.9,4.1,6.9,B
12.4,0.1,4.9,1.9,0.8,0.5,4.9,6.968,B
11.5,0.1,4.5,1.2,0.3,0.4,3.7,6.374,A
13.2,0,4.6,1.4,0.5,0.4,3.9,7.246,B
13.3,0,4.4,1.5,0.6,0.6,3.5,7.3,B
13.2,0,4.1,1.2,0.9,0.5,3.5,7.204,B
13.4,0.1,4.2,0.9,0.6,0.9,3.7,7.302,B
13.8,0,4.9,0.6,0.5,0.5,3.5,7.5,C
13.1,0.2,4.5,1.3,0.5,0.4,3.6,7.216,B
13.7,0,4.6,1.2,0.6,0.8,3.7,7.498,C
13.7,0,4.4,1.3,0.1,0.3,2.1,7.438,B
12.8,0,4.3,0.9,0.6,0.5,2.1,6.976,B
13.2,0,3.9,0.4,0.5,0.6,2.5,7.084,B
13.6,0,3.7,1.1,0.2,0.9,2.5,7.328,B
13.2,0,4.3,1.1,0.6,0.6,2.5,7.2,B
13.5,0,4.2,1.6,0.9,0.5,2.5,7.404,B
13.2,0,3.9,1.5,0.5,0.5,2.1,7.19,B
13.4,0,4.3,1.4,0.4,0.6,2.9,7.318,B
13.3,0,4.9,1.8,0.5,0.1,3.1,7.354,B
13.3,0.1,4.9,1.9,0.8,0.6,2.7,7.422,B
13.1,0.2,3.3,1.5,0.2,0.5,2.5,7.102,B
13.2,0.2,3.1,1.2,0.6,0.2,2.5,7.114,B
13.3,0.2,4.9,1.6,0.2,0.6,2.9,7.376,B
13.5,0.2,2.8,1.6,0.2,0.9,2.6,7.278,B
13.2,0.2,3.4,1.2,0.4,0.5,2.9,7.144,B
13.4,0,4.5,0.8,0.8,0.4,2.9,7.294,B
13.6,0,3.8,0.9,0.9,0.5,2.5,7.344,B
13.3,0,4.9,0.3,0.3,0.8,2.3,7.22,B
13.3,0,4.5,1.5,0.5,0.2,3.1,7.288,B
13.2,0,4.7,1.6,0.6,0.6,2.7,7.29,B
13.3,0,2.7,1.4,0.4,0.2,3.5,7.092,B
13.1,0.1,2.8,1.3,0.7,0.2,3.9,7.03,B
13.3,0.2,3.3,1.8,0.6,0.4,2.1,7.252,B
13.3,0.2,3.9,1.6,0.3,0.8,2.3,7.29,B
13.1,0,3.5,0.9,0.5,0.9,3.5,7.056,B
13.2,0,4.3,0.4,0.2,0.3,2.1,7.094,B
13.3,0,4.1,0.3,0.8,0.5,1.9,7.158,B
12.2,0,4.2,0.9,0.3,0.6,3,6.652,A
12.7,0,2.8,0.4,0.6,0.4,2.8,6.722,A
13.4,0,3.2,1.6,0.4,0.7,2.5,7.232,B
13.9,0.2,4.5,1.6,0.4,0.8,3.6,7.656,C
11.4,0,3.4,1.4,0.9,0.4,3.8,6.25,A
12.5,0,3.9,1.5,0.3,0.6,3.7,6.832,B
13.8,0,3.5,1.6,0.6,0.5,3.5,7.466,B
13.6,0,4.5,0.8,0.8,0.9,3.7,7.414,B
13.5,0.1,3.5,1.2,0.9,0.5,3.5,7.314,B
13.9,0.2,3.2,1.9,0.5,0.4,3.4,7.546,C
14,0.1,3.2,1,0.9,0.8,3.3,7.526,C
12.5,0,3.2,1.9,0.9,0.3,3.4,6.826,B
12.8,0,4.9,1.3,0.5,0.5,3.2,7.07,B
12.4,0,3.5,1.5,0.4,0.6,3.4,6.748,A
13.8,0,3.9,1.4,0.4,0.9,2.9,7.49,C
14,0,3.6,1.6,0.6,0.6,3.9,7.58,C
12.8,0,3.3,1.5,0.5,0.5,2.7,6.93,B
14,0.1,3.2,0.7,0.9,0.5,3.7,7.484,C
13.5,0,3.5,1.2,0.5,0.6,3.2,7.274,B
13.9,0,3.1,1.6,0.4,0.1,3.9,7.448,B
14,0,2.8,1.3,0.8,0.6,4.1,7.482,C
12.5,0,3.6,0.8,0.3,0.5,4.5,6.728,A
12.7,0,3.5,0.9,0.5,0.2,5.6,6.828,B
11.9,0,3.6,0.3,0.6,0.6,6.4,6.4,A
12.4,0.1,3.2,1.5,0.9,0.9,6.1,6.78,A
11.8,0.2,3.1,1.6,0.6,0.5,6.2,6.466,A
12.5,0,4.3,1.4,0.5,0.4,6.2,6.866,B
13.6,0.1,2.8,1.3,0.5,0.5,6.1,7.28,B
13.2,0.1,3.6,1.8,0.6,0.8,5.4,7.228,B
13.6,0.1,2.5,1.1,0.1,0.2,5.4,7.194,B
12.5,0,1.9,0.9,0.6,0.6,5.9,6.59,A
11.6,0,2.5,0.4,0.5,0.2,6.1,6.128,A
11.7,0,3.2,0.3,0.2,0.2,6.2,6.22,A
12.5,0.1,3.5,0.9,0.6,0.4,6.1,6.762,A
12.5,0.1,4.2,0.4,0.9,0.8,5.6,6.816,A
12.5,0.1,3.2,1.6,0.5,0.9,5.1,6.816,A
12.7,0,2.8,1.6,0.4,0.3,5.6,6.826,B
12.3,0,4.5,1.4,0.5,0.5,6.1,6.79,A
12.5,0,4.2,1.5,0.8,0.6,6.1,6.892,B
12.8,0.1,3.8,1.6,0.2,0.4,5.9,6.988,B
13.6,0,4.5,0.8,0.6,0.5,6.4,7.386,B
14,0.2,4.3,1.2,0.2,0.4,5.1,7.618,C
13.2,0.1,4.2,1.8,0.2,0.8,6.1,7.264,B
13.5,0.1,4.5,1.5,0.4,0.3,6.1,7.406,B
12.5,0,4.9,1.3,0.8,0.5,5.9,6.938,B
12.5,0,4.1,2.8,0.9,0.6,6.4,7.018,B
11.6,0,4.2,2.4,0.3,0.9,6.1,6.514,A
11.7,0.1,4.9,1.3,0.5,0.6,6.1,6.544,A
12.5,0,4.5,1.5,0.6,0.5,5.8,6.906,B
12.5,0.2,4.6,3.6,0.4,0.5,5.8,7.154,B
12.5,0,4.4,4.5,0.7,0.6,6.1,7.206,B
12.7,0,4.3,4.6,0.8,0.1,5.8,7.292,B
12.3,0,3.9,4.8,0.4,0.6,5.4,7.068,B
12.5,0.1,3.7,4.1,0.6,0.5,3.1,7.106,B
12.8,0.1,4.3,4.2,0.5,0.2,3.1,7.308,B
13,0,4.2,4.1,0.9,0.6,5.6,7.408,B
12.3,0,3.9,1.5,0.5,0.9,4.2,6.756,A
14,0,4.3,2.2,0.4,0.5,6.4,7.694,C
12.9,0.1,4.9,1.6,0.8,0.4,5.5,7.184,B
12.2,0,4.9,1.7,0.3,0.5,3.7,6.798,A
13.1,0.2,3.3,1.6,0.5,0.8,5.6,7.142,B
12.5,0,3.1,3.4,0.6,0.2,5.1,6.944,B
12.9,0,4.9,1.8,0.9,0.6,5.6,7.198,B
12.3,0.1,2.8,1.5,0.6,0.2,6.1,6.644,A
12.8,0.1,3.4,1.3,0.5,0.2,6.1,6.928,B
12.9,0,4.5,1.9,0.5,0.4,5.9,7.136,B
12.8,0,3.8,1.4,0.6,0.8,6.4,6.988,B
13.8,0,4.9,1.2,0.1,0.9,5.1,7.552,C
12.9,0.1,4.5,1.2,0.6,0.3,6.1,7.088,B
12.5,0,4.7,0.3,0.5,0.5,6.1,6.8,A
12.7,0.2,2.7,1.6,0.2,0.6,5.9,6.856,B
12.7,0.1,2.8,1.2,0.6,0.4,6.4,6.822,B
13.1,0.2,3.3,1.8,0.9,0.7,6.1,7.182,B
13,0.2,3.9,1.8,0.5,0.8,6.1,7.172,B
12.5,0.2,3.5,1.6,0.4,0.4,5.8,6.84,B
11.6,0.2,4.3,1.3,0.5,0.6,5.8,6.454,A
11.7,0.2,4.1,1.4,0.8,0.5,6.1,6.508,A
12.5,0,4.2,1.5,0.2,0.9,5.8,6.868,B
12.5,0,2.8,1.2,0.6,0.5,5.4,6.706,A
12.5,0,3.2,1.3,0.2,0.4,3.1,6.728,A
12.7,0,4.5,1.1,0.2,0.8,3.1,6.954,B
12.3,0,3.4,1.1,0.4,0.3,5.5,6.636,A
12.5,0,3.9,1.6,0.8,0.5,5.1,6.868,B
12.8,0.1,3.5,1.5,0.9,0.6,6.1,6.998,B
13,0.2,4.5,1.4,0.3,0.9,6.1,7.184,B
10.8,0.2,3.5,1.8,0.5,0.6,5.9,6.024,A
11.3,0,3.2,1.9,0.6,0.5,6.4,6.216,A
10.8,0,3.2,1.5,0.4,0.5,6.1,5.914,A
12.2,0,3.2,1.2,0.5,0.6,5.8,6.594,A
12.8,0,4.9,1.6,0.5,0.1,5.8,7.084,B
12.2,0.1,3.5,1.6,0.6,0.6,4.5,6.69,A
12.5,0.1,3.9,1.2,0.1,0.5,5.4,6.806,A
12.2,0,3.6,1.3,0.6,0.2,4.9,6.634,A
12.3,0,3.3,1.4,0.5,0.6,4.1,6.674,A
12.2,0,3.2,1.5,0.2,0.9,5.6,6.618,A
11.8,0.1,3.5,1.2,0.6,0.5,5.1,6.446,A
11.8,0,3.1,1.2,0.9,0.4,5.6,6.4,A
11.6,0.2,2.8,1.6,0.5,0.5,6.1,6.33,A
12.8,0,3.6,1.4,0.4,0.8,6.1,6.956,B
11.6,0,3.5,1.5,0.5,0.2,5.9,6.338,A
13.8,0,3.6,1.3,0.8,0.6,6.4,7.462,B
13.1,0,3.2,1.4,0.2,0.2,5.1,7.03,B
13.9,0,3.1,1.2,0.6,0.2,6.1,7.424,B
13.4,0,4.3,1.6,0.2,0.4,6.1,7.318,B
13.3,0.1,2.8,1.6,0.2,0.8,5.9,7.154,B
13.3,0.1,3.6,1.3,0.4,0.9,6.4,7.22,B
13.1,0,2.5,1.2,0.8,0.3,6.1,6.98,B
13.8,0,1.9,1.4,0.9,0.5,6.1,7.304,B
13.9,0,2.5,1.2,0.3,0.6,5.8,7.362,B
12.9,0.1,3.2,1.5,0.5,0.4,5.8,6.986,B
13.4,0,3.5,1.9,0.6,0.7,6.1,7.304,B
12.7,0.2,4.2,1.4,0.4,0.6,5.8,6.998,B
12.8,0,3.2,1.5,0.7,0.3,5.4,6.924,B
13.5,0,2.8,1.2,0.6,0.5,3.1,7.206,B
13.8,0,4.5,1.5,0.3,0.2,3.1,7.526,C
12.7,0,4.2,3.7,0.5,0.8,5.5,7.202,B
13.1,0.1,3.8,4.3,0.2,0.3,5.1,7.404,B
12.6,0,4.5,4.2,0.8,0.6,6.1,7.242,B
12.4,0,4.3,3.9,0.3,0.4,6.1,7.054,B
13.2,0,4.2,4.3,0.6,0.4,5.9,7.502,C
13.2,0.1,4.5,4.9,0.4,0.9,6.4,7.62,C
13.1,0,4.9,4.9,0.4,0.3,6.1,7.566,C
13.7,0.2,4.3,3.3,0.9,0.6,5.8,7.728,C
13.2,0,4.9,3.1,0.3,0.8,5.8,7.45,B
13.2,0,4.9,4.9,0.6,0.9,4.5,7.652,C
13.2,0.1,3.3,2.8,0.8,0.5,5.4,7.298,B
13.4,0.1,3.1,3.4,0.9,0.9,4.9,7.46,B
13.3,0,4.9,4.5,0.5,0.9,4.1,7.656,C
13.2,0.2,2.8,3.8,0.9,0.5,4.1,7.374,B
13.5,0,3.4,4.9,0.9,0.4,4.9,7.65,C
13.4,0.1,4.5,4.5,0.5,0.4,3.7,7.666,C
13.3,0,3.8,4.7,0.4,0.6,3.9,7.548,C
13.3,0.1,4.9,2.7,0.4,0.5,3.5,7.474,C
13.1,0.2,4.5,2.8,0.6,0.9,3.5,7.392,B
13.2,0.1,4.7,3.3,0.5,0.5,3.7,7.47,B
12.2,0,2.7,3.9,0.9,0.4,3.5,6.83,B
13.9,0.2,2.8,3.5,0.5,0.8,3.6,7.682,C
12.5,0,3.3,4.3,0.4,0.3,3.7,7.046,B
13.8,0,3.9,4.1,0.8,0.5,2.1,7.768,C
13.9,0.1,3.5,1.3,0.3,0.6,2.1,7.492,C
13.9,0.1,4.3,1.4,0.5,0.9,6.1,7.606,C
12.4,0,4.1,1.2,0.6,0.6,6.1,6.79,A
13.6,0,4.2,1.9,0.9,0.5,5.9,7.484,C
13.9,0,2.8,0.9,0.6,0.5,6.4,7.376,B
13.9,0.1,3.2,1.6,0.5,0.6,5.1,7.504,C
12.5,0,4.5,1.7,0.5,0.1,6.1,6.904,B
11.9,0,3.4,1.9,0.6,0.6,6.1,6.54,A
13.6,0.1,3.9,1.8,0.1,0.5,5.9,7.416,B
13.6,0.1,3.5,1.9,0.6,0.2,6.4,7.404,B
12.9,0,4.5,1.8,0.5,0.6,6.1,7.134,B
13.5,0,3.5,1.9,0.2,0.9,5.8,7.338,B
13.9,0,3.2,1.6,0.6,0.5,5.6,7.486,C
13.6,0.1,3.2,1.9,0.9,0.4,5.1,7.4,B
13.2,0,3.2,2,0.5,0.5,6.1,7.17,B
13.5,0.2,4.9,0.4,0.4,0.8,6.1,7.376,B
13.5,0,3.5,0.9,0.5,0.2,5.9,7.228,B
13.1,0,3.9,1.6,0.8,0.6,6.4,7.172,B
13.9,0,3.6,1.6,0.2,0.2,6.1,7.49,C
12.9,0,3.3,1.4,0.6,0.2,5.8,6.964,B
13.8,0,3.2,1.5,0.2,0.4,5.8,7.398,B
12.9,0,3.5,1.9,0.2,0.8,4.5,7.034,B
13.8,0,3.1,1.8,0.4,0.9,5.4,7.45,B
13.1,0,2.8,1.8,0.8,0.3,4.9,7.07,B
13.9,0,4.9,1.6,0.9,0.5,4.1,7.674,C
12.9,0,4.9,1.9,0.3,0.6,4.1,7.172,B
13.9,0.1,3.3,1.6,0.5,0.4,4.9,7.506,C
12.9,0.2,3.1,1.6,0.6,0.7,3.7,7.024,B
13.8,0.2,4.9,1.3,0.4,0.8,5.3,7.616,C
12.7,0.2,2.8,1.2,0.7,0.4,4.2,6.848,B
13.8,0.2,3.4,1.6,0.8,0.6,6.4,7.512,C
12.8,0.2,4.5,1.2,0.4,0.5,6.1,7.054,B
13.8,0,3.8,1.3,0.6,0.9,6.2,7.482,C
13.1,0,4.9,1.5,0.5,0.5,6.2,7.24,B
13.8,0,4.5,1.4,0.9,0.6,6.1,7.568,C
12.8,0,4.7,1.5,0.5,0.5,5.4,7.07,B
13.4,0,2.7,1.9,0.4,0.2,5.4,7.192,B
13.1,0,2.8,1.6,0.8,0.6,5.9,7.062,B
12.9,0.01,3.3,1.6,0.3,0.9,6.4,6.996,B
13.4,0.2,3.9,1.6,0.5,0.5,6.1,7.34,B
12.6,0.2,3.5,1.2,0.6,0.4,6.2,6.862,B
12.6,0,4.3,1.3,0.9,0.5,6.2,6.934,B
12.9,0,4.1,1.2,0.6,0.8,6.1,7.048,B
13.6,0,4.2,1.5,0.5,0.2,5.4,7.408,B
13.9,0,2.8,0.5,0.5,0.6,5.4,7.334,B
13.4,0,3.2,0.9,0.6,0.2,5.9,7.154,B
13.3,0.2,4.5,1.2,0.1,0.2,6.1,7.274,B
13.3,0.1,3.4,1.6,0.6,0.4,6.2,7.222,B
13.1,0.1,3.9,1.3,0.5,0.8,6.1,7.152,B
13.8,0.1,3.5,1.4,0.2,0.9,5.6,7.458,B
11.3,0.2,4.5,1.5,0.6,0.3,5.1,6.338,A
10.8,0,3.5,1.2,0.9,0.5,5.6,5.944,A
12.2,0,3.2,1.3,0.5,0.6,6.1,6.604,A
12.8,0.1,3.2,1.1,0.4,0.4,6.1,6.89,B
12.2,0.2,3.2,1.1,0.5,0.5,5.9,6.62,A
12.5,0,4.9,1.6,0.8,0.5,6.4,6.968,B
12.2,0,3.5,1.5,0.2,0.6,5.1,6.636,A
12.3,0,3.9,1.4,0.6,0.1,6.1,6.72,A
12.2,0.1,3.6,1.8,0.2,0.6,6.1,6.696,A
11.8,0,3.3,1.9,0.2,0.5,5.9,6.452,A
11.8,0,3.2,1.5,0.4,0.2,6.4,6.402,A
11.6,0.1,3.5,1.2,0.8,0.6,6.1,6.362,A
12.8,0,3.1,1.6,0.9,0.9,6.1,6.96,B
11.6,0,2.8,1.6,0.3,0.5,5.8,6.278,A
13.8,0.1,3.6,1.2,0.5,0.4,5.8,7.446,B
13.1,0.1,3.5,1.3,0.6,0.5,6.1,7.106,B
13.9,0.1,3.6,1.4,0.4,0.8,5.8,7.526,C
13.4,0.1,3.2,1.5,0.5,0.2,5.4,7.228,B
13.3,0.2,3.1,1.2,0.4,0.6,3.1,7.168,B
13.3,0,4.3,1.2,0.8,0.2,3.1,7.256,B
13.1,0.2,2.8,1.6,0.3,0.2,5.5,7.056,B
13.8,0.1,3.6,1.4,0.5,0.4,5.1,7.466,B
13.9,0.2,2.5,1.5,0.6,0.8,6.1,7.458,B
12.9,0.1,1.9,1.3,0.9,0.9,6.1,6.88,B
13.4,0,2.5,1.4,0.6,0.3,5.9,7.138,B
12.7,0,3.2,1.2,0.5,0.5,6.4,6.84,B
12.8,0.1,3.5,2.8,0.5,0.6,6.1,7.104,B
13.5,0,4.2,2.4,0.6,0.4,5.8,7.462,B
13.8,0,3.2,1.3,0.1,0.7,5.8,7.384,B
12.7,0.1,2.8,1.5,0.6,0.6,4.5,6.86,B
13.1,0.1,4.5,3.6,0.5,0.3,5.4,7.422,B
12.6,0.1,4.2,4.5,0.2,0.5,4.9,7.222,B
12.4,0.1,3.8,4.6,0.6,0.2,4.1,7.104,B
13.2,0.2,4.5,4.8,0.9,0.8,4.1,7.656,C
13.2,0,4.3,4.1,0.5,0.3,4.9,7.482,C
13.1,0.2,4.2,4.2,0.4,0.6,3.7,7.478,C
13.7,0.2,4.5,4.1,0.5,0.4,5.3,7.796,C
13.2,0.1,4.9,1.5,0.8,0.4,4.2,7.324,B
13.2,0,4.2,2.2,0.2,0.9,6.4,7.288,B
13.2,0.1,4.3,1.6,0.6,0.3,6.1,7.258,B
13.4,0,4.9,1.7,0.2,0.6,6.2,7.396,B
13.3,0,3.6,1.6,0.2,0.8,6.2,7.214,B
13.2,0,3.2,3.4,0.4,0.9,6.1,7.32,B
13.5,0,3.1,1.8,0.8,0.5,5.4,7.308,B
13.4,0,4.3,1.5,0.9,0.9,5.4,7.37,B
13.3,0.1,2.8,1.3,0.3,0.9,5.9,7.134,B
13.4,0.1,3.6,1.9,0.5,0.5,6.4,7.32,B
13.1,0,2.5,1.4,0.6,0.4,6.1,6.992,B
13.2,0,1.9,1.2,0.4,0.4,6.2,6.95,B
12.2,0,2.5,1.4,0.7,0.6,6.2,6.556,A
13.9,0.1,3.2,1.5,0.8,0.5,6.1,7.508,C
12.5,0,3.5,1.2,0.4,0.9,5.4,6.78,A
13.8,0.2,4.2,1.1,0.6,0.5,5.4,7.526,C
13.9,0.1,3.2,1,0.5,0.4,5.9,7.436,B
13.9,0,2.8,1.3,0.9,0.8,6.1,7.446,B
12.4,0,4.5,1.2,0.5,0.3,6.2,6.812,A
13.6,0.1,4.2,1.3,0.4,0.5,6.1,7.414,B
13.9,0,3.8,0.9,0.8,0.6,5.6,7.492,C
13.9,0,4.5,0.4,0.3,0.9,5.1,7.494,C
12.5,0.1,4.3,1.9,0.5,0.6,5.6,6.944,B
11.9,0.1,4.2,0.5,0.6,0.5,6.1,6.496,A
13.6,0.1,4.5,1.9,0.9,0.5,6.1,7.534,C
13.6,0.1,4.9,1.3,0.6,0.6,5.9,7.5,C
12.9,0.2,4.2,1.5,0.5,0.1,6.4,7.094,B
13.5,0,4.3,1.4,0.5,0.6,5.1,7.374,B
13.9,0.2,4.9,1.6,0.6,0.5,6.1,7.696,C
13.6,0.1,5.4,1.5,0.1,0.2,6.1,7.524,C
13.2,0.2,4.2,0.7,0.6,0.6,5.9,7.19,B
13.5,0.1,4.9,1.2,0.5,0.9,6.4,7.446,B
13.5,0,4.5,1.6,0.2,0.5,6.1,7.392,B
13.1,0,4.6,1.3,0.6,0.4,6.1,7.192,B
13.9,0.1,4.4,0.8,0.9,0.5,5.8,7.564,C
12.9,0,4.1,0.9,0.5,0.8,5.8,7.012,B
13.8,0,4.2,0.3,0.4,0.2,6.1,7.382,B
12.9,0.1,4.9,1.5,0.5,0.6,5.8,7.164,B
13.8,0,4.5,1.6,0.8,0.2,5.4,7.566,C
13.1,0,4.6,1.4,0.2,0.2,3.1,7.17,B
13.9,0.1,4.4,1.3,0.6,0.4,3.1,7.592,C
12.9,0.1,4.3,1.8,0.2,0.8,6.1,7.124,B
13.9,0.1,3.9,1,0.2,0.9,5.8,7.508,C
12.9,0.1,3.7,0.9,0.4,0.3,5.8,6.966,B
13.8,0.2,4.3,0.4,0.8,0.5,4.5,7.478,C
12.7,0,4.2,0.3,0.9,0.6,5.4,6.878,B
13.8,0.2,3.9,0.9,0.3,0.4,4.9,7.454,B
12.8,0.1,4.3,0.4,0.5,0.7,4.1,6.948,B
13.8,0.2,4.9,1.6,0.6,0.8,4.1,7.658,C
13.1,0.1,4.9,1.6,0.4,0.4,4.9,7.26,B
13.8,0,3.3,1.4,0.7,0.6,3.7,7.436,B
12.8,0,3.1,1.5,0.6,0.5,5.3,6.916,B
13.4,0.1,4.9,1.6,0.3,0.9,4.2,7.424,B
13.1,0,2.8,0.8,0.5,0.5,6.4,6.96,B
12.9,0,3.4,1.2,0.2,0.4,6.1,6.938,B
13.4,0.1,4.5,1.8,0.8,0.8,6.2,7.43,B
12.6,0,3.8,1.5,0.3,0.3,6.2,6.86,B
12.6,0,4.9,1.3,0.6,0.5,6.1,6.976,B
12.9,0.1,4.5,1.5,0.4,0.6,5.4,7.118,B
13.6,0.1,4.7,1.6,0.4,0.9,5.4,7.51,C
13.9,0.1,2.7,1.4,0.9,0.6,5.9,7.458,B
13.4,0.1,2.8,1.1,0.3,0.5,6.4,7.148,B
13.3,0.2,3.3,1.6,0.6,0.5,6.1,7.236,B
13.3,0,3.9,1.6,0.8,0.6,6.2,7.272,B
13.1,0.2,3.5,1.5,0.9,0.1,6.2,7.148,B
13.8,0.1,4.3,1.9,0.5,0.6,6.1,7.594,C
12.5,0.2,4.1,1.5,0.9,0.5,5.4,6.924,B
12.5,0.1,4.2,1.3,0.9,0.2,5.4,6.882,B
12.6,0,2.8,1.4,0.5,0.6,5.9,6.774,A
12.7,0.1,3.2,1.7,0.4,0.9,6.1,6.92,B
12.6,0,4.5,1.6,0.4,0.5,6.2,6.954,B
12.5,0,3.4,1.6,0.6,0.4,6.1,6.802,A
12.9,0.1,3.9,1.9,0.5,0.5,5.6,7.1,B
12.6,0,3.5,1.5,0.9,0.8,5.1,6.886,B
12.8,0,4.5,1.3,0.5,0.2,5.6,7.018,B
12.3,0.1,3.5,1.9,0.4,0.6,6.1,6.758,A
12.3,0.1,3.2,1.4,0.8,0.2,6.1,6.686,A
12.5,0.1,3.2,1.2,0.3,0.2,5.9,6.736,A
12.4,0.1,3.2,1.6,0.5,0.4,6.4,6.746,A
12.8,0.2,4.9,1.2,0.6,0.8,5.1,7.118,B
13.1,0,3.5,0.4,0.9,0.9,6.1,7.03,B
12.9,0.2,3.9,1.2,0.6,0.3,6.1,7.048,B
12.6,0.1,3.6,0.3,0.5,0.5,5.9,6.76,A
12.8,0.2,3.3,1.6,0.5,0.6,6.4,6.984,B
13.2,0.1,3.2,1.2,0.6,0.4,6.1,7.112,B
12.8,0.1,3.5,1.8,0.1,0.5,6.1,6.976,B
13.8,0,3.1,1.8,0.6,0.4,5.8,7.442,B
13.2,0.2,2.8,1.6,0.5,0.8,5.8,7.142,B
13.9,0,3.6,1.3,0.2,0.3,6.1,7.464,B
12.9,0,3.5,1.4,0.6,0.5,5.8,6.996,B
12.9,0.1,3.6,1.5,0.9,0.6,5.4,7.058,B
12.5,0,3.2,1.2,0.5,0.9,3.1,6.756,A
14,0,3.1,1.3,0.4,0.6,3.1,7.488,C
13.9,0.1,4.3,1.1,0.5,0.5,5.5,7.56,C
12.7,0,2.8,1.1,0.8,0.5,5.1,6.808,A
12.6,0,3.6,1.6,0.2,0.6,6.1,6.856,B
12.8,0.1,2.5,1.5,0.6,0.1,6.1,6.86,B
12.7,0.1,1.9,1.4,0.2,0.6,5.9,6.736,A
12.8,0.1,2.5,1.8,0.2,0.5,6.4,6.882,B
13.1,0.1,3.2,1.9,0.4,0.2,6.1,7.112,B
13.2,0.2,3.5,1.5,0.8,0.6,5.8,7.212,B
13,0,4.2,1.2,0.9,0.9,5.8,7.13,B
13,0.2,3.2,1.6,0.3,0.5,4.5,7.058,B
12.3,0.1,2.8,1.6,0.5,0.4,5.4,6.656,A
12.5,0.2,4.5,1.2,0.6,0.5,4.9,6.916,B
12.55,0.1,4.2,1.3,0.4,0.8,4.1,6.901,B
11.6,0,3.8,1.4,0.7,0.2,4.1,6.37,A
12.5,0,4.5,1.5,0.8,0.6,4.9,6.922,B
12.6,0,4.3,1.2,0.4,0.2,3.7,6.882,B
11.7,0,4.2,1.2,0.6,0.2,3.9,6.434,A
12.1,0.01,4.5,1.6,0.5,0.4,3.5,6.708,A
12.5,0.2,4.9,1.4,0.9,0.8,3.5,7.006,B
12.6,0.2,4.1,1.5,0.5,0.9,3.7,6.966,B
12.5,0,4.2,1.3,0.4,0.3,3.5,6.836,B
11.3,0,4.9,1.4,0.8,0.5,3.6,6.348,A
12.2,0,4.5,1.2,0.3,0.6,3.7,6.712,A
12.5,0,4.6,1.6,0.5,0.4,2.1,6.916,B
12.8,0,4.4,1.6,0.6,0.7,2.1,7.064,B
12.9,0,4.3,1.3,0.9,0.8,2.5,7.096,B
12.5,0.1,3.9,1.2,0.6,0.4,2.5,6.832,B
12.5,0,3.7,1.4,0.5,0.6,2.5,6.814,A
12.7,0,4.3,1.2,0.5,0.5,2.5,6.95,B
12.3,0.1,4.2,1.5,0.6,0.9,2.1,6.812,A
12.8,0,3.9,1.9,0.1,0.5,2.9,7.006,B
12.7,0,4.3,1.4,0.6,0.4,3.1,6.972,B
12.5,0.1,4.9,1.5,0.5,0.8,2.7,6.972,B
12.6,0.1,4.9,1.2,0.2,0.3,2.5,6.954,B
12.3,0.1,3.6,1.5,0.6,0.5,2.5,6.736,A
12.8,0.1,2.5,1.4,0.9,0.6,2.9,6.888,B
12.5,0.2,1.9,1.5,0.5,0.9,2.6,6.696,A
12.7,0,2.5,1.6,0.4,0.6,2.9,6.808,A
13,0.2,3.2,1.2,0.5,0.5,2.9,7.03,B
12.8,0.1,3.5,1.3,0.8,0.5,2.5,6.968,B
10.8,0.2,4.2,1.2,0.2,0.6,2.3,6.016,A
12.4,0.1,3.2,1.8,0.6,0.1,3.1,6.76,A
12.5,0,2.8,1.2,0.2,0.6,2.7,6.686,A
11.3,0,4.5,1.7,0.2,0.5,3.5,6.302,A
11.5,0,4.2,1.9,0.5,0.2,3.9,6.398,A
10.8,0,3.8,2.5,0.6,0.6,2.1,6.09,A
10.9,0,4.5,3.2,0.4,0.9,2.3,6.28,A
11.2,0,4.3,3.2,0.5,0.5,3.5,6.4,A
12.2,0.2,4.2,3.9,0.4,0.4,2.1,6.99,B
12,0,4.5,3.2,0.8,0.5,1.9,6.838,B
11.7,0,4.9,2.8,0.3,0.8,3,6.67,A
12.8,0,4.2,4.5,0.5,0.2,2.8,7.308,B
12.1,0.1,4.3,4.2,0.6,0.6,2.5,6.98,B
12.2,0.2,4.9,3.8,0.9,0.2,3.6,7.072,B
11.9,0.2,3.6,4.5,0.6,0.2,3.8,6.844,B
11.8,0.2,3.2,1.8,0.5,0.4,3.7,6.486,A
12.5,0.2,3.1,1.2,0.5,0.8,3.5,6.782,A
12.7,0.2,4.3,1.7,0.6,0.9,3.7,7.062,B
12.2,0,2.8,1.9,0.1,0.3,3.5,6.588,A
11.1,0,3.6,2.5,0.6,0.5,3.4,6.216,A
11.9,0,2.5,1.5,0.5,0.6,3.3,6.404,A
12,0,1.9,1.4,0.2,0.4,3.4,6.358,A
12.1,0,2.5,1.6,0.6,0.7,3.2,6.524,A
11.1,0,3.2,1.5,0.9,0.6,3.4,6.098,A
12.2,0.01,3.5,4.5,0.5,0.3,2.9,6.944,B
12.8,0.2,4.2,4.2,0.4,0.5,3.9,7.324,B
11.8,0.2,3.2,3.8,0.5,0.2,2.7,6.678,A
12.6,0,2.8,1.3,0.8,0.8,3.7,6.79,A
11.8,0,4.5,0.8,0.2,0.3,3.2,6.454,A
11.7,0,4.2,0.9,0.6,0.6,3.9,6.42,A
11.5,0,3.8,0.3,0.2,0.4,4.1,6.188,A
11.6,0,4.5,1.5,0.2,0.4,4.5,6.428,A
12.5,0,4.3,1.6,0.4,0.9,5.6,6.9,B
12.9,0,4.2,1.4,0.8,0.3,6.4,7.07,B
12.8,0,4.5,1.3,0.9,0.6,6.1,7.058,B
12.2,0.2,4.9,1.8,0.3,0.8,6.2,6.86,B
12.8,0.1,4.2,1.6,0.5,0.9,6.2,7.066,B
11.6,0.2,4.3,0.9,0.6,0.5,6.1,6.416,A
12.5,0.1,4.9,0.4,0.4,0.9,5.4,6.86,B
12.1,0,5.4,0.3,0.7,0.9,5.4,6.698,A
13.8,0,4.2,0.9,0.8,0.5,5.9,7.478,C
13.9,0,4.9,0.4,0.4,0.4,6.1,7.52,C
13.1,0,4.5,1.6,0.6,0.4,6.2,7.212,B
13.9,0.1,4.6,1.6,0.5,0.6,6.1,7.644,C
13.5,0.1,4.4,1.4,0.9,0.5,5.6,7.424,B
13.9,0.2,4.1,1.5,0.5,0.9,5.1,7.616,C
13,0,4.2,1.6,0.4,0.5,5.6,7.124,B
13.9,0.1,4.9,0.8,0.8,0.4,6.1,7.604,C
13.3,0,4.5,1.2,0.3,0.8,6.1,7.27,B
13.9,0,4.6,1.9,0.5,0.3,5.9,7.642,C
13.3,0,4.4,0.5,0.6,0.5,6.4,7.196,B
13.5,0,4.3,1.9,0.9,0.6,5.1,7.448,B
13.1,0.2,3.9,1.3,0.6,0.9,6.1,7.182,B
13.9,0.1,3.7,1.5,0.5,0.6,6.1,7.544,C
13,0.1,4.3,1.4,0.5,0.5,5.9,7.14,B
13.8,0.1,4.2,1.6,0.6,0.5,6.4,7.556,C
13.4,0,3.9,1.5,0.1,0.6,6.1,7.27,B
13.8,0.1,4.3,0.7,0.6,0.1,6.1,7.46,B
13,0,4.9,1.2,0.5,0.6,5.8,7.164,B
13.9,0.1,4.9,1.6,0.2,0.5,5.8,7.652,C
12.9,0.1,3.3,1.3,0.6,0.2,6.1,6.974,B
13.9,0.2,3.1,0.8,0.9,0.6,5.8,7.458,B
12.7,0.2,4.9,0.9,0.5,0.9,5.4,7.036,B
13.8,0.1,2.8,0.3,0.4,0.5,5.4,7.274,B
12.7,0.2,3.4,1.5,0.5,0.4,5.9,6.926,B
13.8,0.2,4.5,1.6,0.8,0.5,6.1,7.618,C
12.8,0.2,3.8,1.4,0.2,0.8,6.2,7.004,B
13.8,0,4.9,1.3,0.6,0.2,6.1,7.564,C
13,0.1,4.5,1.8,0.2,0.6,5.6,7.186,B
13.8,0.2,4.7,1.1,0.2,0.2,5.1,7.54,C
12,0.1,2.7,0.9,0.4,0.2,5.6,6.412,A
13,0,2.8,0.4,0.8,0.4,6.1,6.884,B
13.1,0,4.2,0.3,0.9,0.8,6.1,7.086,B
12.9,0.1,3.8,0.9,0.3,0.9,5.9,6.994,B
13,0.1,4.5,0.4,0.5,0.3,6.4,7.052,B
12.6,0.1,4.3,1.6,0.6,0.5,5.1,6.966,B
13.1,0.1,4.2,1.6,0.4,0.6,6.1,7.198,B
12.5,0.1,4.5,1.4,0.7,0.4,6.1,6.918,B
12.4,0.1,4.9,1.5,0.6,0.7,5.9,6.924,B
11.5,0,4.2,1.6,0.3,0.8,6.4,6.38,A
13.2,0.1,4.3,0.8,0.5,0.4,6.1,7.176,B
13.3,0.1,4.9,1.2,0.2,0.6,6.1,7.316,B
13.2,0.1,5.4,1.8,0.8,0.5,5.8,7.408,B
13.4,0.1,4.2,1.5,0.3,0.9,5.8,7.344,B
13.8,0.1,4.9,1.3,0.6,0.5,6.1,7.596,C
13.1,0.1,4.5,1.5,0.4,0.3,5.8,7.206,B
13.7,0.1,4.6,1.6,0.4,0.6,5.4,7.538,C
13.7,0.1,4.4,1.4,0.9,0.5,3.1,7.524,C
12.8,0.1,4.1,1.1,0.3,0.3,3.1,6.97,B
13.2,0.1,4.2,1.6,0.6,0.6,5.5,7.26,B
13.6,0.2,4.9,1.6,0.8,0.2,4.1,7.546,C
13.2,0.1,4.5,1.5,0.9,0.5,4.1,7.294,B
13.5,0.2,4.6,1.9,0.5,0.9,4.9,7.506,C
13.2,0.1,4.4,1.5,0.9,0.5,3.7,7.284,B
13.4,0.1,4.3,1.3,0.9,0.4,5.3,7.35,B
13.3,0,3.9,1.4,0.5,0.8,4.2,7.242,B
13.3,0,3.7,4.2,0.4,0.3,6.4,7.476,C
13.1,0,4.3,1.6,0.4,0.5,6.1,7.184,B
13.2,0,4.2,1.6,0.6,0.6,6.2,7.24,B
13.3,0.1,3.9,1.9,0.5,0.9,6.2,7.316,B
13.5,0.1,4.1,1.5,0.9,0.6,6.1,7.408,B
13.2,0.1,4.1,1.3,0.5,0.5,5.4,7.21,B
13.4,0.1,4.1,1.9,0.4,0.5,5.4,7.364,B
13.6,0,4.1,1.4,0.8,0.6,5.9,7.422,B
13.3,0.1,4.2,1.2,0.3,0.1,6.4,7.232,B
13.3,0.1,4.9,4.8,0.5,0.6,6.1,7.694,C
13.2,0.1,4.5,1.2,0.6,0.5,6.2,7.246,B
13.3,0.2,4.6,1.2,0.9,0.2,6.2,7.332,B
13.1,0.1,4.4,1.2,0.6,0.6,6.1,7.19,B
13.3,0.1,4.3,0.3,0.5,0.9,5.4,7.196,B
13.3,0.1,3.9,1.6,0.5,0.5,5.4,7.27,B
13.1,0.1,3.7,1.2,0.6,0.4,5.9,7.112,B
13.2,0.2,4.3,1.8,0.1,0.5,6.1,7.276,B
13.3,0.1,4.2,3.1,0.6,0.8,6.2,7.468,B
12.2,0,3.9,1.6,0.5,0.2,6.1,6.688,A
12.7,0,4.3,1.3,0.2,0.6,5.6,6.946,B
13.4,0,4.9,1.4,0.6,0.2,5.1,7.374,B
13.9,0,4.9,1.5,0.9,0.2,5.6,7.652,C
11.4,0,3.3,1.2,0.5,0.4,6.1,6.196,A
12.5,0.1,3.1,1.3,0.4,0.8,6.1,6.766,A
13.8,0.1,4.9,1.1,0.5,0.9,5.9,7.586,C
13.6,0,2.8,1.1,0.8,0.3,6.4,7.25,B
13.5,0,3.4,1.6,0.2,0.5,5.1,7.282,B
13.9,0,4.5,1.5,0.6,0.6,6.1,7.61,C
14,0.1,3.8,1.4,0.2,0.4,6.1,7.568,C
12.5,0,4.9,1.8,0.2,0.5,5.9,6.952,B
12.8,0.2,4.5,3.2,0.4,0.4,6.4,7.25,B
12.4,0.1,4.7,1.5,0.8,0.8,6.1,6.92,B
13.8,0.1,2.7,1.2,0.9,0.3,6.1,7.376,B
14,0.1,2.8,1.6,0.3,0.5,5.8,7.498,C
12.8,0.1,3.3,1.6,0.5,0.6,5.8,6.964,B
14,0.1,3.9,1.2,0.6,0.9,6.1,7.602,C
13.5,0.1,3.5,1.3,0.4,0.6,5.8,7.298,B
13.9,0,4.3,1.4,0.7,0.5,5.4,7.582,C
14,0,4.1,1.5,0.8,0.9,3.1,7.644,C
12.5,0,4.2,1.2,0.4,0.5,3.1,6.834,B
12.7,0,2.8,1.2,0.6,0.4,5.5,6.802,A
11.9,0.1,3.2,1.6,0.5,0.8,5.1,6.512,A
12.4,0.2,4.5,1.4,0.9,0.3,6.1,6.896,B
11.8,0.2,3.4,1.5,0.5,0.5,6.1,6.48,A
12.5,0.2,3.9,1.3,0.4,0.6,5.9,6.858,B
13.6,0.2,3.5,1.4,0.8,0.9,6.4,7.414,B
13.2,0.2,4.5,1.2,0.3,0.6,6.1,7.252,B
13.6,0,3.5,4.9,0.5,0.5,5.8,7.69,C
14,0,3.2,1.6,0.6,0.5,5.8,7.536,C
12.9,0,3.2,1.3,0.9,0.6,4.5,6.978,B
13.2,0,3.2,1.2,0.6,0.1,5.4,7.08,B
12.9,0,4.9,1.4,0.5,0.6,4.9,7.134,B
13.5,0,3.5,1.2,0.5,0.5,4.1,7.27,B
12.5,0.01,3.9,1.5,0.6,0.2,4.1,6.836,B
13.8,0.2,3.6,1.9,0.1,0.6,4.9,7.52,C
13.9,0.2,3.3,1.4,0.6,0.9,3.7,7.532,C
12.5,0,3.2,1.5,0.5,0.5,5.3,6.77,A
12.4,0,3.5,1.2,0.2,0.4,4.2,6.698,A
13.6,0,3.1,1.5,0.6,0.5,6.4,7.316,B
13.5,0,2.8,1.4,0.9,0.8,6.1,7.256,B
13.2,0.1,3.6,1.5,0.5,0.2,6.2,7.168,B
13.5,0.1,3.5,2.2,0.4,0.6,6.2,7.388,B
12.5,0.1,3.6,1.2,0.5,0.2,6.1,6.788,A
12.4,0.1,3.2,1.3,0.8,0.2,5.4,6.726,A
13.6,0.1,3.1,1.2,0.2,0.4,5.4,7.278,B
13.1,0.1,4.3,1.8,0.6,0.8,5.9,7.248,B
13.1,0,2.8,1.2,0.2,0.9,6.4,6.998,B
12.6,0,3.6,1.7,0.2,0.3,6.1,6.854,B
12.3,0,2.5,1.9,0.4,0.5,6.2,6.634,A
12.3,0,1.9,1.2,0.8,0.6,6.2,6.532,A
12.7,0,2.5,1.4,0.9,0.4,6.1,6.81,A
12.4,0.1,3.2,1.5,0.3,0.5,5.4,6.728,A
12.5,0.1,3.5,1.2,0.5,0.4,5.4,6.786,A
12.9,0.1,4.2,0.9,0.6,0.8,5.9,7.048,B
12.3,0.1,3.2,0.6,0.4,0.3,6.1,6.586,A
14.2,0.1,2.8,3.6,0.5,0.5,6.2,7.81,C
12.9,0.1,4.5,1.2,0.5,0.6,6.1,7.094,B
12.2,0,4.2,1.3,0.6,0.9,5.6,6.722,A
13.1,0,3.8,1.6,0.1,0.6,5.1,7.12,B
12.5,0,4.5,1.2,0.6,0.5,5.6,6.876,B
12.9,0,4.3,1.8,0.5,0.5,6.1,7.11,B
12.3,0,4.2,1.8,0.2,0.6,6.1,6.786,A
12.8,0,4.5,1.6,0.6,0.1,5.9,7.05,B
12.9,0,4.9,1.3,0.9,0.6,6.4,7.148,B
12.8,0,4.3,1.4,0.5,0.5,5.1,7.02,B
13.8,0,4.9,1.5,0.4,0.2,6.1,7.572,C
12.9,0.1,4.9,1.2,0.5,0.6,6.1,7.134,B
12.5,0,3.3,1.3,0.8,0.9,5.9,6.794,A
12.7,0,3.1,4,0.2,0.5,6.4,7.092,B
12.7,0,4.9,3.7,0.6,0.4,6.1,7.262,B
13.1,0,2.8,1.6,0.2,0.5,6.1,7.022,B
12.3,0,3.4,1.5,0.2,0.8,5.8,6.684,A
12.5,0,4.5,1.4,0.4,0.2,5.8,6.872,B
11.6,0,3.8,1.8,0.8,0.6,6.1,6.432,A
11.7,0,4.9,1.9,0.9,0.2,5.8,6.592,A
12.5,0.2,4.5,1.5,0.3,0.2,5.4,6.916,B
12.5,0,4.7,1.2,0.5,0.4,3.1,6.886,B
12.5,0,2.7,1.6,0.6,0.8,3.1,6.748,A
12.7,0,2.8,1.6,0.4,0.9,6.1,6.85,B
12.3,0,3.3,1.2,0.7,0.3,5.8,6.654,A
12.5,0.1,3.9,1.3,0.6,0.5,5.8,6.846,B
12.8,0.1,3.5,1.4,0.3,0.6,4.5,6.952,B
12.8,0,4.3,1.5,0.5,0.4,5.4,7.026,B
12.9,0,4.1,1.2,0.2,0.7,4.9,7.02,B
12.8,0,4.2,1.2,0.8,0.8,4.1,7.02,B
13.8,0.1,2.8,1.6,0.3,0.4,4.1,7.394,B
12.9,0,3.2,1.4,0.6,0.6,4.9,6.97,B
12.5,0.2,4.5,1.5,0.4,0.5,3.7,6.934,B
12.7,0,3.4,1.3,0.4,0.9,5.3,6.88,B
12.7,0,3.9,1.4,0.9,0.5,4.2,6.954,B
13.1,0,3.5,1.2,0.3,0.4,6.4,7.054,B
12.3,0,4.5,1.6,0.6,0.8,6.1,6.828,B
12.5,0,3.5,1.5,0.8,0.3,6.2,6.81,A
11.6,0,3.2,1.2,0.9,0.5,6.2,6.314,A
11.7,0,3.2,1.2,0.5,0.6,6.1,6.344,A
12.5,0,3.2,1.6,0.9,0.9,5.4,6.82,A
12.5,0,4.9,1.4,0.9,0.6,5.4,6.958,B
12.5,0,3.5,1.5,0.5,0.5,5.9,6.8,A
12.7,0.1,3.9,1.3,0.4,0.5,6.4,6.934,B
12.3,0.2,3.6,1.4,0.4,0.6,6.1,6.738,A
12.5,0.2,3.3,1.2,0.6,0.1,6.2,6.78,A
12.8,0.2,3.2,2.8,0.5,0.6,6.2,7.094,B
13.3,0.2,3.5,2.4,0.9,0.5,6.1,7.354,B
13.3,0.2,3.1,1.3,0.5,0.2,5.4,7.168,B
13.1,0,2.8,1.5,0.4,0.6,5.4,7.028,B
13.8,0,4.9,3.6,0.8,0.9,5.9,7.834,C
12.3,0,4.9,4.5,0.3,0.5,6.1,7.128,B
12.9,0,3.3,4.6,0.5,0.4,6.2,7.286,B
12.9,0,3.1,4.8,0.6,0.5,6.1,7.296,B
12.7,0,4.9,4.1,0.9,0.8,5.6,7.336,B
12.8,0.1,2.8,4.2,0.6,0.2,5.1,7.164,B
14,0.2,3.4,4.1,0.5,0.6,5.6,7.844,C
13.8,0.2,4.5,1.5,0.5,0.2,6.1,7.578,C
13.8,0,3.8,2.2,0.6,0.2,6.1,7.544,C
13.1,0,4.9,1.6,0.1,0.4,5.9,7.222,B
12.6,0,4.5,1.7,0.6,0.8,6.4,6.988,B
12.4,0,4.7,1.6,0.5,0.9,5.1,6.896,B
13.2,0,2.7,3.4,0.2,0.3,6.1,7.234,B
13.2,0,2.8,1.8,0.6,0.5,6.1,7.116,B
13.1,0,3.3,1.5,0.9,0.6,5.9,7.108,B
13.7,0,3.9,1.3,0.5,0.4,6.4,7.416,B
13.2,0.1,3.5,1.9,0.4,0.7,6.1,7.212,B
13.2,0.1,4.3,1.4,0.5,0.6,6.1,7.244,B
13.2,0,4.1,1.2,0.8,0.3,5.8,7.19,B
13.4,0,4.2,1.4,0.2,0.5,5.8,7.292,B
13.3,0,2.8,1.5,0.6,0.2,6.1,7.124,B
13.2,0,3.2,1.2,0.2,0.8,5.8,7.084,B
13.5,0,4.5,1.1,0.2,0.3,5.4,7.334,B
13.4,0,3.4,1,0.4,0.6,3.1,7.188,B
13.3,0,3.9,1.3,0.8,0.4,3.1,7.234,B
13.3,0,3.5,1.2,0.9,0.4,5.5,7.19,B
13.1,0,4.5,1.3,0.3,0.9,5.1,7.184,B
13.2,0,3.5,0.9,0.5,0.3,6.1,7.082,B
12.2,0.1,3.2,0.4,0.6,0.6,6.1,6.54,A
13.9,0,3.2,1.9,0.4,0.8,5.9,7.516,C
12.5,0,3.2,0.5,0.7,0.9,6.4,6.698,A
13.8,0,4.9,1.9,0.8,0.5,6.1,7.648,C
13.9,0,3.5,1.3,0.4,0.9,5.8,7.49,C
13.2,0,3.9,1.5,0.6,0.9,5.8,7.212,B
12.4,0,3.6,1.4,0.5,0.5,4.5,6.75,A
13.6,0,3.3,1.6,0.9,0.4,5.4,7.36,B
14,0.2,3.2,1.5,0.5,0.4,4.9,7.556,C
13.9,0,3.5,0.7,0.4,0.6,4.1,7.418,B
12.5,0.1,3.1,1.2,0.8,0.5,4.1,6.768,A
11.9,0.2,2.8,1.6,0.3,0.9,4.9,6.484,A
13.6,0.2,3.6,1.3,0.5,0.5,3.7,7.38,B
13.6,0.2,3.5,0.8,0.6,0.4,3.9,7.322,B
12.9,0.2,3.6,0.9,0.9,0.8,3.5,7.026,B
13.5,0.1,3.2,0.3,0.6,0.3,3.5,7.168,B
13.8,0.2,3.1,1.5,0.5,0.5,3.7,7.45,B
13.6,0.2,4.3,1.6,0.5,0.6,3.5,7.484,C
13.2,0.2,2.8,1.4,0.6,0.9,3.6,7.132,B
13.5,0.2,3.6,1.3,0.1,0.6,3.7,7.31,B
13.5,0,2.5,1.8,0.6,0.5,2.1,7.236,B
13.1,0,1.9,1,0.5,0.5,2.1,6.89,B
13.9,0,2.5,0.9,0.2,0.6,2.5,7.326,B
12.4,0.1,3.2,0.4,0.6,0.1,2.5,6.62,A
13.8,0,3.5,0.3,0.9,0.6,2.5,7.358,B
13.6,0,4.2,0.9,0.5,0.5,2.5,7.36,B
13.8,0,3.2,0.4,0.4,0.2,2.1,7.292,B
12.8,0.1,2.8,1.6,0.5,0.6,2.9,6.914,B
13.9,0,4.5,1.6,0.8,0.9,3.1,7.644,C
12.9,0,4.2,1.4,0.2,0.5,2.7,7.042,B
13.9,0.1,3.8,1.5,0.6,0.4,2.5,7.552,C
12.3,0.2,4.5,1.6,0.2,0.5,2.5,6.832,B
13.8,0,4.3,0.8,0.2,0.8,2.9,7.454,B
12.7,0,4.2,1.2,0.4,0.2,2.6,6.922,B
13.8,0,4.5,1.8,0.8,0.6,2.9,7.602,C
12.8,0,4.9,1.5,0.9,0.2,2.9,7.102,B
13.8,0.2,4.2,1.3,0.3,0.2,2.5,7.516,C
13.9,0,4.3,1.5,0.5,0.4,2.3,7.576,C
13.8,0.2,4.9,1.6,0.6,0.8,3.1,7.658,C
12.4,0.1,3.6,1.4,0.4,0.9,2.7,6.78,A
13.5,0.1,3.2,1.6,0.5,0.3,3.5,7.292,B
13.1,0,3.1,1.4,0.4,0.5,3.9,7.044,B
12.9,0.1,4.3,1.3,0.8,0.6,6.2,7.102,B
13.4,0,2.8,1.8,0.3,0.4,6.1,7.194,B
12.6,0,3.6,1.1,0.5,0.7,5.9,6.828,B
12.6,0.1,2.5,0.9,0.6,0.8,5.9,6.728,A
12,0,1.9,0.4,0.9,0.4,6.2,6.3,A
13.8,0,2.5,0.3,0.6,0.6,4.9,7.24,B
13.9,0,3.2,0.9,0.5,0.5,3.9,7.41,B
12.4,0,3.5,0.4,0.5,0.9,2.3,6.656,A
13.3,0,4.2,1.6,0.6,0.5,6.4,7.286,B
13.3,0.1,3.2,1.6,0.1,0.4,5.1,7.172,B
13.1,0.1,2.8,1.4,0.6,0.8,6.1,7.058,B
13.8,0,4.5,1.5,0.5,0.3,6.1,7.542,C
13,0,4.2,1.6,0.2,0.5,5.9,7.112,B
12.9,0,3.8,0.8,0.6,0.6,6.4,6.97,B
13,0.1,4.5,1.2,0.9,0.9,6.1,7.18,B
12.7,0,4.3,1.8,0.5,0.6,6.1,7.014,B
12.8,0.2,4.2,1.5,0.4,0.5,5.8,7.054,B
13,0,4.5,1.3,0.5,0.5,5.8,7.13,B
13.8,0,4.9,1.5,0.8,0.6,6.1,7.612,C
12,0,4.2,1.6,0.2,0.1,5.8,6.596,A
13.1,0,4.3,1.4,0.6,0.6,5.4,7.18,B
12.6,0,4.9,1.1,0.2,0.5,3.1,6.932,B
12.4,0,4.5,1.6,0.2,0.2,3.1,6.83,B
13.2,0,4.2,1.6,0.4,0.6,5.5,7.228,B
13.2,0,4.9,1.5,0.8,0.9,5.1,7.324,B
13.1,0,4.5,1.9,0.9,0.5,6.1,7.264,B
13.7,0,4.6,1.5,0.3,0.4,6.1,7.494,C
13.2,0.1,4.4,1.3,0.5,0.5,5.9,7.24,B
13.2,0.2,4.1,1.4,0.6,0.8,6.4,7.258,B
13.2,0.2,4.2,1.7,0.4,0.2,6.1,7.262,B
13.4,0.2,4.9,1.6,0.7,0.6,5.8,7.456,B
13.3,0.2,4.5,1.6,0.8,0.2,5.8,7.356,B
13.2,0.2,4.6,1.9,0.4,0.2,4.5,7.322,B
13.5,0,4.4,1.5,0.6,0.5,5.4,7.396,B
13.4,0,4.3,1.3,0.5,0.6,4.9,7.314,B
13.3,0,3.9,1.9,0.9,0.4,4.1,7.3,B
13.3,0,3.7,1.4,0.5,0.5,4.1,7.21,B
13.1,0,4.3,1.2,0.4,0.4,4.9,7.14,B
13.2,0,4.2,1.6,0.8,0.8,3.7,7.26,B
12.2,0.1,3.9,1.2,0.3,0.3,5.3,6.66,A
13.9,0.2,4.3,1.2,0.5,0.5,4.2,7.59,C
12.5,0.2,4.9,1.2,0.6,0.6,6.4,6.96,B
13.8,0,4.9,0.3,0.9,0.9,6.1,7.51,C
13.9,0,3.3,1.6,0.6,0.6,6.2,7.5,C
14,0,3.1,1.2,0.5,0.5,6.2,7.48,C
12.4,0,4.9,1.8,0.5,0.5,6.1,6.92,B
14,0,2.8,1.8,0.6,0.6,5.4,7.52,C
14,0,3.4,1.6,0.1,0.1,5.4,7.51,C
13.9,0.2,4.5,1.3,0.6,0.6,5.9,7.63,C
12.5,0,3.8,1.4,0.5,0.5,6.4,6.82,A
11.9,0,4.9,1.5,0.2,0.2,6.1,6.61,A
13.6,0,4.5,1.2,0.6,0.6,6.2,7.43,B
13.6,0,4.7,1.3,0.9,0.9,6.2,7.49,C
12.9,0.1,2.7,1.1,0.5,0.5,6.1,6.9,B
13.5,0.2,2.8,1.1,0.4,0.4,5.4,7.22,B
14,0.1,3.3,1.6,0.5,0.5,5.4,7.56,C
13.6,0,3.9,1.5,0.8,0.8,5.9,7.42,B
13.2,0,3.5,1.4,0.2,0.2,6.1,7.11,B
13.5,0,4.3,1.8,0.6,0.6,6.2,7.42,B
13.5,0,4.1,1.9,0.2,0.2,6.1,7.37,B
13.1,0,4.2,1.5,0.2,0.2,5.6,7.14,B
13.9,0,2.8,1.2,0.4,0.4,5.1,7.39,B
13,0.1,3.2,1.6,0.8,0.8,5.6,7.08,B
13.8,0,4.5,1.6,0.9,0.9,6.1,7.6,C
13,0,3.4,1.2,0.3,0.3,6.1,6.99,B
13.8,0,3.9,1.3,0.5,0.5,5.9,7.47,B
13,0,3.5,1.4,0.6,0.6,6.4,7.05,B
13.9,0,4.5,1.5,0.4,0.4,5.1,7.59,C
12.9,0,3.5,1.2,0.7,0.7,6.1,6.99,B
13.9,0.1,3.2,1.2,0.6,0.8,6.1,7.478,C
12.5,0.2,3.2,1.6,0.3,0.4,5.9,6.804,A
12.5,0,3.2,1.4,0.5,0.6,6.4,6.764,A
12.7,0.1,4.9,1.5,0.2,0.5,6.1,7.042,B
12.3,0.1,3.5,1.3,0.8,0.9,6.1,6.734,A
12.8,0.1,3.9,1.4,0.3,0.5,5.8,6.988,B
12.7,0,3.6,1.2,0.6,0.4,5.8,6.882,B
12.5,0,3.3,1.6,0.4,0.8,6.1,6.796,A
12.6,0,3.2,1.6,0.4,0.3,5.8,6.816,A
12.3,0.1,3.5,1.3,0.9,0.5,5.4,6.724,A
12.8,0.1,3.1,1.2,0.3,0.6,3.1,6.892,B
12.5,0.1,2.8,1.4,0.6,0.9,3.1,6.762,A
12.7,0,3.6,1.2,0.8,0.6,6.1,6.902,B
13,0,3.5,1.5,0.9,0.5,5.8,7.074,B
12.8,0,3.6,1.9,0.5,0.5,5.8,7,B
10.8,0.1,3.2,1.4,0.9,0.6,4.5,5.958,A
12.4,0,3.1,1.5,0.9,0.1,5.4,6.718,A
12.5,0.2,4.3,1.2,0.5,0.6,4.9,6.894,B
11.3,0.1,2.8,1.5,0.4,0.5,4.1,6.144,A
11.5,0.1,3.6,1.4,0.4,0.2,4.1,6.302,A
10.8,0,2.5,1.5,0.6,0.6,4.9,5.86,A
10.9,0,1.9,1.6,0.5,0.9,3.7,5.866,A
11.2,0,2.5,1.2,0.9,0.5,5.3,6.044,A
12.2,0.1,3.2,1.3,0.5,0.4,4.2,6.616,A
12,0,3.5,1.2,0.4,0.5,6.4,6.514,A
11.7,0.2,4.2,1.8,0.8,0.8,6.1,6.57,A
12.8,0,3.2,1.2,0.3,0.2,5.4,6.866,B
12.1,0,2.8,1.7,0.5,0.6,5.4,6.554,A
12.2,0,4.5,1.9,0.6,0.2,5.9,6.784,A
11.9,0.1,4.2,1.2,0.9,0.2,6.1,6.572,A
11.8,0.1,3.8,1.4,0.6,0.4,6.2,6.492,A
12.5,0,4.5,1.5,0.5,0.8,6.1,6.912,B
12.7,0,4.3,1.2,0.5,0.9,5.6,6.966,B
12.2,0,4.2,0.9,0.6,0.3,5.1,6.658,A
11.1,0.1,4.5,0.8,0.1,0.5,5.6,6.126,A
11.9,0,4.9,1.3,0.6,0.6,6.1,6.63,A
12,0.2,4.1,1.2,0.5,0.4,6.1,6.616,A
12.1,0,4.2,1.3,0.2,0.7,5.9,6.64,A
11.1,0,4.9,1.2,0.6,0.6,6.4,6.22,A
12.2,0.1,4.5,1.6,0.9,0.3,5.1,6.796,A
12.8,0.1,4.6,1.4,0.5,0.5,6.1,7.07,B
11.8,0,4.4,0.9,0.4,0.2,6.1,6.462,A
12.6,0,4.3,1.3,0.5,0.8,5.9,6.922,B
11.8,0,3.9,1.3,0.8,0.3,6.4,6.48,A
11.7,0.1,3.7,1.4,0.2,0.6,6.1,6.416,A
11.5,0,4.3,1.2,0.6,0.4,6.1,6.352,A
11.6,0.2,4.2,1.9,0.2,0.4,5.8,6.478,A
12.5,0.1,3.9,0.9,0.2,0.9,5.8,6.798,A
12.9,0.2,4.3,1.6,0.4,0.3,6.1,7.116,B
12.8,0.2,4.9,1.7,0.8,0.6,5.8,7.172,B
12.2,0.2,4.9,1.9,0.9,0.8,5.4,6.906,B
12.8,0.2,3.6,1.8,0.3,0.9,5.4,7.034,B
11.6,0.2,2.5,1.9,0.5,0.5,5.9,6.33,A
12.5,0,1.9,1.8,0.6,0.9,6.1,6.692,A
12.1,0,2.5,1.9,0.4,0.9,6.2,6.55,A
13.8,0,3.2,1.6,0.7,0.5,6.1,7.442,B
13.9,0,3.5,1.9,0.8,0.4,5.6,7.554,C
13.1,0,4.2,2,0.4,0.4,5.1,7.21,B
13.9,0,3.2,0.4,0.6,0.6,5.6,7.37,B
13.5,0.01,2.8,0.9,0.5,0.5,6.1,7.172,B
13.9,0.2,4.5,1.6,0.9,0.9,6.1,7.69,C
13,0.2,4.2,1.6,0.5,0.5,5.9,7.17,B
13.9,0,3.8,1.4,0.3,0.4,6.4,7.504,C
13.3,0,4.5,1.5,0.6,0.8,5.1,7.318,B
13.9,0,4.3,1.9,0.5,0.3,6.1,7.612,C
13.3,0,4.2,1.8,0.3,0.5,6.1,7.288,B
13.5,0.1,4.5,1.8,0.6,0.6,5.9,7.46,B
13.1,0.1,4.9,1.6,0.2,0.9,6.4,7.268,B
13.9,0,4.2,1.9,0.5,0.6,6.1,7.614,C
13,0,4.3,1.6,0.9,0.5,6.1,7.164,B
13.8,0,4.9,1.6,0.5,0.5,5.8,7.6,C
13,0.1,3.6,1.3,0.4,0.6,5.8,7.058,B
13.8,0,3.2,1.2,0.8,0.1,6.1,7.392,B
13,0.2,3.1,1.6,0.3,0.6,5.8,7.052,B
13.9,0,4.3,1.2,0.5,0.5,5.4,7.55,C
12.9,0,2.8,1.3,0.6,0.2,3.1,6.904,B
13.9,0,3.6,1.5,0.9,0.6,3.1,7.538,C
13,0,2.5,1.4,0.6,0.9,5.5,6.962,B
13.8,0,1.9,1.5,0.5,0.5,4.1,7.29,B
12.7,0,2.5,1.9,0.5,0.4,4.1,6.836,B
13.8,0.1,3.2,1.6,0.6,0.5,4.9,7.456,B
12.8,0.1,3.5,1.6,0.1,0.8,3.7,6.968,B
13.8,0,4.2,1.6,0.6,0.2,5.3,7.524,C
13,0,3.2,1.2,0.5,0.6,4.5,6.994,B
13.8,0,2.8,1.3,0.2,0.2,5.6,7.33,B
12,0.1,4.5,1.2,0.6,0.2,6.4,6.634,A
13,0,4.2,1.5,0.9,0.4,6.1,7.14,B
13.1,0.2,3.8,0.5,0.5,0.8,6.2,7.082,B
12.9,0,4.5,0.9,0.4,0.9,6.2,7.05,B
13,0,4.3,1.2,0.5,0.3,6.1,7.092,B
12.6,0,4.2,1.6,0.8,0.5,5.4,6.948,B
13.1,0,4.5,1.3,0.2,0.6,5.4,7.166,B
12.5,0.1,4.9,1.4,0.6,0.4,5.9,6.952,B
12.4,0,4.2,1.5,0.2,0.7,6.1,6.81,A
11.5,0,4.3,1.2,0.2,0.8,6.2,6.344,A
13.2,0,4.9,1.3,0.4,0.4,6.1,7.26,B
13.3,0.1,5.4,1.1,0.8,0.6,5.6,7.392,B
13.2,0,4.2,1.1,0.9,0.5,5.1,7.204,B
13.4,0.2,4.9,1.6,0.3,0.9,5.6,7.444,B
13.8,0,4.5,1.5,0.5,0.5,6.1,7.55,C
13.1,0,4.6,1.4,0.6,0.4,6.1,7.202,B
13.7,0.1,4.4,1.8,0.4,0.8,5.9,7.546,C
13.7,0.1,4.1,1.9,0.5,0.3,6.4,7.512,C
12.8,0,4.2,1.5,0.4,0.5,5.1,7.014,B
13.2,0.2,4.9,1.2,0.8,0.6,6.1,7.322,B
13.6,0,4.5,1.6,0.3,0.9,6.1,7.464,B
13.2,0.1,4.6,1.6,0.5,0.6,5.9,7.294,B
13.5,0,4.4,1.2,0.6,0.5,6.4,7.366,B
13.2,0.1,4.3,1.3,0.9,0.5,6.1,7.254,B
13.4,0.2,3.9,1.4,0.6,0.9,6.1,7.342,B
13.3,0.1,3.7,1.5,0.5,0.5,5.8,7.24,B
13.3,0,4.3,1.2,0.5,0.4,5.8,7.246,B
13.1,0.2,4.2,1.2,0.6,0.8,6.1,7.198,B
13.2,0,3.9,1.6,0.1,0.3,5.8,7.168,B
13.3,0,4.3,1.4,0.6,0.5,5.4,7.276,B
13.5,0.1,4.9,1.5,0.5,0.6,5.4,7.464,B
13.2,0.1,4.9,1.3,0.2,0.9,5.9,7.288,B
13.4,0,3.3,1.4,0.6,0.6,6.1,7.23,B
13.6,0,3.1,1.2,0.9,0.5,6.2,7.304,B
13.3,0,4.9,1.6,0.5,0.5,6.1,7.35,B
13.3,0.1,2.8,1.6,0.4,0.6,5.6,7.158,B
13.2,0,3.4,1.3,0.5,0.1,5.1,7.104,B
13.3,0,4.5,1.2,0.8,0.6,5.6,7.292,B
13.1,0.1,3.8,1.4,0.2,0.5,6.1,7.122,B
13.3,0.1,4.9,1.2,0.6,0.2,6.1,7.324,B
13.3,0,4.5,1.5,0.2,0.6,5.9,7.286,B
13.1,0,4.7,1.9,0.2,0.9,6.4,7.258,B
13.2,0,2.7,1.4,0.4,0.5,5.1,7.054,B
13.3,0.1,2.8,1.5,0.8,0.4,6.1,7.164,B
12.2,0,3.6,1.2,0.9,0.5,6.1,6.654,A
12.7,0.2,3.8,1.5,0.3,0.8,5.9,6.97,B
13.4,0,4.1,1.4,0.5,0.2,6.4,7.288,B
13.9,0,2.4,1.5,0.6,0.6,6.1,7.4,B
11.4,0,3.1,1.6,0.4,0.2,6.1,6.202,A
12.5,0,2.8,1.2,0.7,0.2,5.8,6.7,A
13.8,0,4.9,1.3,0.8,0.4,5.8,7.584,C
13.6,0,4.9,1.2,0.4,0.8,6.1,7.466,B
13.5,0,3.3,1.8,0.6,0.9,5.8,7.332,B
13.9,0,3.1,1.2,0.5,0.3,5.4,7.422,B
14,0,4.9,1.7,0.9,0.5,3.1,7.734,C
12.5,0,2.8,1.9,0.5,0.6,3.1,6.774,A
12.8,0.1,3.4,1.2,0.4,0.4,5.5,6.92,B
12.4,0.2,4.5,1.4,0.8,0.7,4.1,6.906,B
13.8,0.2,3.8,1.5,0.3,0.8,4.1,7.52,C
14,0.2,4.9,1.2,0.5,0.4,4.9,7.696,C
12.8,0.2,4.5,1.1,0.6,0.6,3.7,7.06,B
14,0.2,4.7,1,0.9,0.5,5.3,7.684,C
13.5,0,2.7,1.3,0.6,0.9,4.2,7.222,B
13.9,0,2.8,1.2,0.5,0.5,6.4,7.4,B
14,0,3.3,1.3,0.5,0.3,6.1,7.502,C
12.5,0,3.9,0.9,0.6,0.6,6.2,6.79,A
12.7,0,3.5,0.4,0.1,0.5,6.2,6.766,A
11.9,0,4.3,1.9,0.6,0.3,6.1,6.618,A
12.4,0.01,4.1,0.5,0.5,0.6,5.4,6.716,A
11.8,0.2,4.2,1.9,0.2,0.2,5.4,6.57,A
12.5,0.2,2.8,1.3,0.6,0.5,5.9,6.756,A
13.6,0,3.2,1.5,0.9,0.9,6.4,7.36,B
13.2,0,4.5,1.4,0.5,0.5,6.1,7.24,B
13.6,0,3.4,1.6,0.4,0.4,6.2,7.34,B
14,0,3.9,1.5,0.5,0.8,6.2,7.602,C
12.9,0,3.5,0.7,0.8,0.3,6.1,6.93,B
13.2,0.2,4.5,1.2,0.2,0.5,5.4,7.242,B
12.9,0.1,3.5,1.6,0.6,0.6,5.4,7.04,B
13.5,0.1,3.2,1.3,0.2,0.9,5.9,7.268,B
12.5,0.1,3.2,0.8,0.2,0.6,6.1,6.706,A
13.8,0.2,3.2,0.9,0.4,0.5,6.2,7.394,B
14,0,4.9,0.3,0.8,0.5,6.1,7.588,C
12.5,0,3.5,1.5,0.9,0.6,5.6,6.828,B
12.4,0.1,3.9,1.6,0.3,0.1,5.1,6.792,A
13.6,0.2,3.6,1.4,0.5,0.6,5.6,7.394,B
14,0,3.3,1.3,0.6,0.5,6.1,7.516,C
13.2,0,3.2,1.8,0.4,0.2,6.1,7.132,B
13.5,0,3.5,1,0.7,0.6,5.9,7.266,B
12.5,0.1,3.1,0.9,0.6,0.9,6.4,6.742,A
12,0,2.8,0.4,0.3,0.5,5.1,6.358,A
14,0,3.6,0.3,0.5,0.4,6.1,7.436,B
13.1,0.1,3.5,0.9,0.2,0.5,6.1,7.042,B
13.1,0,3.6,0.4,0.8,0.8,5.9,7.03,B
12,0,3.2,1.6,0.3,0.2,6.4,6.506,A
12.3,0.1,3.1,1.6,0.6,0.6,6.1,6.7,A
12.3,0.1,4.3,1.4,0.4,0.2,6.1,6.772,A
12.7,0.1,2.8,1.5,0.4,0.2,5.8,6.832,B
12.4,0.1,3.6,1.6,0.9,0.4,5.8,6.81,A
12.5,0.2,2.5,0.8,0.3,0.8,6.1,6.67,A
13,0,1.9,1.2,0.6,0.9,5.8,6.882,B
12.3,0.2,2.5,1.8,0.8,0.3,5.4,6.68,A
14,0.1,3.2,1.5,0.9,0.5,3.1,7.564,C
12.9,0.2,3.5,1.3,0.5,0.6,3.1,7.024,B
12.2,0.1,4.2,1.5,0.9,0.4,5.5,6.76,A
13.1,0,3.2,1.6,0.9,0.5,5.1,7.104,B
12.5,0,2.8,1.4,0.5,0.4,6.1,6.716,A
12.9,0.1,4.5,1.1,0.4,0.8,6.1,7.086,B
12.3,0,4.2,1.6,0.4,0.3,5.9,6.766,A
12.8,0,3.8,1.6,0.6,0.5,6.4,6.996,B
12.9,0.1,4.5,1.5,0.5,0.6,6.1,7.124,B
12.8,0.1,4.3,1.9,0.9,0.9,5.8,7.13,B
13.8,0.1,4.2,1.5,0.5,0.6,5.8,7.544,C
12.9,0.1,4.5,1.3,0.4,0.5,4.5,7.094,B
12.5,0.2,4.9,1.4,0.8,0.5,5.4,6.988,B
12.7,0,4.2,1.7,0.3,0.6,4.9,6.982,B
12.7,0.2,4.3,1.6,0.5,0.1,4.1,7.014,B
13.1,0.2,4.9,1.6,0.6,0.6,4.1,7.3,B
13,0.1,3.6,1.9,0.9,0.5,4.9,7.144,B
12.5,0,3.2,1.5,0.6,0.2,3.7,6.764,A
11.6,0.1,3.1,1.3,0.5,0.6,5.3,6.314,A
11.7,0,4.3,1.9,0.5,0.9,4.2,6.536,A
12.5,0,2.8,1.4,0.6,0.5,6.4,6.726,A
12.5,0,3.6,1.2,0.1,0.4,6.1,6.752,A
12.5,0,2.5,1.6,0.6,0.5,6.2,6.716,A
12.7,0,1.9,1.2,0.5,0.8,6.2,6.722,A
12.3,0.1,2.5,0.4,0.2,0.2,6.1,6.48,A
12.5,0.1,3.2,1.2,0.6,0.6,5.4,6.77,A
12.8,0,3.5,0.3,0.9,0.9,5.4,6.87,B
12.4,0,4.2,1.6,0.5,0.5,5.9,6.83,B
10.8,0,3.2,1.2,0.4,0.4,6.4,5.88,A
11.3,0.1,2.8,1.8,0.5,0.5,6.1,6.18,A
10.8,0,4.5,1.8,0.8,0.8,6.2,6.11,A
12.2,0.2,4.2,1.6,0.2,0.2,6.2,6.74,A
13.6,0.1,3.8,1.3,0.6,0.6,6.1,7.39,B
13.4,0,4.5,1.4,0.2,0.2,5.4,7.31,B
12.9,0,4.3,1.5,0.2,0.2,5.4,7.05,B
12.2,0.1,4.2,1.2,0.4,0.4,5.9,6.7,A
13.1,0,4.5,1.3,0.8,0.8,6.1,7.21,B
12.5,0,4.9,1.1,0.9,0.9,6.2,6.94,B
12.9,0.1,4.2,1.1,0.3,0.3,6.1,7.03,B
12.3,0.1,4.3,1.6,0.5,0.5,5.6,6.81,A
12.8,0.1,4.9,1.5,0.6,0.6,5.1,7.12,B
12.9,0.1,5.4,1.4,0.4,0.4,5.6,7.19,B
12.8,0.2,4.2,1.8,0.7,0.7,6.1,7.11,B
13.8,0,4.9,1.9,0.8,0.8,6.1,7.66,C
12.9,0.2,4.5,1.5,0.4,0.4,5.9,7.13,B
12.5,0.1,4.6,1.2,0.6,0.6,6.4,6.91,B
12.7,0.2,4.4,1.6,0.5,0.5,5.1,7.04,B
12.7,0.1,4.1,1.6,0.9,0.9,6.1,7.03,B
13.1,0,4.2,1.2,0.5,0.5,6.1,7.14,B
12.2,0,4.9,1.3,0.4,0.3,5.9,6.756,A
13.6,0.1,4.5,1.4,0.8,0.6,6.4,7.482,C
13.4,0,4.6,1.5,0.3,0.5,6.1,7.348,B
12.9,0,4.4,1.2,0.5,0.3,6.1,7.052,B
12.2,0.1,4.3,1.2,0.6,0.6,5.8,6.73,A
13.1,0,3.9,1.6,0.9,0.2,5.8,7.162,B
12.5,0,3.7,1.4,0.6,0.5,6.1,6.816,A
12.9,0.1,4.3,1.5,0.5,0.9,5.8,7.116,B
12.3,0.1,4.2,1.3,0.5,0.5,5.4,6.77,A
12.8,0.1,3.9,1.4,0.6,0.4,3.1,7.002,B
12.9,0.1,4.3,1.2,0.1,0.8,3.1,7.058,B
12.8,0.2,4.9,1.6,0.6,0.3,6.1,7.138,B
13.8,0,4.9,1.6,0.5,0.5,5.8,7.6,C
12.9,0.2,3.3,1.3,0.2,0.6,5.8,6.986,B
12.5,0.1,3.1,1.2,0.6,0.9,4.5,6.772,A
12.7,0.2,4.9,1.5,0.9,0.6,5.4,7.108,B
12.7,0.1,2.8,3.6,0.5,0.5,4.9,7.06,B
12.2,0,3.4,4.5,0.4,0.5,4.1,6.934,B
13.6,0,4.5,4.6,0.5,0.6,4.1,7.764,C
13.4,0.1,3.8,4.8,0.8,0.1,4.9,7.632,C
12.9,0,4.9,4.1,0.2,0.6,3.7,7.386,B
12.2,0,4.5,4.2,0.6,0.5,5.3,7.026,B
13.1,0.1,4.7,4.1,0.2,0.2,4.2,7.47,B
12.5,0,2.7,1.5,0.2,0.6,6.4,6.706,A
12.9,0,2.8,2.2,0.5,0.9,6.1,7.016,B
12.3,0.1,3.3,1.6,0.6,0.5,6.2,6.716,A
12.8,0.1,3.9,1.7,0.4,0.4,6.2,7.02,B
12.9,0.1,3.5,1.6,0.5,0.5,6.1,7.03,B
12.8,0.1,4.3,3.4,0.4,0.8,5.4,7.246,B
13.8,0.2,4.1,1.8,0.8,0.2,5.4,7.586,C
12.9,0,4.2,1.5,0.3,0.6,5.9,7.062,B
12.5,0.2,2.8,1.3,0.5,0.2,6.4,6.738,A
12.7,0.1,3.2,1.9,0.6,0.2,6.1,6.924,B
12.7,0.2,4.5,1.4,0.9,0.4,6.2,7.05,B
12.2,0.1,3.4,2.2,0.6,0.8,6.2,6.748,A
13.6,0,3.9,1.6,0.5,0.9,6.1,7.416,B
13.4,0.1,3.5,1.2,0.5,0.3,5.4,7.232,B
12.9,0,4.5,1.4,0.6,0.5,5.4,7.096,B
12.2,0,3.5,1.2,0.1,0.6,5.9,6.6,A
13.1,0.1,3.2,1.6,0.6,0.4,6.1,7.102,B
12.5,0,3.2,1.6,0.5,0.5,6.2,6.78,A
12.9,0,3.2,1.2,0.2,0.4,6.1,6.918,B
12.3,0.1,4.9,1.8,0.6,0.8,5.6,6.908,B
12.8,0.1,3.5,1.8,0.9,0.3,5.1,7.016,B
12.2,0.1,3.9,1.6,0.5,0.5,5.6,6.72,A
13.6,0.1,3.6,1.3,0.4,0.6,6.1,7.358,B
13.4,0.2,3.3,1.4,0.5,0.9,6.1,7.276,B
12.9,0,3.2,1.5,0.8,0.6,5.9,6.992,B
12.2,0.2,3.5,1.2,0.2,0.5,6.4,6.642,A
13.6,0.1,3.1,1.3,0.6,0.9,5.1,7.332,B
13.4,0.2,2.8,1.1,0.2,0.5,6.1,7.162,B
12.9,0.1,3.6,1.1,0.2,0.4,6.1,6.968,B
12.2,0.1,3.5,1.6,0.4,0.8,5.9,6.686,A
13.1,0,3.6,1.5,0.8,0.3,6.4,7.12,B
12.5,0.2,3.2,1.4,0.9,0.5,6.1,6.824,B
12.9,0.2,3.1,1.8,0.3,0.6,6.1,7.022,B
12.3,0.1,4.3,1.9,0.5,0.9,5.8,6.856,B
12.8,0,2.8,1.5,0.6,0.6,5.8,6.89,B
12.9,0.1,3.6,1.2,0.4,0.5,6.1,6.994,B
12.8,0,2.5,1.6,0.7,0.5,5.8,6.872,B
13.8,0,1.9,1.6,0.8,0.6,5.4,7.322,B
12.9,0,2.5,1.2,0.4,0.1,3.1,6.848,B
12.5,0,3.2,1.3,0.6,0.6,3.1,6.76,A
12.7,0,3.5,1.4,0.5,0.5,5.5,6.89,B
12.7,0.1,4.2,1.5,0.9,0.2,5.1,7.002,B
13.7,0.1,3.2,1.2,0.5,0.6,6.1,7.364,B
12.2,0,2.8,1.2,0.4,0.9,6.1,6.56,A
13.6,0,4.5,1.6,0.8,0.5,5.9,7.478,C
13.4,0,4.2,1.4,0.3,0.4,6.4,7.294,B
12.9,0.1,3.8,1.5,0.5,0.5,6.1,7.05,B
12.2,0,4.5,1.3,0.6,0.8,5.8,6.748,A
13.1,0.2,4.3,1.4,0.9,0.2,5.8,7.222,B
12.5,0.1,4.2,1.2,0.6,0.6,4.5,6.87,B
12.9,0,4.5,1.6,0.5,0.2,5.4,7.098,B
12.3,0,4.9,1.6,0.5,0.2,4.9,6.838,B
12.8,0.1,4.1,1.3,0.6,0.4,4.1,7.012,B
12.9,0,4.2,1.2,0.1,0.8,4.1,7.028,B
12.2,0,4.9,1.4,0.6,0.9,4.9,6.802,A
13.6,0.1,4.5,1.2,0.5,0.3,3.7,7.432,B
13.4,0.1,4.6,1.5,0.2,0.5,3.9,7.362,B
12.9,0.1,4.4,1.9,0.6,0.6,3.5,7.16,B
12.2,0.1,4.3,1.4,0.9,0.4,3.5,6.76,A
13.1,0.2,3.9,1.5,0.5,0.5,3.7,7.18,B
12.5,0,3.7,1.2,0.4,0.4,3.5,6.78,A
12.9,0.2,4.3,1.5,0.5,0.8,3.6,7.132,B
12.3,0.1,4.2,1.4,0.8,0.3,3.7,6.79,A
12.8,0.2,3.9,1.5,0.2,0.5,2.1,7.012,B
12.9,0.1,4.3,3.4,0.6,0.6,2.1,7.3,B
12.8,0,4.9,3.3,0.2,0.9,2.5,7.268,B
13.8,0.1,4.9,1.3,0.2,0.6,2.5,7.576,C
12.9,0,3.6,1.2,0.4,0.5,2.5,6.974,B
12.5,0,2.5,1.8,0.8,0.5,6.2,6.748,A
12.7,0.1,1.9,1.2,0.9,0.6,6.2,6.758,A
12.7,0.1,2.5,1.7,0.3,0.1,6.1,6.812,A
13.6,0.1,3.2,1.9,0.5,0.6,5.4,7.384,B
13.4,0.1,3.5,1.2,0.6,0.5,5.4,7.246,B
12.9,0.2,4.2,1.4,0.4,0.2,5.9,7.082,B
12.2,0,3.2,1.5,0.7,0.6,6.1,6.636,A
13.6,0.2,2.8,1.2,0.6,0.9,6.2,7.312,B
13.4,0.1,4.5,1.1,0.3,0.5,6.1,7.318,B
12.9,0.2,4.2,1,0.5,0.4,5.6,7.056,B
12.2,0.1,3.8,1.3,0.2,0.5,5.1,6.662,A
13.1,0,4.5,1.2,0.8,0.8,5.6,7.2,B
12.5,0,4.3,1.3,0.3,0.2,6.1,6.836,B
12.9,0,4.2,1.9,0.6,0.6,6.1,7.12,B
12.3,0,4.5,1.4,0.4,0.2,5.9,6.772,A
12.8,0,4.9,1.9,0.4,0.2,6.4,7.112,B
12.9,0,4.2,2.5,0.9,0.4,5.1,7.19,B
12.8,0.2,4.3,1.9,0.3,0.8,6.1,7.11,B
13.8,0,4.9,1.3,0.6,0.9,6.1,7.592,C
12.9,0,3.6,1.5,0.8,0.3,5.9,7.02,B
12.5,0,3.2,1.4,0.9,0.5,6.4,6.784,A
12.7,0.1,3.1,1.6,0.5,0.6,6.1,6.894,B
12.7,0.2,4.3,1.5,0.9,0.4,6.1,7.04,B
13.4,0.2,2.8,3.6,0.9,0.7,5.8,7.462,B
12.8,0.2,3.6,1.2,0.5,0.8,5.8,6.982,B
13.9,0.2,2.5,1.6,0.4,0.4,6.1,7.44,B
12.4,0.2,1.9,1.3,0.4,0.6,6.3,6.608,A
13.4,0,2.5,4.8,0.6,0.5,5.8,7.486,C
12.9,0,3.2,3.9,0.5,0.9,4.6,7.226,B
12.2,0,3.5,2.5,0.9,0.5,2.8,6.774,A
13.1,0,4.2,3.7,0.5,0.4,4.6,7.386,B
12.5,0,3.2,3.8,0.4,0.8,5.5,7.006,B
12.9,0,2.8,4.3,0.8,0.3,3.3,7.22,B
12.3,0.01,4.5,4.6,0.3,0.5,3.5,7.1,B
12.8,0.2,4.2,4.1,0.5,0.6,5.8,7.324,B
12.9,0.2,3.8,3.7,0.6,0.9,6.2,7.312,B
12.8,0,4.5,3.8,0.9,0.6,6.1,7.308,B
13.8,0,4.3,4.1,0.6,0.5,5.4,7.796,C
12.9,0,4.2,4.3,0.5,0.5,5.4,7.35,B
12.5,0,4.5,3.9,0.5,0.6,5.9,7.144,B
12.7,0,4.9,4.3,0.6,0.1,6.1,7.31,B
12.7,0,4.2,4.1,0.1,0.6,6.2,7.21,B
12.5,0,4.3,1.6,0.6,0.5,6.1,6.896,B
12.9,0,4.9,1.4,0.5,0.2,5.6,7.118,B
12.3,0.2,5.4,1.5,0.2,0.6,5.1,6.916,B
12.8,0.1,4.2,1.6,0.6,0.9,5.6,7.072,B
12.9,0.2,4.9,1.8,0.9,0.5,6.1,7.234,B
12.2,0.1,4.5,1.2,0.5,0.4,6.1,6.736,A
13.6,0,4.6,1.8,0.4,0.5,5.9,7.484,C
13.4,0,4.4,1.5,0.5,0.8,6.4,7.352,B
12.9,0,4.1,1.2,0.8,0.2,5.1,7.036,B
12.2,0,4.2,1.2,0.2,0.6,6.1,6.676,A
13.1,0.1,4.9,1.6,0.6,0.2,6.1,7.264,B
12.5,0.1,4.5,1.4,0.2,0.2,5.9,6.88,B
12.9,0.2,4.6,1.5,0.2,0.4,6.4,7.128,B
12.3,0,4.4,1.3,0.4,0.8,6.1,6.776,A
13.4,0.1,4.3,1.4,0.8,0.9,6.1,7.374,B
12.9,0,3.9,1.2,0.9,0.3,5.8,7.026,B
12.2,0,3.7,2.8,0.3,0.5,5.8,6.788,A
13.1,0,4.3,2.4,0.5,0.6,6.1,7.274,B
12.5,0,4.2,1.3,0.6,0.4,5.3,6.852,B
12.9,0.2,3.9,1.5,0.4,0.7,4.2,7.082,B
12.3,0.1,4.3,3.6,0.7,0.6,6.4,7.026,B
12.8,0.1,4.9,4.5,0.8,0.3,6.1,7.42,B
12.2,0.1,4.9,4.6,0.4,0.5,6.2,7.114,B
13.6,0,3.3,4.8,0.6,0.2,6.2,7.654,C
13.4,0.1,3.1,4.1,0.5,0.8,6.1,7.502,C
12.9,0,4.9,4.2,0.9,0.3,5.4,7.426,B
12.2,0.1,2.8,4.1,0.5,0.6,5.4,6.864,B
13.6,0.1,3.4,1.5,0.4,0.4,5.9,7.35,B
13.4,0.2,4.5,2.2,0.8,0.4,6.4,7.474,C
12.9,0.2,3.8,1.6,0.3,0.9,6.1,7.084,B
12.2,0.1,4.9,1.7,0.5,0.3,6.2,6.822,B
13.1,0.2,4.5,1.6,0.6,0.6,6.2,7.26,B
12.5,0.2,4.7,3.4,0.9,0.8,6.1,7.186,B
12.9,0.2,2.7,1.8,0.6,0.9,5.4,7.012,B
12.3,0,2.8,1.5,0.5,0.5,5.4,6.63,A
12.8,0.1,5.4,1.3,0.5,0.9,5.9,7.156,B
12.9,0.2,4.2,1.9,0.6,0.9,6.1,7.172,B
12.8,0.1,4.9,1.4,0.1,0.5,6.2,7.076,B
13.8,0,4.5,1.2,0.6,0.4,6.1,7.522,C
12.9,0,4.6,1.4,0.5,0.4,5.6,7.096,B
12.5,0.1,4.4,1.5,0.2,0.6,5.1,6.896,B
12.7,0.1,4.1,1.2,0.6,0.5,5.6,6.956,B
12.7,0.1,4.2,1.1,0.9,0.9,6.1,6.99,B
13.7,0.1,4.9,1,0.5,0.5,6.1,7.51,C
12.2,0.1,4.5,1.3,0.4,0.4,5.9,6.74,A
13.6,0.1,4.6,1.2,0.5,0.8,6.4,7.462,B
13.4,0,4.4,1.3,0.8,0.3,5.1,7.33,B
12.9,0.1,4.3,0.9,0.2,0.5,5.5,7.022,B
12.2,0.1,3.9,0.4,0.6,0.6,6.1,6.61,A
13.1,0.1,3.7,1.9,0.2,0.9,5.9,7.178,B
12.5,0.1,4.3,0.5,0.2,0.6,6.4,6.786,A
12.9,0.1,4.2,1.9,0.4,0.5,6.1,7.124,B
12.3,0.1,3.9,1.3,0.8,0.5,6.1,6.758,A
12.8,0.1,4.3,1.5,0.9,0.6,5.8,7.078,B
12.9,0.1,4.9,1.4,0.3,0.1,5.8,7.122,B
12.2,0.1,4.9,1.6,0.5,0.6,6.1,6.824,B
13.6,0.1,3.5,1.5,0.6,0.5,5.8,7.376,B
13.4,0.2,4.3,0.7,0.4,0.2,5.4,7.272,B
12.9,0.1,4.1,1.2,0.5,0.6,3.1,7.054,B
12.2,0.2,4.2,1.6,0.5,0.9,3.1,6.786,A
13.1,0.1,2.8,1.3,0.6,0.5,5.5,7.036,B
12.5,0.1,3.2,0.8,0.1,0.4,5.1,6.692,A
12.9,0,4.5,0.9,0.6,0.5,6.1,7.046,B
12.3,0,3.4,0.3,0.5,0.8,6.1,6.582,A
12.8,0,3.9,1.5,0.2,0.2,5.9,6.96,B
12.9,0,3.5,1.6,0.6,0.6,6.4,7.02,B
12.8,0.1,4.5,1.4,0.9,0.2,6.1,7.072,B
13.8,0.1,3.5,1.3,0.5,0.2,5.8,7.438,B
12.9,0.1,3.2,1.8,0.4,0.4,5.8,7.01,B
12.5,0.1,3.2,1,0.5,0.8,4.5,6.752,A
12.7,0,3.2,0.9,0.8,0.9,5.4,6.844,B
12.7,0.1,4.9,0.4,0.2,0.3,4.9,6.924,B
13.6,0.1,3.5,0.3,0.6,0.5,4.1,7.256,B
13.4,0.1,3.9,0.9,0.2,0.4,4.1,7.228,B
12.9,0.2,3.6,0.4,0.2,0.8,3.3,6.934,B
12.2,0.1,3.3,1.6,0.4,0.3,3.7,6.646,A
13.6,0.1,3.2,1.6,0.8,0.5,3.9,7.368,B
13.4,0.1,3.5,1.4,0.9,0.6,3.5,7.288,B
12.9,0.1,3.1,1.5,0.3,0.9,3.5,6.984,B
12.2,0.2,2.8,1.6,0.5,0.6,3.7,6.634,A
13.1,0.1,3.6,0.8,0.6,0.5,3.5,7.066,B
12.5,0,3.5,1.2,0.4,0.5,3.6,6.764,A
12.9,0,3.6,1.8,0.7,0.6,3.7,7.056,B
12.3,0,3.2,1.5,0.6,0.1,2.1,6.66,A
12.8,0,3.1,1.3,0.3,0.6,2.1,6.882,B
12.9,0,4.3,1.5,0.5,0.5,2.5,7.08,B
12.8,0.1,2.8,1.6,0.2,0.2,2.5,6.88,B
13.8,0.1,3.6,1.4,0.8,0.6,2.5,7.492,C
12.9,0,2.5,1.5,0.3,0.9,2.5,6.904,B
12.5,0,1.9,1.2,0.6,0.5,2.1,6.616,A
12.7,0,2.5,1.6,0.4,0.4,2.9,6.8,A
12.7,0.1,3.2,1.6,0.4,0.5,3.1,6.894,B
13.4,0,3.5,1.2,0.9,0.8,2.7,7.256,B
12.8,0.2,4.2,1.3,0.3,0.2,2.5,7.016,B
13.9,0.1,3.2,1.4,0.6,0.6,2.5,7.49,C
12.4,0.1,2.8,1.5,0.8,0.2,2.9,6.706,A
13.4,0.1,4.5,1.2,0.9,0.2,5.3,7.352,B
12.9,0.1,4.2,1.2,0.5,0.4,2.9,7.056,B
12.2,0.1,3.8,1.6,0.9,0.8,2.9,6.746,A
12.9,0.1,4.5,1.4,0.9,0.9,2.5,7.15,B
12.5,0,4.3,1.5,0.5,0.3,2.3,6.872,B
12.7,0,4.2,1.3,0.4,0.5,3.1,6.944,B
12.7,0,4.5,1.4,0.4,0.6,2.7,6.988,B
13.7,0,4.9,1.2,0.6,0.4,3.5,7.512,C
12.2,0.1,4.2,1.6,0.5,0.7,3.9,6.758,A
13.6,0.2,4.3,1.6,0.9,0.8,6.2,7.516,C
13.4,0.2,4.9,1.3,0.5,0.4,6.1,7.406,B
12.9,0.2,3.6,1.2,0.4,0.6,5.9,7.018,B
12.2,0.2,3.2,1.4,0.8,0.5,5.9,6.668,A
13.1,0.2,3.1,1.2,0.3,0.9,6.2,7.074,B
12.5,0,4.3,1.5,0.5,0.5,4.9,6.88,B
12.9,0,2.8,1.9,0.6,0.4,3.9,6.972,B
12.3,0,3.6,1.4,0.9,0.8,2.3,6.736,A
12.8,0,2.5,1.5,0.6,0.3,6.4,6.848,B
12.9,0,1.9,1.2,0.5,0.5,5.1,6.81,A
12.2,0,2.5,1.5,0.5,0.6,6.1,6.554,A
13.6,0.01,3.2,1.4,0.6,0.9,6.1,7.334,B
13.4,0.2,3.5,1.5,0.1,0.6,5.9,7.27,B
12.9,0.2,4.2,3.4,0.6,0.5,6.4,7.306,B
12.2,0,3.2,3.3,0.5,0.5,6.1,6.8,A
13.1,0,2.8,1.3,0.2,0.6,6.1,6.996,B
12.5,0,4.5,1.2,0.6,0.1,5.8,6.86,B
12.9,0,4.2,1.8,0.9,0.6,5.8,7.128,B
12.3,0.1,3.8,1.2,0.5,0.5,6.1,6.72,A
12.8,0.1,4.5,1.7,0.4,0.2,5.8,7.072,B
12.9,0.1,4.3,1.9,0.5,0.6,5.4,7.144,B
12.8,0.1,4.2,1.2,0.8,0.9,3.1,7.044,B
13.8,0.1,4.5,1.4,0.2,0.5,3.1,7.542,C
12.9,0.1,4.9,1.5,0.6,0.4,5.5,7.162,B
12.5,0,4.2,1.2,0.2,0.5,5.1,6.822,B
12.7,0,4.3,1.1,0.2,0.8,6.1,6.934,B
12.7,0,4.9,1,0.4,0.2,6.1,6.972,B
13.6,0,5.4,1.3,0.8,0.6,5.9,7.542,C
13.4,0,4.2,1.2,0.9,0.2,6.4,7.302,B
12.9,0.1,4.9,1.3,0.3,0.2,6.1,7.116,B
12.2,0.1,4.5,1.9,0.5,0.4,5.8,6.806,A
13.6,0.1,4.6,1.4,0.6,0.8,5.8,7.488,C
13.4,0.1,4.4,1.9,0.4,0.9,4.5,7.41,B
12.9,0.1,4.1,2.5,0.7,0.3,5.4,7.184,B
12.2,0.1,4.2,1.9,0.8,0.5,4.9,6.798,A
13.1,0,4.9,1.3,0.4,0.6,4.1,7.218,B
12.5,0,4.5,1.5,0.6,0.4,4.1,6.902,B
12.9,0,4.6,1.4,0.5,0.7,4.9,7.108,B
12.3,0,4.4,1.6,0.9,0.6,3.7,6.828,B
12.8,0,4.3,1.5,0.5,0.3,5.3,7.022,B
12.9,0,3.9,3.6,0.4,0.5,4.2,7.244,B
12.8,0,3.7,1.2,0.8,0.2,6.4,6.946,B
13.8,0.1,4.3,1.6,0.3,0.8,6.1,7.56,C
12.9,0.1,4.2,1.3,0.5,0.3,6.2,7.062,B
12.5,0.2,3.9,4.8,0.6,0.6,6.2,7.22,B
12.7,0,4.3,3.9,0.9,0.4,6.1,7.24,B
12.7,0.1,4.9,2.5,0.6,0.4,5.4,7.162,B
13.4,0,4.9,3.7,0.5,0.9,5.4,7.626,C
12.8,0,3.3,3.8,0.5,0.3,5.9,7.152,B
13.9,0,3.1,4.3,0.6,0.6,6.4,7.75,C
12.8,0,4.9,4.6,0.1,0.8,6.1,7.388,B
13.8,0.2,2.8,4.1,0.6,0.9,6.2,7.702,C
12.9,0.1,3.4,3.7,0.5,0.5,6.2,7.23,B
12.5,0.1,4.5,3.8,0.2,0.9,6.1,7.148,B
12.7,0.1,3.8,4.1,0.6,0.9,5.4,7.232,B
12.7,0,4.9,4.3,0.9,0.5,5.4,7.344,B
13.4,0.1,4.5,3.9,0.5,0.4,5.9,7.606,C
12.8,0,4.7,4.3,0.4,0.4,6.1,7.34,B
12.5,0.1,2.7,4.1,0.5,0.6,6.2,7.004,B
13.9,0.1,2.8,1.6,0.8,0.5,6.1,7.478,C
13.3,0.2,3.3,1.4,0.2,0.9,5.6,7.208,B
13.9,0.2,3.9,1.5,0.6,0.5,5.1,7.586,C
13.3,0.1,3.5,1.6,0.2,0.4,5.6,7.208,B
13.5,0.2,4.3,1.8,0.2,0.8,6.1,7.444,B
13.1,0.2,4.1,1.2,0.4,0.3,6.1,7.156,B
13.9,0.2,4.2,1.8,0.8,0.5,5.9,7.658,C
13.9,0,2.8,1.5,0.9,0.6,6.4,7.458,B
13.8,0.1,3.2,1.2,0.3,0.9,5.1,7.414,B
13.9,0.2,4.5,1.2,0.5,0.6,6.1,7.614,C
13.8,0.1,3.4,1.6,0.6,0.5,6.1,7.476,C
13.9,0,3.9,1.4,0.4,0.5,5.9,7.524,C
13.9,0,3.5,1.5,0.5,0.6,6.4,7.504,C
12.9,0.1,4.5,1.3,0.4,0.1,6.1,7.078,B
13.9,0.1,3.5,1.4,0.8,0.6,6.1,7.532,C
13.9,0.1,3.2,1.2,0.3,0.5,5.8,7.448,B
13.8,0.1,3.2,2.8,0.5,0.2,5.8,7.558,C
12.7,0.1,3.2,2.4,0.6,0.6,6.1,6.99,B
13.8,0.1,4.9,1.3,0.9,0.9,5.8,7.63,C
12.8,0,3.5,1.5,0.6,0.5,5.4,6.956,B
13.8,0.1,3.9,3.6,0.5,0.4,3.1,7.716,C
13.9,0.1,3.6,4.5,0.5,0.5,3.1,7.83,C
13.8,0.1,3.3,4.6,0.6,0.8,6.1,7.778,C
13.9,0.1,3.2,4.8,0.1,0.2,5.8,7.784,C
13.9,0.1,3.5,4.1,0.6,0.6,5.8,7.79,C
13.1,0.1,3.1,4.2,0.5,0.2,4.5,7.338,B
12.9,0.1,2.8,4.1,0.2,0.2,5.4,7.18,B
13.9,0.1,3.6,1.5,0.6,0.4,4.9,7.532,C
12.6,0.1,3.5,2.2,0.9,0.8,4.1,6.976,B
13.1,0.1,3.6,1.6,0.5,0.9,4.1,7.156,B
12.5,0.2,3.2,1.7,0.4,0.3,4.9,6.816,A
12.4,0.1,3.1,1.6,0.5,0.2,3.7,6.728,A
11.5,0.2,4.3,3.4,0.8,0.2,5.3,6.616,A
13.2,0.1,2.8,1.8,0.2,0.4,4.2,7.108,B
13.3,0.1,3.6,1.5,0.6,0.8,6.4,7.248,B
13.2,0,2.5,1.3,0.2,0.9,6.1,7.028,B
13.4,0,1.9,1.9,0.2,0.3,5.4,7.104,B
13.8,0,2.5,1.4,0.4,0.5,5.4,7.334,B
13.1,0,3.2,1.2,0.8,0.6,5.9,7.062,B
13.7,0.1,3.5,1.4,0.9,0.4,6.1,7.43,B
13.7,0.1,4.2,1.5,0.3,0.7,6.2,7.486,C
12.8,0.1,3.2,1.2,0.5,0.8,6.1,6.922,B
13.2,0.1,2.8,1.1,0.6,0.4,5.6,7.062,B
13.6,0,4.5,1,0.4,0.6,5.1,7.398,B
13.2,0.1,4.2,1.3,0.7,0.5,5.6,7.232,B
13.5,0.1,3.8,1.2,0.8,0.9,6.1,7.354,B
13.2,0.1,4.5,1.3,0.4,0.5,6.1,7.244,B
13.4,0.2,4.3,0.9,0.6,0.4,5.9,7.312,B
13.3,0.1,4.2,0.4,0.5,0.8,6.4,7.192,B
13.3,0.1,4.5,1.9,0.9,0.3,5.1,7.376,B
13.1,0.1,4.9,0.5,0.5,0.5,6.1,7.16,B
13.2,0.1,4.1,1.9,0.4,0.6,6.1,7.268,B
13.3,0.2,4.2,1.3,0.8,0.9,5.9,7.324,B
13.5,0.1,4.9,1.5,0.3,0.6,6.4,7.452,B
13.2,0,4.5,1.4,0.5,0.5,6.1,7.24,B
13.4,0,4.6,1.6,0.6,0.5,6.1,7.376,B
13.6,0,4.4,1.5,0.9,0.6,5.8,7.468,B
13.3,0,4.3,0.7,0.6,0.1,5.8,7.19,B
13.3,0,3.9,1.2,0.5,0.6,6.1,7.214,B
13.2,0.1,3.7,1.6,0.5,0.5,5.8,7.2,B
13.3,0.1,4.3,1.3,0.6,0.2,5.4,7.274,B
13.1,0,4.2,0.8,0.1,0.6,5.4,7.08,B
13.3,0,3.9,0.9,0.6,0.9,5.9,7.202,B
13.3,0,4.3,0.3,0.5,0.5,6.1,7.16,B
13.1,0.1,4.9,1.5,0.2,0.4,6.2,7.238,B
13.2,0,4.9,1.6,0.6,0.5,6.1,7.306,B
13.3,0.2,3.6,1.4,0.9,0.8,5.6,7.276,B
12.2,0.1,2.5,1.3,0.5,0.2,5.1,6.538,A
12.7,0.1,1.9,1.8,0.4,0.6,5.6,6.788,A
13.4,0.1,2.5,1,0.5,0.2,6.1,7.108,B
13.9,0.1,3.2,0.9,0.8,0.2,6.1,7.436,B
11.4,0.1,3.5,0.4,0.2,0.4,5.9,6.138,A
12.5,0.1,4.2,0.3,0.6,0.8,6.4,6.788,A
13.8,0,3.2,0.9,0.2,0.9,5.1,7.358,B
13.6,0,2.8,0.4,0.2,0.3,6.1,7.144,B
13.5,0,4.5,1.6,0.4,0.5,6.1,7.404,B
13.9,0,4.2,1.6,0.8,0.6,5.9,7.602,C
12.6,0.1,3.8,1.4,0.9,0.4,6.4,6.91,B
12.5,0.2,4.5,1.5,0.6,0.5,6.1,6.946,B
12.8,0.2,4.3,1.6,0.5,0.4,6.1,7.076,B
12.4,0.2,4.2,0.8,0.2,0.8,5.8,6.784,A
13.8,0.2,4.5,1.2,0.6,0.3,5.8,7.558,C
12.6,0.2,4.9,1.8,0.9,0.5,6.1,7.084,B
12.8,0,4.2,1.5,0.5,0.6,5.8,7.024,B
12.6,0,4.3,1.3,0.4,0.9,5.4,6.92,B
13.5,0,4.9,1.5,0.5,0.6,5.7,7.444,B
13.9,0,3.6,1.6,0.8,0.5,3.3,7.538,C
12.6,0,3.2,1.4,0.2,0.5,5.5,6.792,A
12.5,0,3.1,1.5,0.6,0.6,4.1,6.77,A
12.7,0.01,4.3,3.6,0.2,0.1,4.1,7.158,B
11.9,0.2,2.8,4.5,0.2,0.6,4.9,6.756,A
12.4,0.2,3.6,4.6,0.4,0.5,3.7,7.104,B
11.8,0,2.5,4.8,0.8,0.2,5.3,6.686,A
12.5,0,1.9,4.1,0.9,0.6,4.5,6.928,B
13.6,0,2.5,4.2,0.3,0.9,5.6,7.524,C
13.2,0,3.2,4.1,0.5,0.5,6.4,7.38,B
13.6,0.1,3.5,1.5,0.6,0.4,6.1,7.372,B
12.5,0.1,4.2,2.2,0.4,0.5,6.2,6.954,B
11.6,0.1,3.2,1.6,0.5,0.8,6.2,6.362,A
11.7,0.1,2.8,1.7,0.5,0.2,6.1,6.358,A
12.5,0.1,4.5,1.6,0.6,0.6,5.4,6.94,B
12.5,0.1,4.2,3.4,0.1,0.2,5.4,7.044,B
12.5,0,3.8,1.8,0.6,0.2,5.9,6.854,B
12.7,0,4.5,1.5,0.5,0.4,6.1,6.996,B
12.3,0,4.3,1.3,0.2,0.8,6.2,6.754,A
12.5,0,4.2,1.9,0.6,0.9,6.1,6.932,B
12.8,0,4.5,1.4,0.9,0.3,5.6,7.056,B
13.6,0.1,4.9,2.2,0.5,0.5,5.1,7.58,C
12.7,0.1,4.2,1.6,0.4,0.6,5.6,6.998,B
13.2,0.1,4.3,1.2,0.5,0.4,6.1,7.216,B
13.5,0.1,4.9,1.4,0.8,0.7,6.1,7.476,C
12.5,0.1,5.4,1.2,0.2,0.8,5.9,6.974,B
12.5,0.1,4.2,1.6,0.6,0.4,6.4,6.902,B
11.6,0,4.9,1.6,0.2,0.6,5.1,6.486,A
11.7,0,4.5,1.2,0.2,0.5,6.1,6.452,A
12.5,0,4.6,1.8,0.4,0.9,6.1,6.95,B
12.5,0,3.7,1.8,0.8,0.5,5.9,6.868,B
12.5,0,4.3,1.6,0.9,0.4,6.4,6.91,B
12.7,0,4.2,1.3,0.3,0.8,6.1,6.95,B
12.3,0,3.9,1.4,0.5,0.3,6.1,6.722,A
12.5,0,4.3,1.5,0.6,0.5,5.8,6.886,B
12.8,0,4.9,1.2,0.4,0.6,5.8,7.058,B
12.7,0,4.9,1.3,0.7,0.9,6.1,7.048,B
12.3,0,3.3,1.1,0.6,0.6,5.8,6.65,A
12.7,0,3.1,1.1,0.3,0.5,5.4,6.808,A
12.9,0.1,4.9,1.6,0.5,0.5,5.4,7.17,B
12.2,0,2.8,1.5,0.2,0.6,5.9,6.566,A
13.1,0,3.4,1.4,0.8,0.1,6.1,7.082,B
12.5,0,4.5,1.8,0.3,0.6,6.2,6.922,B
12.9,0,3.8,1.9,0.6,0.5,6.1,7.076,B
12.3,0,4.9,1.5,0.4,0.2,5.6,6.822,B
12.8,0,4.5,1.2,0.4,0.6,5.1,7.018,B
12.9,0,4.7,1.6,0.9,0.9,5.6,7.17,B
12.8,0,2.7,1.6,0.3,0.5,6.1,6.868,B
13.8,0.2,2.8,1.2,0.6,0.4,6.1,7.392,B
12.9,0,3.3,1.3,0.8,0.5,5.9,6.978,B
12.5,0,3.9,1.4,0.9,0.8,6.4,6.866,B
12.7,0,3.5,1.5,0.5,0.2,5.1,6.888,B
12.7,0,4.3,1.2,0.9,0.6,6.1,6.978,B
13.1,0.1,4.1,1.2,0.9,0.2,6.1,7.162,B
12.7,0.1,4.2,1.6,0.5,0.2,5.9,6.988,B
12.5,0,2.8,1.4,0.4,0.4,6.4,6.71,A
11.6,0,3.2,1.5,0.4,0.8,6.1,6.326,A
11.7,0,4.5,1.3,0.6,0.9,6.1,6.502,A
12.5,0.1,3.4,1.4,0.5,0.3,5.8,6.792,A
12.5,0,3.9,1.2,0.9,0.5,5.8,6.834,B
12.5,0.2,3.5,1.6,0.5,0.6,6.1,6.854,B
12.7,0,4.5,1.6,0.4,0.4,5.8,7,B
12.3,0,3.5,1.3,0.8,0.7,5.4,6.706,A
12.5,0,3.2,1.2,0.3,0.6,3.1,6.732,A
12.8,0,3.2,1.4,0.5,0.3,3.1,6.902,B
13,0,3.2,1.2,0.6,0.5,5.5,6.996,B
10.8,0,4.9,1.5,0.9,0.2,4.1,6.102,A
11.3,0,3.5,1.9,0.6,0.8,4.1,6.258,A
10.8,0,3.9,1.4,0.5,0.3,4.9,5.972,A
12.2,0,3.6,1.5,0.5,0.6,3.7,6.664,A
12.8,0,3.3,1.2,0.6,0.4,5.3,6.902,B
12.2,0.1,3.2,1.5,0.1,0.4,4.2,6.612,A
12.5,0.2,3.5,1.4,0.6,0.9,6.4,6.852,B
12.2,0.2,3.1,1.5,0.5,0.3,6.1,6.642,A
12.3,0.2,2.8,3.4,0.2,0.6,6.2,6.846,B
12.2,0.2,3.6,3.3,0.6,0.8,6.2,6.898,B
11.8,0.2,3.5,1.3,0.9,0.9,6.1,6.51,A
11.8,0,3.6,1.2,0.5,0.5,5.4,6.43,A
11.6,0,3.2,1.8,0.4,0.9,5.4,6.36,A
12.8,0,3.1,1.2,0.5,0.9,5.9,6.896,B
11.6,0,4.3,1.7,0.8,0.5,6.4,6.468,A
13.8,0,2.8,1.9,0.2,0.4,6.1,7.398,B
13.1,0,3.6,1.2,0.6,0.4,6.2,7.082,B
13.9,0.1,2.5,1.4,0.2,0.6,6.2,7.396,B
13.4,0.2,1.9,1.5,0.2,0.5,6.1,7.112,B
13.3,0.2,2.5,1.2,0.4,0.9,5.4,7.12,B
13.3,0,3.2,1.1,0.8,0.5,5.4,7.148,B
13.1,0,3.5,1,0.9,0.4,5.9,7.07,B
13.8,0,4.2,1.3,0.3,0.8,6.1,7.5,C
13.9,0,3.2,1.2,0.5,0.3,6.2,7.432,B
12.9,0,2.8,1.3,0.6,0.5,6.1,6.916,B
13.4,0,4.5,1.9,0.4,0.6,5.6,7.388,B
12.7,0,4.2,1.4,0.7,0.9,5.1,6.988,B
12.8,0,3.8,1.9,0.8,0.6,5.6,7.042,B
13.5,0.1,4.5,2.5,0.4,0.5,6.1,7.514,C
13.8,0.1,4.3,1.9,0.6,0.5,6.1,7.596,C
12.7,0,4.2,1.3,0.5,0.6,5.9,6.954,B
13.1,0,4.5,1.5,0.9,0.1,6.4,7.208,B
12.6,0,4.9,1.4,0.5,0.6,5.1,6.984,B
12.4,0,4.3,1.6,0.4,0.5,6.1,6.834,B
13.2,0,4.9,1.5,0.8,0.2,6.1,7.296,B
13.2,0,4.9,3.6,0.3,0.6,5.9,7.492,C
13.1,0,3.3,1.2,0.5,0.9,6.4,7.066,B
13.7,0,3.1,1.6,0.6,0.5,6.1,7.376,B
13.2,0,4.9,1.3,0.9,0.4,6.1,7.29,B
13.2,0,2.8,4.8,0.6,0.5,5.8,7.416,B
13.2,0.1,3.4,3.9,0.5,0.8,5.8,7.412,B
13.4,0,4.5,2.5,0.5,0.2,6.1,7.438,B
13.3,0,3.8,3.7,0.6,0.6,5.8,7.46,B
13.2,0,4.9,3.8,0.1,0.2,5.4,7.484,C
13.5,0,4.5,4.3,0.6,0.2,3.1,7.674,C
13.4,0,4.7,4.6,0.5,0.4,3.1,7.676,C
13.3,0,2.7,4.1,0.2,0.8,5.5,7.374,B
13.3,0,2.8,1.5,0.6,0.9,5.1,7.152,B
13.1,0.2,3.3,1.2,0.9,0.3,6.1,7.106,B
13.2,0,3.9,1.2,0.5,0.5,6.1,7.16,B
12.2,0.1,3.5,1.6,0.4,0.6,5.9,6.678,A
13.9,0.2,4.3,1.4,0.5,0.4,6.4,7.606,C
12.5,0.2,4.1,1.5,0.8,0.7,6.1,6.926,B
13.8,0.2,4.2,1.3,0.2,0.8,5.8,7.534,C
13.9,0.2,2.8,1.4,0.6,0.4,5.8,7.462,B
13.9,0.1,3.2,1.2,0.2,0.6,4.5,7.446,B
12.4,0.2,4.5,2.8,0.2,0.5,5.4,7.002,B
13.6,0.2,3.4,2.4,0.4,0.9,4.9,7.48,C
13.9,0.2,3.9,1.3,0.8,0.5,4.1,7.578,C
13.9,0.2,3.5,1.5,0.9,0.3,4.1,7.556,C
12.5,0,4.5,3.6,0.3,0.6,4.9,7.102,B
11.9,0,3.5,4.5,0.5,0.5,3.7,6.8,A
13.6,0,3.2,4.6,0.6,0.3,5.3,7.628,C
13.6,0.1,3.2,4.8,0.4,0.6,4.2,7.668,C
12.9,0,3.2,4.1,0.5,0.2,6.4,7.218,B
13.5,0,4.9,4.2,0.4,0.5,6.1,7.704,C
13.9,0,3.5,4.1,0.8,0.9,6.2,7.794,C
13.6,0.1,3.9,1.5,0.3,0.5,6.2,7.398,B
13.2,0,3.6,2.2,0.5,0.4,6.1,7.226,B
13.5,0,3.3,1.6,0.6,0.8,5.4,7.308,B
13.5,0.1,3.2,1.7,0.9,0.3,5.4,7.326,B
13.2,0.2,3.5,1.6,0.6,0.5,5.9,7.206,B
13.2,0,3.1,3.4,0.5,0.6,6.4,7.304,B
13.4,0,2.8,1.8,0.5,0.9,6.1,7.226,B
13.3,0,4.9,1.5,0.6,0.6,6.2,7.35,B
13.2,0,4.9,1.3,0.1,0.5,6.2,7.246,B
13.5,0.2,3.3,1.9,0.6,0.5,6.1,7.366,B
13.4,0,3.1,1.4,0.5,0.6,5.4,7.204,B
13.3,0.2,4.9,1.2,0.2,0.1,5.4,7.316,B
13.3,0.1,2.8,1.4,0.6,0.6,5.9,7.15,B
13.1,0.1,3.4,1.5,0.9,0.5,6.1,7.134,B
13.2,0,4.5,1.2,0.5,0.2,6.2,7.208,B
12.2,0.1,3.8,1.1,0.4,0.6,6.1,6.658,A
13.9,0,4.9,1,0.5,0.9,5.6,7.606,C
12.5,0,4.5,1.3,0.8,0.5,5.1,6.898,B
13.8,0.1,4.7,1.2,0.2,0.4,5.6,7.538,C
13.9,0,2.7,1.3,0.6,0.5,6.1,7.406,B
13.9,0,2.8,0.9,0.2,0.8,6.1,7.364,B
12.4,0,3.3,0.4,0.2,0.2,5.9,6.59,A
13.6,0,3.9,1.9,0.4,0.6,6.4,7.428,B
13.9,0,3.5,0.5,0.8,0.2,5.1,7.406,B
13.9,0.1,4.3,1.9,0.9,0.2,6.1,7.652,C
12.5,0.1,4.1,1.3,0.3,0.4,6.1,6.844,B
11.9,0,4.2,1.5,0.5,0.8,5.9,6.582,A
13.6,0,2.8,1.4,0.6,0.9,6.4,7.292,B
13.6,0,3.2,1.6,0.4,0.3,6.1,7.316,B
12.9,0.1,4.5,1.5,0.7,0.5,6.1,7.132,B
11.6,0,3.4,0.7,0.8,0.6,5.8,6.282,A
12.8,0.2,3.9,1.2,0.4,0.4,5.8,6.99,B
11.6,0,3.5,1.6,0.6,0.5,6.1,6.366,A
13.8,0,4.5,1.3,0.5,0.4,5.8,7.526,C
13.1,0,3.5,0.8,0.9,0.8,5.4,7.066,B
13.9,0,3.2,0.9,0.5,0.3,3.1,7.402,B
13.4,0,3.2,0.3,0.4,0.5,3.1,7.094,B
13.3,0,3.2,1.5,0.8,0.6,6.1,7.192,B
13.3,0,4.9,1.6,0.3,0.9,5.8,7.354,B
13.1,0,3.5,1.4,0.5,0.6,5.8,7.094,B
13.8,0,3.9,1.3,0.6,0.5,4.5,7.476,C
13.9,0,3.6,1.8,0.9,0.5,5.4,7.564,C
12.9,0.1,3.3,1,0.6,0.6,4.9,6.96,B
13.4,0.2,3.2,0.9,0.5,0.1,4.1,7.184,B
12.7,0.2,3.5,0.4,0.5,0.6,4.1,6.834,B
12.8,0.2,3.1,0.3,0.6,0.5,4.9,6.836,B
13.5,0.2,2.8,0.9,0.1,0.2,3.7,7.174,B
13.8,0.2,3.6,0.4,0.6,0.6,5.3,7.4,B
12.7,0,3.5,1.6,0.5,0.9,4.2,6.926,B
13.1,0,3.6,1.6,0.2,0.5,6.4,7.102,B
12.6,0,3.2,1.4,0.6,0.4,6.1,6.812,A
12.4,0,3.1,1.5,0.9,0.5,6.2,6.734,A
13.2,0,4.3,1.6,0.5,0.8,6.2,7.252,B
13.2,0,2.8,0.8,0.4,0.2,6.1,6.992,B
13.1,0.1,3.6,1.2,0.5,0.6,5.4,7.104,B
13.7,0.2,2.5,1.8,0.8,0.2,5.4,7.376,B
13.2,0.2,1.9,1.5,0.2,0.2,5.9,7,B
13.2,0,2.5,1.3,0.6,0.4,6.4,7.032,B
13.2,0,3.2,1.5,0.2,0.8,6.1,7.114,B
13.4,0,3.5,1.6,0.2,0.9,6.2,7.258,B
13.3,0,4.2,1.4,0.4,0.3,6.2,7.246,B
13.2,0,3.2,4.6,0.8,0.5,6.1,7.448,B
13.5,0,2.8,4.1,0.9,0.6,5.4,7.518,C
13.4,0.2,4.5,3.7,0.3,0.4,5.4,7.594,C
13.3,0,4.2,3.8,0.5,0.7,5.9,7.508,C
13.3,0,3.8,4.1,0.6,0.8,6.1,7.508,C
13.1,0,4.5,4.3,0.4,0.4,6.2,7.47,B
13.2,0,4.3,3.9,0.7,0.6,6.1,7.486,C
12.2,0.1,4.2,4.3,0.6,0.5,5.6,7.026,B
13.9,0.2,4.5,4.1,0.3,0.9,5.1,7.904,C
12.5,0.1,4.9,1.6,0.5,0.5,5.6,6.97,B
13.8,0,4.2,1.4,0.2,0.4,6.1,7.488,C
13.9,0,4.3,1.5,0.8,0.8,6.1,7.61,C
13.9,0,4.9,1.6,0.3,0.3,5.9,7.63,C
12.4,0,3.6,1.8,0.6,0.5,6.4,6.796,A
13.6,0,3.2,1.2,0.4,0.6,5.1,7.288,B
13.9,0,3.1,1.8,0.4,0.9,6.1,7.5,C
13.9,0.1,4.3,1.5,0.9,0.6,6.1,7.628,C
12.5,0,2.8,1.3,0.3,0.5,5.9,6.698,A
11.9,0,3.6,1.5,0.6,0.5,6.4,6.516,A
13.6,0,2.5,1.6,0.8,0.6,6.1,7.282,B
13.6,0,1.9,1.4,0.9,0.1,6.1,7.188,B
12.9,0,2.5,1.1,0.5,0.6,5.9,6.864,B
13.5,0,3.2,1.6,0.9,0.5,5.7,7.304,B
13.9,0.1,3.5,1.6,0.9,0.2,6.2,7.542,C
13.6,0.2,4.2,1.5,0.5,0.6,5.7,7.464,B
13.2,0,3.2,1.9,0.4,0.9,6.1,7.17,B
13.5,0.1,2.8,1.5,0.4,0.5,6.1,7.244,B
13.5,0.1,4.5,1.3,0.6,0.4,6.1,7.402,B
13.1,0.1,4.2,1.4,0.5,0.5,5.4,7.18,B
13.2,0,3.8,1.7,0.9,0.8,6.1,7.236,B
13.7,0,4.5,1.6,0.5,0.2,5.9,7.498,C
13.9,0,4.3,1.6,0.4,0.6,6.1,7.588,C
12.9,0.1,4.2,1.9,0.8,0.2,6.4,7.136,B
13.9,0.1,4.5,1.5,0.3,0.2,6.3,7.596,C
12.5,0.1,4.9,1.5,0.5,0.4,6.4,6.956,B
12.5,0,4.2,1.2,0.6,0.8,6.3,6.858,B
12.7,0,4.3,1.2,0.9,0.9,6.4,6.99,B
12.3,0,4.9,1.6,0.6,0.3,6.1,6.848,B
12.8,0.1,5.4,1.4,0.5,0.5,6.2,7.15,B
12.7,0,4.2,1.5,0.5,0.6,6.2,6.974,B
12.5,0.2,4.9,1.3,0.6,0.4,6.1,6.962,B
12.6,0.1,4.5,1.4,0.1,0.7,5.4,6.944,B
12.3,0.1,4.6,1.2,0.6,0.6,5.4,6.81,A
12.8,0,4.4,2.8,0.5,0.3,5.9,7.162,B
12.5,0,4.1,2.4,0.2,0.5,6.1,6.932,B
12.7,0,4.2,1.3,0.6,0.2,6.1,6.944,B
13.7,0.1,4.9,1.5,0.9,0.8,5.8,7.596,C
12.8,0,4.5,3.6,0.5,0.3,5.6,7.252,B
10.8,0.2,4.6,4.5,0.4,0.6,5.1,6.398,A
12.4,0,4.4,4.6,0.5,0.4,6.1,7.146,B
12.5,0,4.3,4.8,0.8,0.4,6.1,7.224,B
11.3,0,3.9,4.1,0.2,0.9,5.9,6.498,A
11.5,0.1,3.7,4.2,0.6,0.3,6.4,6.608,A
10.8,0.1,4.3,4.1,0.2,0.6,6.1,6.296,A
10.9,0,4.2,1.5,0.2,0.8,5.8,6.064,A
11.2,0,3.9,2.2,0.4,0.9,5.8,6.27,A
12.2,0,4.3,1.6,0.8,0.5,4.5,6.758,A
13.7,0.1,4.9,1.7,0.9,0.9,5.4,7.62,C
11.7,0,4.9,1.6,0.3,0.9,4.9,6.554,A
12.8,0.2,3.3,3.4,0.5,0.5,4.1,7.16,B
12.1,0,3.1,1.8,0.6,0.4,4.1,6.592,A
12.2,0,4.9,1.5,0.4,0.4,4.9,6.78,A
11.9,0.1,2.8,1.3,0.7,0.6,3.7,6.446,A
11.8,0.1,3.4,1.9,0.8,0.5,5.3,6.518,A
12.5,0,4.5,1.4,0.4,0.9,4.2,6.9,B
12.7,0,3.8,1.2,0.6,0.5,6.4,6.906,B
12.2,0,4.9,1.4,0.5,0.4,6.1,6.776,A
11.1,0.1,4.5,1.5,0.9,0.8,6.2,6.256,A
11.9,0,4.7,1.2,0.5,0.3,6.2,6.582,A
13.7,0.2,2.7,1.1,0.3,0.5,6.1,7.308,B
12.1,0.1,2.8,1,0.6,0.6,5.4,6.51,A
11.1,0.2,3.3,1.3,0.5,0.9,5.4,6.116,A
12.2,0.2,3.9,1.2,0.3,0.6,5.9,6.692,A
12.8,0.2,3.5,1.3,0.6,0.5,6.4,6.976,B
11.8,0.2,4.3,0.9,0.2,0.5,6.1,6.492,A
12.6,0.2,4.1,0.4,0.5,0.6,6.2,6.844,B
11.8,0,4.2,1.9,0.9,0.1,6.2,6.568,A
11.7,0,2.8,0.5,0.5,0.6,6.1,6.234,A
11.5,0,3.2,1.9,0.4,0.5,5.4,6.304,A
11.6,0,4.5,1.3,0.8,0.2,5.4,6.436,A
12.5,0,3.4,1.5,0.3,0.6,5.9,6.782,A
12.9,0,3.9,1.4,0.5,0.9,6.1,7.046,B
12.8,0.01,3.5,1.6,0.6,0.5,6.2,6.968,B
12.2,0.2,4.5,1.5,0.9,0.4,6.1,6.81,A
12.8,0.2,3.5,0.7,0.6,0.5,5.6,6.916,B
11.6,0,3.2,1.2,0.5,0.8,5.1,6.302,A
12.5,0,3.2,1.6,0.5,0.2,5.6,6.768,A
12.1,0,3.2,1.3,0.6,0.6,6.1,6.56,A
13.8,0,4.9,0.8,0.1,0.2,6.1,7.484,C
13.9,0.1,3.5,0.9,0.6,0.4,5.9,7.462,B
13.1,0.1,3.9,0.3,0.5,0.8,6.4,7.052,B
13.9,0,3.6,1.5,0.2,0.9,5.1,7.508,C
13.5,0,3.3,1.6,0.6,0.3,6.1,7.288,B
13.9,0,3.2,1.4,0.9,0.5,6.1,7.484,C
13.7,0.1,3.5,1.3,0.5,0.6,5.9,7.404,B
13.9,0,3.1,1.8,0.4,0.4,6.4,7.48,C
13.3,0.2,2.8,1,0.5,0.5,6.1,7.12,B
13.9,0,3.6,0.9,0.8,0.4,6.1,7.464,B
13.3,0,3.5,0.4,0.2,0.8,5.8,7.084,B
13.5,0,3.6,0.3,0.6,0.3,5.8,7.188,B
13.1,0,3.2,0.9,0.2,0.5,6.1,6.992,B
13.9,0,3.1,0.4,0.2,0.6,5.8,7.336,B
13.7,0,4.3,1.6,0.4,0.9,5.4,7.5,C
13.8,0.1,2.8,1.6,0.8,0.6,3.1,7.432,B
13.7,0.1,3.6,1.4,0.9,0.5,3.1,7.444,B
13.8,0,2.5,1.2,0.3,0.6,5.5,7.312,B
13.7,0,1.9,1.3,0.5,0.9,5.1,7.236,B
13.9,0,2.5,1.9,0.6,0.5,6.1,7.446,B
12.9,0.1,3.2,1.4,0.4,0.4,6.1,6.97,B
13.9,0,3.5,1.9,0.5,0.5,5.9,7.54,C
13.7,0.2,4.2,2.5,0.4,0.8,6.4,7.616,C
13.8,0,3.2,1.9,0.8,0.2,6.1,7.466,B
12.7,0,2.8,1.3,0.3,0.6,5.8,6.802,A
13.8,0,4.5,1.5,0.5,0.2,5.8,7.538,C
12.8,0,4.2,1.4,0.6,0.2,4.5,7.004,B
13.8,0.1,3.8,1.6,0.9,0.4,5.4,7.53,C
13.7,0,4.5,1.5,0.6,0.8,4.9,7.518,C
13.8,0,4.3,3.6,0.5,0.9,4.1,7.756,C
13.7,0,4.2,1.2,0.6,0.3,4.1,7.438,B
13.7,0.1,4.5,1.6,0.9,0.6,4.9,7.558,C
13.1,0,4.9,1.3,0.5,0.2,3.7,7.208,B
12.9,0.2,4.1,4.8,0.4,0.5,5.3,7.424,B
13,0,4.2,3.9,0.5,0.9,4.2,7.376,B
12.6,0,4.9,2.5,0.8,0.5,6.4,7.108,B
13.1,0.1,4.5,3.7,0.2,0.4,6.1,7.418,B
12.5,0.1,4.6,3.8,0.6,0.8,6.2,7.178,B
12.4,0,4.4,4.3,0.2,0.3,6.2,7.094,B
11.5,0.2,4.3,4.6,0.2,0.5,6.1,6.712,A
13.2,0,3.9,4.1,0.4,0.6,5.4,7.448,B
13.3,0.1,3.7,1.5,0.8,0.9,5.4,7.274,B
13.2,0,4.3,1.2,0.9,0.6,5.9,7.228,B
13.4,0.1,4.2,1.2,0.3,0.5,6.4,7.298,B
13.8,0.2,3.9,1.6,0.5,0.5,6.1,7.54,C
13.1,0.1,4.3,1.4,0.6,0.6,6.2,7.2,B
13.7,0,4.9,1.5,0.4,0.1,6.2,7.518,C
13.7,0.2,4.9,1.3,0.7,0.6,6.1,7.576,C
12.8,0,3.6,1.4,0.8,0.5,5.4,6.968,B
13.2,0,2.5,1.2,0.4,0.5,5.4,7.014,B
13.6,0.1,1.9,2.8,0.6,0.4,5.9,7.342,B
13.2,0.1,2.5,2.4,0.5,0.8,6.1,7.172,B
13.5,0,3.2,1.3,0.9,0.3,6.2,7.266,B
13.2,0,3.5,1.5,0.5,0.5,6.1,7.15,B
13.4,0,4.2,3.6,0.3,0.6,5.6,7.522,C
13.3,0.1,3.2,4.5,0.6,0.9,5.1,7.512,C
13.3,0,2.8,4.6,0.5,0.6,5.6,7.444,B
13.1,0,4.5,4.8,0.3,0.5,6.1,7.518,C
13.2,0.1,4.2,4.1,0.6,0.5,6.1,7.506,C
13.3,0.1,3.8,4.2,0.2,0.6,5.9,7.506,C
13.5,0,4.5,4.1,0.5,0.1,6.4,7.644,C
13.2,0,4.3,1.5,0.9,0.6,5.1,7.258,B
13.4,0,4.2,2.2,0.5,0.5,6.1,7.39,B
13.6,0.1,4.5,1.6,0.4,0.2,6.1,7.462,B
13.3,0,4.9,1.7,0.8,0.6,5.9,7.382,B
13.3,0.2,4.2,1.6,0.3,0.9,6.4,7.324,B
13.2,0,4.3,3.4,0.5,0.5,6.1,7.42,B
13.3,0,4.9,1.8,0.6,0.4,6.1,7.372,B
13.1,0,3.6,1.5,0.9,0.5,5.8,7.134,B
13.3,0,3.2,1.3,0.6,0.8,5.8,7.168,B
13.3,0,3.1,1.9,0.5,0.2,6.1,7.188,B
13.1,0,4.3,1.4,0.5,0.6,5.8,7.174,B
13.2,0,2.8,1.2,0.6,0.2,5.4,7.044,B
13.3,0,3.6,1.4,0.1,0.2,3.1,7.164,B
12.2,0,2.5,1.5,0.6,0.4,3.1,6.552,A
12.7,0,1.9,1.2,0.5,0.8,6.1,6.722,A
13.4,0.1,2.5,1.1,0.2,0.9,5.8,7.128,B
13.9,0.2,3.2,1,0.6,0.3,5.8,7.458,B
11.4,0.2,3.5,1.3,0.9,0.5,4.5,6.294,A
12.5,0.2,4.2,1.2,0.5,0.6,5.4,6.884,B
13.8,0.2,3.2,1.3,0.4,0.4,4.9,7.43,B
13.6,0.2,2.8,0.9,0.5,0.5,4.1,7.26,B
13.5,0,4.5,0.4,0.8,0.4,4.1,7.304,B
13.9,0,4.2,1.9,0.2,0.8,4.9,7.604,C
13.3,0,3.8,0.5,0.6,0.3,3.7,7.128,B
12.5,0,4.5,1.9,0.2,0.5,5.3,6.922,B
12.8,0,4.3,1.3,0.2,0.6,4.2,6.996,B
12.4,0,4.2,1.5,0.4,0.3,6.4,6.806,A
13.8,0.01,4.5,1.4,0.8,0.6,6.1,7.564,C
13.3,0.2,4.9,1.6,0.9,0.2,6.2,7.402,B
12.8,0.2,4.2,1.5,0.3,0.5,6.2,7.048,B
13.3,0,4.3,0.7,0.5,0.9,6.1,7.216,B
13.5,0,4.9,1.2,0.6,0.5,5.4,7.416,B
13.9,0,5.4,1.6,0.4,0.4,5.4,7.69,C
13.3,0,4.2,1.3,0.5,0.8,5.9,7.262,B
12.5,0,4.9,0.8,0.4,0.3,6.4,6.856,B
12.7,0.2,4.5,0.9,0.8,0.5,6.1,6.998,B
11.9,0.1,4.6,0.3,0.3,0.6,6.2,6.502,A
12.4,0.1,4.4,1.5,0.5,0.9,6.2,6.876,B
11.8,0.1,4.1,1.6,0.6,0.6,6.1,6.55,A
12.5,0.2,4.2,1.4,0.9,0.5,5.4,6.924,B
13.6,0,4.9,1.3,0.6,0.5,5.4,7.476,C
13.2,0,4.5,1.8,0.5,0.6,5.9,7.284,B
13.6,0.1,4.6,1,0.9,0.1,6.1,7.438,B
13.3,0.2,4.4,0.9,0.5,0.6,6.2,7.274,B
12.9,0,4.3,0.4,0.4,0.5,6.1,6.964,B
13.2,0,3.9,0.3,0.8,0.2,5.6,7.076,B
12.9,0,5.4,0.9,0.3,0.6,5.1,7.122,B
13.5,0.1,4.2,0.4,0.5,0.5,5.6,7.28,B
12.5,0,4.9,1.6,0.6,0.9,6.1,6.972,B
13.8,0,4.5,1.6,0.9,0.9,6.1,7.6,C
13.3,0.1,4.6,1.4,0.6,0.8,5.9,7.338,B
12.5,0,4.4,1.5,0.5,0.2,6.4,6.878,B
12.4,0,4.1,1.6,0.5,0.6,5.1,6.824,B
13.6,0.1,4.2,0.8,0.6,0.5,6.1,7.376,B
13.3,0.1,4.9,1.2,0.1,0.4,6.1,7.302,B
13.2,0.1,4.5,1.8,0.6,0.3,5.9,7.298,B
13.5,0.1,4.6,1.5,0.5,0.5,6.4,7.43,B
12.5,0.2,4.4,1.3,0.2,0.9,6.1,6.908,B
13.3,0,4.3,1.5,0.6,0.5,6.1,7.286,B
13.3,0.2,3.9,1.6,0.9,0.4,5.8,7.31,B
13.1,0.1,3.7,1.4,0.5,0.8,5.8,7.142,B
13.1,0.2,4.3,4.6,0.4,0.3,6.1,7.516,C
13.3,0.1,4.2,4.1,0.5,0.5,5.8,7.55,C
12.3,0,3.9,3.7,0.8,0.6,5.4,6.982,B
12.3,0,4.1,3.8,0.2,0.9,3.1,6.988,B
12.7,0.1,4.1,4.1,0.6,0.6,3.1,7.25,B
12.4,0,4.1,4.3,0.2,0.5,5.5,7.072,B
12.5,0,4.1,3.9,0.2,0.5,5.1,7.082,B
13.3,0.1,4.2,4.3,0.4,0.6,6.1,7.568,C
12.3,0.1,4.2,4.1,0.8,0.1,6.1,7.052,B
13.3,0.1,4.5,1.6,0.9,0.6,5.9,7.358,B
12.9,0.1,4.9,1.4,0.3,0.5,6.4,7.138,B
12.2,0.2,4.2,1.5,0.5,0.9,6.1,6.776,A
13.1,0,4.3,1.6,0.6,0.1,5.8,7.18,B
13.4,0.2,4.9,1.8,0.4,0.1,4.6,7.438,B
